,Session,TrialEvents,Wheel,leftVideo,rightVideo,bodyVideo,leftDLC,rightDLC,bodyDLC
0,6713a4a7-faed-4df2-acab-ee4e63326f8d,PASS,PASS,NOT_COMPUTED,NOT_COMPUTED,NOT_COMPUTED,FAIL,FAIL,FAIL
1,56956777-dca5-468c-87cb-78150432cc57,PASS,PASS,WARNING,FAIL,FAIL,FAIL,FAIL,FAIL
2,a8a8af78-16de-4841-ab07-fde4b5281a03,PASS,PASS,WARNING,FAIL,FAIL,FAIL,FAIL,FAIL
3,032ffcdf-7692-40b3-b9ff-8def1fc18b2e,PASS,PASS,WARNING,FAIL,FAIL,FAIL,FAIL,FAIL
4,8c33abef-3d3e-4d42-9f27-445e9def08f9,PASS,PASS,FAIL,FAIL,FAIL,FAIL,FAIL,FAIL
5,ebe2efe3-e8a1-451a-8947-76ef42427cc9,PASS,PASS,FAIL,FAIL,FAIL,FAIL,FAIL,FAIL
6,77e6dc6a-66ed-433c-b1a2-778c914f523c,PASS,PASS,FAIL,FAIL,WARNING,FAIL,FAIL,PASS
7,5569f363-0934-464e-9a5b-77c8e67791a1,PASS,PASS,FAIL,FAIL,WARNING,FAIL,FAIL,PASS
8,7af49c00-63dd-4fed-b2e0-1b3bd945b20b,PASS,PASS,WARNING,FAIL,WARNING,PASS,FAIL,PASS
9,f88d4dd4-ccd7-400e-9035-fa00be3bcfa8,PASS,PASS,WARNING,WARNING,WARNING,PASS,PASS,PASS
10,83d85891-bd75-4557-91b4-1cbb5f8bfc9d,PASS,PASS,WARNING,WARNING,WARNING,PASS,PASS,PASS
11,aec5d3cc-4bb2-4349-80a9-0395b76f04e2,PASS,PASS,WARNING,WARNING,WARNING,PASS,PASS,PASS
12,21d21fc3-4201-4edc-802a-c67b61952548,PASS,PASS,WARNING,WARNING,WARNING,FAIL,PASS,PASS
13,6ed57216-498d-48a6-b48b-a243a34710ea,PASS,PASS,WARNING,WARNING,WARNING,FAIL,FAIL,PASS
14,35ed605c-1a1a-47b1-86ff-2b56144f55af,PASS,PASS,WARNING,WARNING,WARNING,FAIL,FAIL,PASS
15,fa1f26a1-eb49-4b24-917e-19f02a18ac61,PASS,PASS,WARNING,WARNING,WARNING,FAIL,FAIL,PASS
16,ee212778-3903-4f5b-ac4b-a72f22debf03,PASS,PASS,FAIL,WARNING,WARNING,PASS,FAIL,PASS
17,91a3353a-2da1-420d-8c7c-fad2fedfdd18,PASS,PASS,WARNING,WARNING,WARNING,FAIL,PASS,PASS
18,5157810e-0fff-4bcf-b19d-32d4e39c7dfc,PASS,PASS,WARNING,WARNING,WARNING,WARNING,FAIL,PASS
19,8ca740c5-e7fe-430a-aa10-e74e9c3cbbe8,PASS,PASS,PASS,FAIL,WARNING,WARNING,FAIL,PASS
20,71855308-7e54-41d7-a7a4-b042e78e3b4f,PASS,PASS,WARNING,WARNING,WARNING,PASS,FAIL,PASS
21,f359281f-6941-4bfd-90d4-940be22ed3c3,PASS,PASS,PASS,WARNING,WARNING,PASS,FAIL,PASS
22,51e53aff-1d5d-4182-a684-aba783d50ae5,PASS,PASS,WARNING,PASS,WARNING,PASS,WARNING,PASS
23,537677fe-1e24-4755-948c-fa4a4e8ecce5,PASS,PASS,WARNING,PASS,WARNING,PASS,PASS,PASS
24,5bcafa14-71cb-42fa-8265-ce5cda1b89e0,PASS,PASS,WARNING,WARNING,WARNING,PASS,WARNING,PASS
25,d32876dd-8303-4720-8e7e-20678dc2fd71,PASS,PASS,PASS,WARNING,WARNING,PASS,PASS,PASS
26,72982282-e493-45ee-87ce-aa45cb3a3ec1,PASS,PASS,PASS,WARNING,WARNING,PASS,PASS,PASS
27,6434f2f5-6bce-42b8-8563-d93d493613a2,PASS,PASS,WARNING,WARNING,WARNING,PASS,PASS,PASS
28,64e3fb86-928c-4079-865c-b364205b502e,PASS,PASS,WARNING,WARNING,WARNING,PASS,WARNING,PASS
29,15948667-747b-4702-9d53-354ac70e9119,PASS,PASS,WARNING,FAIL,WARNING,PASS,FAIL,PASS
30,288bfbf3-3700-4abe-b6e4-130b5c541e61,PASS,PASS,PASS,WARNING,WARNING,PASS,PASS,PASS
31,fc43390d-457e-463a-9fd4-b94a0a8b48f5,PASS,PASS,PASS,PASS,WARNING,PASS,FAIL,PASS
32,a405053a-eb13-4aa4-850c-5a337e5dc7fd,PASS,PASS,WARNING,WARNING,WARNING,FAIL,FAIL,PASS
33,93ad879a-aa42-4150-83e1-38773c9785e4,PASS,PASS,WARNING,PASS,WARNING,WARNING,FAIL,PASS
34,3d59aa1a-b4ba-47fe-b9cf-741b5fdb0c7b,PASS,PASS,WARNING,WARNING,WARNING,PASS,FAIL,PASS
35,034e726f-b35f-41e0-8d6c-a22cc32391fb,PASS,PASS,WARNING,WARNING,WARNING,FAIL,PASS,PASS
36,dfd8e7df-dc51-4589-b6ca-7baccfeb94b4,PASS,PASS,WARNING,WARNING,WARNING,PASS,PASS,PASS
37,fa704052-147e-46f6-b190-a65b837e605e,PASS,PASS,WARNING,WARNING,WARNING,PASS,PASS,PASS
38,46794e05-3f6a-4d35-afb3-9165091a5a74,PASS,PASS,WARNING,WARNING,WARNING,PASS,WARNING,PASS
39,7939711b-8b4d-4251-b698-b97c1eaa846e,PASS,PASS,FAIL,WARNING,WARNING,PASS,PASS,PASS
40,b52182e7-39f6-4914-9717-136db589706e,PASS,PASS,WARNING,WARNING,WARNING,PASS,PASS,PASS
41,2d5f6d81-38c4-4bdc-ac3c-302ea4d5f46e,PASS,PASS,WARNING,WARNING,WARNING,PASS,PASS,PASS
42,4b7fbad4-f6de-43b4-9b15-c7c7ef44db4b,PASS,PASS,PASS,WARNING,FAIL,FAIL,FAIL,FAIL
43,c99d53e6-c317-4c53-99ba-070b26673ac4,PASS,PASS,WARNING,WARNING,WARNING,PASS,PASS,PASS
44,d839491f-55d8-4cbe-a298-7839208ba12b,PASS,PASS,WARNING,WARNING,WARNING,PASS,PASS,PASS
45,ecb5520d-1358-434c-95ec-93687ecd1396,PASS,PASS,WARNING,WARNING,WARNING,PASS,PASS,PASS
46,3663d82b-f197-4e8b-b299-7b803a155b84,PASS,PASS,WARNING,WARNING,WARNING,PASS,PASS,PASS
47,5386aba9-9b97-4557-abcd-abc2da66b863,PASS,PASS,WARNING,WARNING,PASS,FAIL,WARNING,PASS
48,83e77b4b-dfa0-4af9-968b-7ea0c7a0c7e4,PASS,PASS,WARNING,WARNING,WARNING,FAIL,FAIL,FAIL
49,4b00df29-3769-43be-bb40-128b1cba6d35,PASS,PASS,WARNING,WARNING,WARNING,WARNING,PASS,PASS
50,12dc8b34-b18e-4cdd-90a9-da134a9be79c,PASS,PASS,WARNING,WARNING,WARNING,WARNING,PASS,PASS
51,0deb75fb-9088-42d9-b744-012fb8fc4afb,PASS,PASS,WARNING,WARNING,WARNING,FAIL,PASS,PASS
52,eef82e27-c20e-48da-b4b7-c443031649e3,PASS,PASS,WARNING,WARNING,WARNING,WARNING,PASS,PASS
53,810b1e07-009e-4ebe-930a-915e4cd8ece4,PASS,PASS,WARNING,WARNING,WARNING,WARNING,PASS,PASS
54,a71175be-d1fd-47a3-aa93-b830ea3634a1,PASS,PASS,WARNING,WARNING,WARNING,PASS,PASS,PASS
55,0cbeae00-e229-4b7d-bdcc-1b0569d7e0c3,PASS,PASS,WARNING,WARNING,PASS,FAIL,FAIL,PASS
56,f312aaec-3b6f-44b3-86b4-3a0c119c0438,PASS,PASS,WARNING,WARNING,WARNING,PASS,PASS,PASS
57,fb70ebf7-8175-42b0-9b7a-7c6e8612226e,PASS,PASS,WARNING,WARNING,WARNING,PASS,PASS,PASS
58,28741f91-c837-4147-939e-918d38d849f2,PASS,PASS,WARNING,WARNING,WARNING,PASS,PASS,PASS
59,d2f5a130-b981-4546-8858-c94ae1da75ff,PASS,PASS,WARNING,WARNING,WARNING,WARNING,PASS,PASS
60,57b5ae8f-d446-4161-b439-b191c5e3e77b,PASS,PASS,WARNING,WARNING,WARNING,PASS,PASS,PASS
61,dda5fc59-f09a-4256-9fb5-66c67667a466,PASS,PASS,WARNING,WARNING,WARNING,PASS,PASS,PASS
62,d16a9a8d-5f42-4b49-ba58-1746f807fcc1,PASS,PASS,WARNING,WARNING,WARNING,PASS,WARNING,PASS
63,37e96d0b-5b4b-4c6e-9b29-7edbdc94bbd0,PASS,PASS,WARNING,WARNING,WARNING,PASS,PASS,PASS
64,2e6e179c-fccc-4e8f-9448-ce5b6858a183,PASS,PASS,PASS,WARNING,WARNING,PASS,FAIL,PASS
65,1191f865-b10a-45c8-9c48-24a980fd9402,PASS,PASS,WARNING,WARNING,WARNING,PASS,PASS,PASS
66,f10efe41-0dc0-44d0-8f26-5ff68dca23e9,PASS,PASS,WARNING,WARNING,WARNING,PASS,PASS,PASS
67,6364ff7f-6471-415a-ab9e-632a12052690,PASS,PASS,WARNING,PASS,WARNING,PASS,PASS,PASS
68,7be8fec4-406b-4e74-8548-d2885dcc3d5e,PASS,PASS,WARNING,WARNING,PASS,PASS,PASS,PASS
69,d57df551-6dcb-4242-9c72-b806cff5613a,PASS,PASS,FAIL,WARNING,FAIL,FAIL,FAIL,FAIL
70,19e66dc9-bf9f-430b-9d6a-acfa85de6fb7,PASS,PASS,MISSING,MISSING,MISSING,MISSING,MISSING,MISSING
71,824cf03d-4012-4ab1-b499-c83a92c5589e,PASS,PASS,WARNING,WARNING,WARNING,FAIL,FAIL,PASS
72,1f095590-6669-46c9-986b-ccaf0620c5e9,PASS,PASS,WARNING,WARNING,WARNING,PASS,FAIL,PASS
73,03d9a098-07bf-4765-88b7-85f8d8f620cc,PASS,PASS,WARNING,WARNING,WARNING,FAIL,FAIL,PASS
74,0c828385-6dd6-4842-a702-c5075f5f5e81,PASS,PASS,MISSING,MISSING,MISSING,MISSING,MISSING,MISSING
75,bb099402-fb31-4cfd-824e-1c97530a0875,PASS,PASS,WARNING,WARNING,WARNING,FAIL,FAIL,PASS
76,111c1762-7908-47e0-9f40-2f2ee55b6505,PASS,PASS,WARNING,FAIL,WARNING,PASS,FAIL,PASS
77,5455a21c-1be7-4cae-ae8e-8853a8d5f55e,PASS,PASS,MISSING,MISSING,MISSING,MISSING,MISSING,MISSING
78,32d27583-56aa-4510-bc03-669036edad20,PASS,PASS,WARNING,WARNING,WARNING,PASS,FAIL,PASS
79,8a3a0197-b40a-449f-be55-c00b23253bbf,PASS,PASS,MISSING,MISSING,MISSING,MISSING,MISSING,MISSING
80,ebc9392c-1ecb-4b4b-a545-4e3d70d23611,PASS,PASS,WARNING,WARNING,WARNING,PASS,WARNING,PASS
81,19b44992-d527-4a12-8bda-aa11379cb08c,PASS,PASS,MISSING,MISSING,MISSING,MISSING,MISSING,MISSING
82,3537d970-f515-4786-853f-23de525e110f,PASS,PASS,WARNING,WARNING,FAIL,FAIL,PASS,PASS
83,6f36868f-5cc1-450c-82fa-6b9829ce0cfe,PASS,PASS,FAIL,WARNING,WARNING,FAIL,FAIL,PASS
84,f99ac31f-171b-4208-a55d-5644c0ad51c3,PASS,PASS,WARNING,WARNING,WARNING,PASS,FAIL,PASS
85,e2b845a1-e313-4a08-bc61-a5f662ed295e,PASS,PASS,FAIL,WARNING,WARNING,FAIL,FAIL,PASS
86,2bdf206a-820f-402f-920a-9e86cd5388a4,PASS,PASS,WARNING,WARNING,WARNING,FAIL,PASS,PASS
87,fa8ad50d-76f2-45fa-a52f-08fe3d942345,PASS,PASS,MISSING,MISSING,MISSING,MISSING,MISSING,MISSING
88,8d316998-28c3-4265-b029-e2ca82375b2f,PASS,PASS,WARNING,FAIL,WARNING,PASS,FAIL,PASS
89,bda2faf5-9563-4940-a80f-ce444259e47b,PASS,PASS,WARNING,FAIL,WARNING,PASS,FAIL,PASS
90,16693458-0801-4d35-a3f1-9115c7e5acfd,PASS,PASS,NOT_COMPUTED,NOT_COMPUTED,NOT_COMPUTED,PASS,FAIL,PASS
91,e1931de1-cf7b-49af-af33-2ade15e8abe7,PASS,PASS,WARNING,WARNING,WARNING,PASS,PASS,PASS
92,b9c205c3-feac-485b-a89d-afc96d9cb280,PASS,PASS,WARNING,WARNING,PASS,PASS,PASS,PASS
93,6cf2a88a-515b-4f7f-89a2-7d53eab9b5f4,PASS,PASS,WARNING,WARNING,WARNING,FAIL,PASS,PASS
94,16c3667b-e0ea-43fb-9ad4-8dcd1e6c40e1,PASS,PASS,WARNING,WARNING,WARNING,FAIL,PASS,PASS
95,dd87e278-999d-478b-8cbd-b5bf92b84763,PASS,PASS,WARNING,WARNING,WARNING,FAIL,PASS,PASS
96,15f742e1-1043-45c9-9504-f1e8a53c1744,PASS,PASS,WARNING,WARNING,WARNING,PASS,PASS,PASS
97,a4000c2f-fa75-4b3e-8f06-a7cf599b87ad,PASS,PASS,WARNING,WARNING,PASS,PASS,PASS,PASS
98,cc45c568-c3b9-4f74-836e-c87762e898c8,PASS,PASS,NOT_COMPUTED,NOT_COMPUTED,NOT_COMPUTED,PASS,PASS,PASS
99,a92c4b1d-46bd-457e-a1f4-414265f0e2d4,PASS,PASS,WARNING,WARNING,PASS,PASS,PASS,PASS
100,aad23144-0e52-4eac-80c5-c4ee2decb198,PASS,PASS,WARNING,WARNING,PASS,PASS,PASS,PASS
101,8c552ddc-813e-4035-81cc-3971b57efe65,PASS,PASS,WARNING,WARNING,WARNING,FAIL,PASS,PASS
102,07dc4b76-5b93-4a03-82a0-b3d9cc73f412,PASS,PASS,WARNING,WARNING,WARNING,FAIL,PASS,PASS
103,9468fa93-21ae-4984-955c-e8402e280c83,PASS,PASS,PASS,WARNING,WARNING,FAIL,PASS,FAIL
104,e5c75b62-6871-4135-b3d0-f6464c2d90c0,PASS,PASS,WARNING,WARNING,WARNING,FAIL,PASS,PASS
105,a6fe44a8-07ab-49b8-81f9-e18575aa85cc,PASS,PASS,WARNING,WARNING,WARNING,PASS,PASS,PASS
106,781b35fd-e1f0-4d14-b2bb-95b7263082bb,PASS,PASS,PASS,WARNING,WARNING,FAIL,PASS,PASS
107,571d3ffe-54a5-473d-a265-5dc373eb7efc,PASS,PASS,MISSING,MISSING,MISSING,MISSING,MISSING,MISSING
108,0ac8d013-b91e-4732-bc7b-a1164ff3e445,PASS,PASS,WARNING,WARNING,WARNING,FAIL,PASS,PASS
109,69c9a415-f7fa-4208-887b-1417c1479b48,PASS,PASS,WARNING,WARNING,WARNING,FAIL,PASS,PASS
110,dfbe628d-365b-461c-a07f-8b9911ba83aa,PASS,PASS,WARNING,WARNING,WARNING,FAIL,PASS,PASS
111,aa3432cd-62bd-40bc-bc1c-a12d53bcbdcf,PASS,PASS,WARNING,WARNING,WARNING,FAIL,PASS,PASS
112,0a018f12-ee06-4b11-97aa-bbbff5448e9f,PASS,PASS,PASS,WARNING,WARNING,PASS,PASS,PASS
113,4503697e-af44-47d9-898d-4924be990240,PASS,PASS,WARNING,WARNING,WARNING,PASS,PASS,PASS
114,7082d8ff-255a-47d7-a839-bf093483ec30,PASS,PASS,MISSING,MISSING,MISSING,MISSING,MISSING,MISSING
115,ac7d3064-7f09-48a3-88d2-e86a4eb86461,PASS,PASS,MISSING,MISSING,MISSING,MISSING,MISSING,MISSING
116,b22f694e-4a34-4142-ab9d-2556c3487086,PASS,PASS,WARNING,WARNING,WARNING,PASS,PASS,PASS
117,872ce8ff-9fb3-485c-be00-bc5479e0095b,PASS,PASS,MISSING,MISSING,MISSING,MISSING,MISSING,MISSING
118,1b715600-0cbc-442c-bd00-5b0ac2865de1,PASS,PASS,WARNING,PASS,PASS,PASS,FAIL,PASS
119,e45481fa-be22-4365-972c-e7404ed8ab5a,PASS,PASS,WARNING,WARNING,WARNING,FAIL,FAIL,PASS
120,ffef0311-8ffa-49e3-a857-b3adf6d86e12,PASS,PASS,WARNING,WARNING,WARNING,PASS,PASS,PASS
121,78b4fff5-c5ec-44d9-b5f9-d59493063f00,PASS,PASS,WARNING,WARNING,WARNING,PASS,FAIL,PASS
122,196a2adf-ff83-49b2-823a-33f990049c2e,PASS,PASS,WARNING,MISSING,MISSING,NOT_COMPUTED,MISSING,MISSING
123,6b0b5d24-bcda-4053-a59c-beaa1fe03b8f,PASS,PASS,PASS,PASS,WARNING,FAIL,FAIL,PASS
124,752456f3-9f47-4fbf-bd44-9d131c0f41aa,PASS,PASS,PASS,WARNING,WARNING,FAIL,FAIL,PASS
125,3f859b5c-e73a-4044-b49e-34bb81e96715,PASS,PASS,WARNING,FAIL,WARNING,FAIL,FAIL,PASS
126,c8d46ee6-eb68-4535-8756-7c9aa32f10e4,PASS,PASS,FAIL,FAIL,WARNING,FAIL,FAIL,PASS
127,1b9e349e-93f2-41cc-a4b5-b212d7ddc8df,PASS,PASS,WARNING,WARNING,WARNING,PASS,FAIL,PASS
128,f819d499-8bf7-4da0-a431-15377a8319d5,PASS,PASS,FAIL,WARNING,WARNING,PASS,FAIL,PASS
129,8928f98a-b411-497e-aa4b-aa752434686d,PASS,PASS,WARNING,WARNING,WARNING,PASS,FAIL,PASS
130,446f4724-1690-49f9-819a-2bd8e2ea88ce,PASS,PASS,WARNING,WARNING,WARNING,FAIL,FAIL,PASS
131,a2701b93-d8e1-47e9-a819-f1063046f3e7,PASS,PASS,PASS,WARNING,WARNING,PASS,FAIL,PASS
132,0f25376f-2b78-4ddc-8c39-b6cdbe7bf5b9,PASS,PASS,WARNING,WARNING,PASS,PASS,PASS,PASS
133,ee13c19e-2790-4418-97ca-48f02e8013bb,PASS,PASS,WARNING,WARNING,PASS,PASS,PASS,PASS
134,db4df448-e449-4a6f-a0e7-288711e7a75a,PASS,PASS,WARNING,WARNING,PASS,WARNING,PASS,PASS
135,3dd347df-f14e-40d5-9ff2-9c49f84d2157,PASS,PASS,WARNING,WARNING,PASS,FAIL,PASS,PASS
136,3c851386-e92d-4533-8d55-89a46f0e7384,PASS,PASS,WARNING,PASS,PASS,PASS,PASS,PASS
137,158d5d35-a2ab-4a76-87b0-51048c5d5283,PASS,PASS,WARNING,PASS,PASS,FAIL,PASS,PASS
138,30e5937e-e86a-47e6-93ae-d2ae3877ff8e,PASS,PASS,WARNING,WARNING,PASS,FAIL,PASS,PASS
139,413a6825-2144-4a50-b3fc-cf38ddd6fd1a,PASS,PASS,PASS,WARNING,PASS,FAIL,PASS,PASS
140,a19c7a3a-7261-42ce-95d5-1f4ca46007ed,PASS,PASS,WARNING,WARNING,PASS,FAIL,PASS,PASS
141,e5c772cd-9c92-47ab-9525-d618b66a9b5d,PASS,PASS,WARNING,WARNING,PASS,WARNING,WARNING,PASS
142,6668c4a0-70a4-4012-a7da-709660971d7a,PASS,PASS,WARNING,PASS,PASS,PASS,FAIL,PASS
143,4fa70097-8101-4f10-b585-db39429c5ed0,PASS,PASS,WARNING,WARNING,PASS,WARNING,PASS,PASS
144,90d1e82c-c96f-496c-ad4e-ee3f02067f25,PASS,PASS,WARNING,WARNING,PASS,PASS,PASS,PASS
145,bb6a5aae-2431-401d-8f6a-9fdd6de655a9,PASS,PASS,WARNING,PASS,PASS,WARNING,PASS,PASS
146,931a70ae-90ee-448e-bedb-9d41f3eda647,PASS,PASS,WARNING,WARNING,PASS,FAIL,PASS,PASS
147,02fbb6da-3034-47d6-a61b-7d06c796a830,PASS,PASS,WARNING,WARNING,PASS,PASS,PASS,PASS
148,7bee9f09-a238-42cf-b499-f51f765c6ded,PASS,PASS,WARNING,WARNING,PASS,FAIL,PASS,PASS
149,36280321-555b-446d-9b7d-c2e17991e090,PASS,PASS,WARNING,WARNING,PASS,WARNING,PASS,PASS
150,741979ce-3f10-443a-8526-2275620c8473,PASS,PASS,WARNING,WARNING,PASS,FAIL,PASS,PASS
151,cf43dbb1-6992-40ec-a5f9-e8e838d0f643,PASS,PASS,WARNING,WARNING,PASS,FAIL,PASS,PASS
152,2f63c555-eb74-4d8d-ada5-5c3ecf3b46be,PASS,PASS,WARNING,WARNING,PASS,FAIL,PASS,PASS
153,9a629642-3a9c-42ed-b70a-532db0e86199,PASS,PASS,FAIL,FAIL,FAIL,FAIL,FAIL,FAIL
154,e535fb62-e245-4a48-b119-88ce62a6fe67,PASS,PASS,PASS,PASS,PASS,PASS,FAIL,PASS
155,f25642c6-27a5-4a97-9ea0-06652db79fbd,PASS,PASS,WARNING,WARNING,PASS,PASS,FAIL,PASS
156,4720c98a-a305-4fba-affb-bbfa00a724a4,PASS,PASS,WARNING,WARNING,PASS,PASS,FAIL,PASS
157,7622da34-51b6-4661-98ae-a57d40806008,PASS,PASS,WARNING,WARNING,PASS,PASS,FAIL,PASS
158,b658bc7d-07cd-4203-8a25-7b16b549851b,PASS,PASS,WARNING,WARNING,PASS,PASS,FAIL,PASS
159,bd456d8f-d36e-434a-8051-ff3997253802,PASS,PASS,WARNING,WARNING,PASS,PASS,FAIL,PASS
160,ee8b36de-779f-4dea-901f-e0141c95722b,PASS,PASS,WARNING,WARNING,PASS,PASS,FAIL,PASS
161,b39752db-abdb-47ab-ae78-e8608bbf50ed,PASS,PASS,PASS,WARNING,PASS,PASS,FAIL,PASS
162,5339812f-8b91-40ba-9d8f-a559563cc46b,PASS,PASS,PASS,WARNING,WARNING,PASS,FAIL,PASS
163,d23a44ef-1402-4ed7-97f5-47e9a7a504d9,PASS,PASS,PASS,PASS,WARNING,PASS,FAIL,PASS
164,c3d9b6fb-7fa9-4413-a364-92a54df0fc5d,PASS,PASS,WARNING,WARNING,WARNING,PASS,PASS,PASS
165,aa20388b-9ea3-4506-92f1-3c2be84b85db,PASS,PASS,WARNING,WARNING,WARNING,PASS,PASS,PASS
166,251ece37-7798-477c-8a06-2845d4aa270c,PASS,PASS,PASS,PASS,PASS,PASS,PASS,PASS
167,54238fd6-d2d0-4408-b1a9-d19d24fd29ce,PASS,PASS,WARNING,WARNING,WARNING,PASS,PASS,PASS
168,e8b4fda3-7fe4-4706-8ec2-91036cfee6bd,PASS,PASS,WARNING,WARNING,WARNING,PASS,PASS,PASS
169,cde63527-7f5a-4cc3-8ac2-215d82e7da26,PASS,PASS,WARNING,WARNING,WARNING,PASS,PASS,PASS
170,4a45c8ba-db6f-4f11-9403-56e06a33dfa4,PASS,PASS,PASS,WARNING,WARNING,FAIL,PASS,PASS
171,f7335a49-4a98-46d2-a8ce-d041d2eac1d6,PASS,PASS,WARNING,WARNING,WARNING,FAIL,PASS,PASS
172,9eec761e-9762-4897-b308-a3a08c311e69,PASS,PASS,WARNING,WARNING,PASS,FAIL,PASS,PASS
173,9fe512b8-92a8-4642-83b6-01158ab66c3c,PASS,PASS,WARNING,PASS,PASS,FAIL,PASS,PASS
174,26aa51ff-968c-42e4-85c8-8ff47d19254d,PASS,PASS,PASS,PASS,WARNING,FAIL,PASS,PASS
175,e012d3e3-fdbc-4661-9ffa-5fa284e4e706,PASS,PASS,PASS,PASS,PASS,FAIL,PASS,PASS
176,948fd27b-507b-41b3-bdf8-f9f5f0af8e0b,PASS,PASS,WARNING,WARNING,WARNING,FAIL,PASS,PASS
177,2e22c1fc-eec6-4856-85a0-7dba8668f646,PASS,PASS,WARNING,PASS,PASS,FAIL,PASS,PASS
178,64977c74-9c04-437a-9ea1-50386c4996db,PASS,PASS,WARNING,WARNING,WARNING,PASS,PASS,PASS
179,9a6e127b-bb07-4be2-92e2-53dd858c2762,PASS,PASS,PASS,PASS,WARNING,PASS,PASS,PASS
180,09156021-9a1d-4e1d-ae59-48cbde3c5d42,PASS,PASS,PASS,PASS,PASS,FAIL,PASS,PASS
181,90e524a2-aa63-47ce-b5b8-1b1941a1223a,PASS,PASS,WARNING,PASS,PASS,PASS,PASS,PASS
182,1d4a7bd6-296a-48b9-b20e-bd0ac80750a5,PASS,PASS,WARNING,WARNING,WARNING,PASS,PASS,PASS
183,58c4bf97-ec3b-45b4-9db4-d5d9515d5b00,PASS,PASS,PASS,WARNING,WARNING,PASS,PASS,PASS
184,10fac7a1-919d-4ca7-83c4-4675bd8d9416,PASS,PASS,WARNING,WARNING,WARNING,FAIL,PASS,PASS
185,8b1f4024-3d96-4ee7-95f9-8a1dfd4ce4ef,PASS,PASS,PASS,PASS,WARNING,PASS,PASS,PASS
186,68775ca0-b056-48d5-b6ae-a4c2a76ae48f,PASS,PASS,WARNING,WARNING,WARNING,PASS,PASS,PASS
187,f27e6cd6-cdd3-4524-b8e3-8146046e2a7d,PASS,PASS,PASS,PASS,WARNING,PASS,PASS,PASS
188,1b61b7f2-a599-4e40-abd6-3e758d2c9e25,PASS,PASS,WARNING,WARNING,WARNING,PASS,PASS,PASS
189,cea755db-4eee-4138-bdd6-fc23a572f5a1,PASS,PASS,MISSING,MISSING,MISSING,MISSING,MISSING,MISSING
190,30af8629-7b96-45b7-8778-374720ddbc5e,PASS,PASS,PASS,WARNING,WARNING,WARNING,WARNING,PASS
191,66d98e6e-bcd9-4e78-8fbb-636f7e808b29,PASS,PASS,WARNING,WARNING,PASS,FAIL,PASS,PASS
192,f9860a11-24d3-452e-ab95-39e199f20a93,PASS,PASS,WARNING,WARNING,PASS,FAIL,PASS,PASS
193,f3ce3197-d534-4618-bf81-b687555d1883,PASS,PASS,WARNING,WARNING,WARNING,PASS,PASS,PASS
194,6f09ba7e-e3ce-44b0-932b-c003fb44fb89,PASS,PASS,WARNING,WARNING,WARNING,PASS,PASS,PASS
195,695a6073-eae0-49e0-bb0f-e9e57a9275b9,PASS,PASS,WARNING,WARNING,WARNING,PASS,PASS,PASS
196,6fb1e12c-883b-46d1-a745-473cde3232c8,PASS,PASS,WARNING,WARNING,WARNING,PASS,PASS,PASS
197,88d24c31-52e4-49cc-9f32-6adbeb9eba87,PASS,PASS,WARNING,WARNING,WARNING,FAIL,PASS,PASS
198,c6db3304-c906-400c-aa0f-45dd3945b2ea,PASS,PASS,WARNING,WARNING,WARNING,PASS,PASS,PASS
199,4ecb5d24-f5cc-402c-be28-9d0f7cb14b3a,PASS,PASS,WARNING,WARNING,WARNING,PASS,PASS,PASS
200,dac3a4c1-b666-4de0-87e8-8c514483cacf,PASS,PASS,WARNING,WARNING,PASS,FAIL,PASS,PASS
201,875c1e5c-f7ec-45ac-ab82-ecfe7276a707,PASS,PASS,WARNING,WARNING,WARNING,FAIL,PASS,PASS
202,81a1dca0-cc90-47c5-afe3-c277319c47c8,PASS,PASS,PASS,WARNING,PASS,FAIL,PASS,PASS
203,493170a6-fd94-4ee4-884f-cc018c17eeb9,PASS,PASS,WARNING,WARNING,WARNING,FAIL,PASS,PASS
204,360eac0c-7d2d-4cc1-9dcf-79fc7afc56e7,PASS,PASS,WARNING,WARNING,WARNING,PASS,PASS,PASS
205,d7e60cc3-6020-429e-a654-636c6cc677ea,PASS,PASS,WARNING,WARNING,WARNING,PASS,PASS,PASS
206,f4ffb731-8349-4fe4-806e-0232a84e52dd,PASS,PASS,WARNING,WARNING,WARNING,FAIL,FAIL,PASS
207,a4747ac8-6a75-444f-b99b-696fff0243fd,PASS,PASS,WARNING,WARNING,WARNING,PASS,FAIL,PASS
208,c4432264-e1ae-446f-8a07-6280abade813,PASS,PASS,WARNING,WARNING,WARNING,FAIL,WARNING,PASS
209,9e9c6fc0-4769-4d83-9ea4-b59a1230510e,PASS,PASS,WARNING,WARNING,WARNING,FAIL,PASS,PASS
210,09b2c4d1-058d-4c84-9fd4-97530f85baf6,PASS,PASS,WARNING,WARNING,PASS,FAIL,PASS,PASS
211,5d6aa933-4b00-4e99-ae2d-5003657592e9,PASS,PASS,PASS,WARNING,PASS,FAIL,PASS,PASS
212,63f3dbc1-1a5f-44e5-98dd-ce25cd2b7871,PASS,PASS,WARNING,WARNING,PASS,FAIL,PASS,PASS
213,746d1902-fa59-4cab-b0aa-013be36060d5,PASS,PASS,WARNING,WARNING,WARNING,PASS,WARNING,PASS
214,5b609f9b-75cb-43d3-9c39-b5b4b7a0db67,PASS,PASS,WARNING,WARNING,WARNING,WARNING,PASS,PASS
215,56bc129c-6265-407a-a208-cc16d20a6c01,PASS,PASS,WARNING,WARNING,WARNING,PASS,PASS,PASS
216,1a507308-c63a-4e02-8f32-3239a07dc578,PASS,PASS,WARNING,WARNING,WARNING,PASS,PASS,PASS
217,f5591ac5-311d-4fa8-9bad-029d7be9c491,PASS,PASS,WARNING,WARNING,WARNING,PASS,PASS,PASS
218,ab8a0899-a59f-42e4-8807-95b14056104b,PASS,PASS,WARNING,WARNING,WARNING,PASS,PASS,PASS
219,71e03be6-b497-4991-a121-9416dcc1a6e7,PASS,PASS,WARNING,WARNING,WARNING,PASS,PASS,PASS
220,d0ea3148-948d-4817-94f8-dcaf2342bbbe,PASS,PASS,WARNING,PASS,PASS,PASS,FAIL,PASS
221,4aa1d525-5c7d-4c50-a147-ec53a9014812,PASS,PASS,PASS,PASS,WARNING,PASS,WARNING,PASS
222,9b5a1754-ac99-4d53-97d3-35c2f6638507,PASS,PASS,PASS,WARNING,WARNING,PASS,WARNING,PASS
223,2c44a360-5a56-4971-8009-f469fb59de98,PASS,PASS,WARNING,WARNING,WARNING,PASS,FAIL,PASS
224,3f6e25ae-c007-4dc3-aa77-450fd5705046,PASS,PASS,WARNING,WARNING,WARNING,PASS,FAIL,PASS
225,113c5b6c-940e-4b21-b462-789b4c2be0e5,PASS,PASS,WARNING,WARNING,WARNING,PASS,PASS,PASS
226,0b7ee1b6-42db-46cd-a465-08f531366187,PASS,PASS,WARNING,WARNING,WARNING,WARNING,PASS,PASS
227,a4a74102-2af5-45dc-9e41-ef7f5aed88be,PASS,PASS,WARNING,WARNING,WARNING,FAIL,PASS,PASS
228,72cb5550-43b4-4ef0-add5-e4adfdfb5e02,PASS,PASS,WARNING,PASS,WARNING,PASS,PASS,PASS
229,d0c91c3c-8cbb-4929-8657-31f18bffc294,PASS,PASS,WARNING,WARNING,WARNING,PASS,FAIL,PASS
230,6f6d2c8e-28be-49f4-ae4d-06be2d3148c1,PASS,PASS,WARNING,WARNING,WARNING,PASS,WARNING,PASS
231,88224abb-5746-431f-9c17-17d7ef806e6a,PASS,PASS,WARNING,PASS,WARNING,PASS,PASS,PASS
232,7cec9792-b8f9-4878-be7e-f08103dc0323,PASS,PASS,WARNING,WARNING,WARNING,PASS,PASS,PASS
233,0802ced5-33a3-405e-8336-b65ebc5cb07c,PASS,PASS,WARNING,WARNING,WARNING,PASS,PASS,PASS
234,dd4da095-4a99-4bf3-9727-f735077dba66,PASS,PASS,MISSING,MISSING,MISSING,MISSING,MISSING,MISSING
235,e5fae088-ed96-4d9b-82f9-dfd13c259d52,PASS,PASS,MISSING,MISSING,MISSING,MISSING,MISSING,MISSING
236,21e16736-fd59-44c7-b938-9b1333d25da8,PASS,PASS,WARNING,WARNING,PASS,PASS,PASS,PASS
237,53738f95-bd08-4d9d-9133-483fdb19e8da,PASS,PASS,WARNING,WARNING,PASS,PASS,WARNING,PASS
238,d33baf74-263c-4b37-a0d0-b79dcb80a764,PASS,PASS,WARNING,WARNING,PASS,PASS,FAIL,PASS
239,259927fd-7563-4b03-bc5d-17b4d0fa7a55,PASS,PASS,WARNING,WARNING,PASS,PASS,FAIL,PASS
240,510b1a50-825d-44ce-86f6-9678f5396e02,PASS,PASS,WARNING,WARNING,PASS,PASS,FAIL,PASS
241,193fe7a8-4eb5-4f3e-815a-0c45864ddd77,PASS,PASS,WARNING,WARNING,PASS,PASS,FAIL,PASS
242,ff4187b5-4176-4e39-8894-53a24b7cf36b,PASS,PASS,WARNING,WARNING,PASS,PASS,FAIL,PASS
243,465c44bd-2e67-4112-977b-36e1ac7e3f8c,PASS,PASS,WARNING,WARNING,PASS,PASS,FAIL,PASS
244,e49d8ee7-24b9-416a-9d04-9be33b655f40,PASS,PASS,WARNING,WARNING,PASS,PASS,FAIL,PASS
245,ee40aece-cffd-4edb-a4b6-155f158c666a,PASS,PASS,WARNING,WARNING,PASS,PASS,FAIL,PASS
246,f8d5c8b0-b931-4151-b86c-c471e2e80e5d,PASS,PASS,WARNING,WARNING,PASS,PASS,FAIL,PASS
247,cb2ad999-a6cb-42ff-bf71-1774c57e5308,PASS,PASS,WARNING,WARNING,PASS,PASS,PASS,PASS
248,934dd7a4-fbdc-459c-8830-04fe9033bc28,PASS,PASS,WARNING,WARNING,PASS,PASS,PASS,PASS
249,fe1fd79f-b051-411f-a0a9-2530a02cc78d,PASS,PASS,WARNING,WARNING,PASS,PASS,PASS,PASS
250,4d8c7767-981c-4347-8e5e-5d5fffe38534,PASS,PASS,MISSING,MISSING,MISSING,MISSING,MISSING,MISSING
251,1e45d992-c356-40e1-9be1-a506d944896f,PASS,PASS,MISSING,MISSING,MISSING,MISSING,MISSING,MISSING
252,03063955-2523-47bd-ae57-f7489dd40f15,PASS,PASS,WARNING,WARNING,WARNING,PASS,PASS,PASS
253,768a371d-7e88-47f8-bf21-4a6a6570dd6e,PASS,PASS,WARNING,WARNING,WARNING,FAIL,PASS,PASS
254,45ef6691-7b80-4a43-bd1a-85fc00851ae8,PASS,PASS,WARNING,WARNING,WARNING,PASS,PASS,PASS
255,fc14c0d6-51cf-48ba-b326-56ed5a9420c3,PASS,PASS,WARNING,WARNING,WARNING,PASS,PASS,PASS
256,7416f387-b302-4ca3-8daf-03b585a1b7ec,PASS,PASS,WARNING,WARNING,WARNING,PASS,PASS,PASS
257,1928bf72-2002-46a6-8930-728420402e01,PASS,PASS,WARNING,WARNING,WARNING,PASS,PASS,PASS
258,22e04698-b974-4805-b241-3b547dbf37bf,PASS,PASS,WARNING,WARNING,WARNING,PASS,PASS,PASS
259,7cb81727-2097-4b52-b480-c89867b5b34c,PASS,PASS,WARNING,WARNING,WARNING,PASS,PASS,PASS
260,f84045b0-ce09-4ace-9d11-5ea491620707,PASS,PASS,WARNING,WARNING,WARNING,PASS,PASS,PASS
261,239cdbb1-68e2-4eb0-91d8-ae5ae4001c7a,PASS,PASS,WARNING,WARNING,WARNING,PASS,PASS,PASS
262,75b6b132-d998-4fba-8482-961418ac957d,PASS,PASS,PASS,WARNING,WARNING,PASS,PASS,PASS
263,032452e9-1886-449d-9c13-0f192572e19f,PASS,PASS,WARNING,WARNING,PASS,PASS,PASS,PASS
264,56b57c38-2699-4091-90a8-aba35103155e,PASS,PASS,PASS,WARNING,WARNING,WARNING,PASS,FAIL
265,91796ceb-e314-4859-9a1f-092f85cc846a,PASS,PASS,WARNING,WARNING,WARNING,WARNING,PASS,FAIL
266,6c6983ef-7383-4989-9183-32b1a300d17a,PASS,PASS,WARNING,WARNING,WARNING,WARNING,PASS,FAIL
267,eebacd5a-7dcd-4ba6-9dff-ec2a4d2f19e0,PASS,PASS,WARNING,WARNING,WARNING,FAIL,PASS,PASS
268,671c7ea7-6726-4fbe-adeb-f89c2c8e489b,PASS,PASS,WARNING,WARNING,WARNING,PASS,PASS,PASS
269,6bb5da8f-6858-4fdd-96d9-c34b3b841593,PASS,PASS,WARNING,WARNING,WARNING,PASS,PASS,PASS
270,3638d102-e8b6-4230-8742-e548cd87a949,PASS,PASS,WARNING,WARNING,WARNING,PASS,PASS,PASS
271,f1db6257-85ef-4385-b415-2d078ec75df2,PASS,PASS,PASS,WARNING,WARNING,PASS,PASS,PASS
272,d3a2b25e-46d3-4f0b-ade6-4e32255f4c35,PASS,PASS,PASS,WARNING,WARNING,PASS,PASS,PASS
273,9545aa05-3945-4054-a5c3-a259f7209d61,PASS,PASS,WARNING,WARNING,WARNING,PASS,PASS,PASS
274,1425bd6f-c625-4f6a-b237-dc5bcfc42c87,PASS,PASS,WARNING,WARNING,WARNING,PASS,FAIL,PASS
275,e6043c7d-8f6e-4b66-8309-2ec0abac0f79,PASS,PASS,WARNING,WARNING,WARNING,FAIL,PASS,PASS
276,9b528ad0-4599-4a55-9148-96cc1d93fb24,PASS,PASS,WARNING,WARNING,WARNING,PASS,PASS,PASS
277,63c70ae8-4dfb-418b-b21b-f0b1e5fba6c9,PASS,PASS,WARNING,WARNING,WARNING,PASS,PASS,PASS
278,3e6a97d3-3991-49e2-b346-6948cb4580fb,PASS,PASS,PASS,WARNING,WARNING,FAIL,PASS,PASS
279,eacc49a9-f3a1-49f1-b87f-0972f90ee837,PASS,PASS,WARNING,WARNING,FAIL,PASS,PASS,FAIL
280,5b49aca6-a6f4-4075-931a-617ad64c219c,PASS,PASS,WARNING,WARNING,WARNING,PASS,PASS,PASS
281,d901aff5-2250-467a-b4a1-0cb9729df9e2,PASS,PASS,WARNING,PASS,WARNING,PASS,PASS,PASS
282,27ef44c0-acb2-4220-b776-477d0d5abd35,PASS,PASS,WARNING,FAIL,WARNING,WARNING,FAIL,PASS
283,1ca83b26-30fc-4350-a616-c38b7d00d240,PASS,PASS,WARNING,WARNING,WARNING,WARNING,FAIL,PASS
284,e0928e11-2b86-4387-a203-80c77fab5d52,PASS,PASS,WARNING,WARNING,WARNING,FAIL,WARNING,PASS
285,6c6b0d06-6039-4525-a74b-58cfaa1d3a60,PASS,PASS,WARNING,PASS,WARNING,WARNING,FAIL,FAIL
286,0f77ca5d-73c2-45bd-aa4c-4c5ed275dbde,PASS,PASS,WARNING,WARNING,WARNING,PASS,PASS,FAIL
287,ae8787b1-4229-4d56-b0c2-566b61a25b77,PASS,PASS,WARNING,WARNING,WARNING,WARNING,PASS,PASS
288,5139ce2c-7d52-44bf-8129-692d61dd6403,PASS,PASS,WARNING,WARNING,WARNING,FAIL,WARNING,PASS
289,49368f16-de69-4647-9a7a-761e94517821,PASS,PASS,FAIL,WARNING,WARNING,FAIL,PASS,PASS
290,ebe090af-5922-4fcd-8fc6-17b8ba7bad6d,PASS,PASS,FAIL,FAIL,FAIL,FAIL,FAIL,FAIL
291,d832d9f7-c96a-4f63-8921-516ba4a7b61f,PASS,PASS,MISSING,MISSING,MISSING,MISSING,MISSING,MISSING
292,dcceebe5-4589-44df-a1c1-9fa33e779727,PASS,PASS,MISSING,MISSING,MISSING,MISSING,MISSING,MISSING
293,cae5cd75-55e5-4277-8db3-cf4d6c5ff918,PASS,PASS,FAIL,WARNING,WARNING,FAIL,PASS,PASS
294,4ef13091-1bc8-4f32-9619-107bdf48540c,PASS,PASS,WARNING,WARNING,WARNING,FAIL,PASS,PASS
295,4ddb8a95-788b-48d0-8a0a-66c7c796da96,PASS,PASS,MISSING,MISSING,MISSING,MISSING,MISSING,MISSING
296,f8041c1e-5ef4-4ae6-afec-ed82d7a74dc1,PASS,PASS,MISSING,MISSING,MISSING,MISSING,MISSING,MISSING
297,65f5c9b4-4440-48b9-b914-c593a5184a18,PASS,PASS,MISSING,MISSING,MISSING,MISSING,MISSING,MISSING
298,a7763417-e0d6-4f2a-aa55-e382fd9b5fb8,PASS,PASS,PASS,WARNING,WARNING,FAIL,WARNING,PASS
299,5285c561-80da-4563-8694-739da92e5dd0,PASS,PASS,WARNING,WARNING,WARNING,PASS,PASS,PASS
300,ff96bfe1-d925-4553-94b5-bf8297adf259,PASS,PASS,WARNING,WARNING,WARNING,PASS,PASS,PASS
301,a9138924-4395-4981-83d1-530f6ff7c8fc,PASS,PASS,WARNING,WARNING,WARNING,PASS,FAIL,PASS
302,8c2f7f4d-7346-42a4-a715-4d37a5208535,PASS,PASS,MISSING,MISSING,MISSING,MISSING,MISSING,MISSING
303,09394481-8dd2-4d5c-9327-f2753ede92d7,PASS,PASS,WARNING,WARNING,WARNING,PASS,FAIL,PASS
304,dc21e80d-97d7-44ca-a729-a8e3f9b14305,PASS,PASS,WARNING,WARNING,WARNING,PASS,FAIL,PASS
305,25d1920e-a2af-4b6c-9f2e-fc6c65576544,PASS,PASS,FAIL,FAIL,FAIL,FAIL,PASS,PASS
306,c728f6fd-58e2-448d-aefb-a72c637b604c,PASS,PASS,MISSING,MISSING,MISSING,MISSING,MISSING,MISSING
307,952870e5-f2a7-4518-9e6d-71585460f6fe,PASS,PASS,WARNING,WARNING,WARNING,FAIL,PASS,PASS
308,f304211a-81b1-446f-a435-25e589fe3a5a,PASS,PASS,WARNING,WARNING,PASS,FAIL,PASS,PASS
309,73918ae1-e4fd-4c18-b132-00cb555b1ad2,PASS,PASS,PASS,PASS,WARNING,FAIL,PASS,PASS
310,d2832a38-27f6-452d-91d6-af72d794136c,PASS,PASS,WARNING,PASS,WARNING,PASS,PASS,PASS
311,0cc486c3-8c7b-494d-aa04-b70e2690bcba,PASS,PASS,PASS,PASS,WARNING,PASS,PASS,PASS
312,e9fc0a2d-c69d-44d1-9fa3-314782387cae,PASS,PASS,PASS,PASS,WARNING,PASS,PASS,PASS
313,af55d16f-0e31-4073-bdb5-26da54914aa2,PASS,PASS,MISSING,MISSING,MISSING,MISSING,MISSING,MISSING
314,821f1883-27f3-411d-afd3-fb8241bbc39a,PASS,PASS,WARNING,WARNING,WARNING,PASS,PASS,PASS
315,69a0e953-a643-4f0e-bb26-dc65af3ea7d7,PASS,PASS,WARNING,WARNING,WARNING,PASS,PASS,PASS
316,86b6ba67-c1db-4333-add0-f8105ea6e363,PASS,PASS,WARNING,WARNING,WARNING,PASS,FAIL,PASS
317,58b1e920-cfc8-467e-b28b-7654a55d0977,PASS,PASS,PASS,WARNING,WARNING,PASS,FAIL,PASS
318,3e7ae7c0-fe8b-487c-9354-036236fa1010,PASS,PASS,FAIL,FAIL,FAIL,FAIL,FAIL,FAIL
319,5b44c40f-80f4-44fb-abfb-c7f19e27a6ca,PASS,PASS,FAIL,FAIL,FAIL,FAIL,FAIL,FAIL
320,03cf52f6-fba6-4743-a42e-dd1ac3072343,PASS,PASS,FAIL,FAIL,FAIL,FAIL,FAIL,FAIL
321,da188f2c-553c-4e04-879b-c9ea2d1b9a93,PASS,PASS,FAIL,FAIL,FAIL,FAIL,FAIL,FAIL
322,7f6b86f9-879a-4ea2-8531-294a221af5d0,PASS,PASS,FAIL,WARNING,WARNING,FAIL,PASS,PASS
323,5adab0b7-dfd0-467d-b09d-43cb7ca5d59c,PASS,PASS,FAIL,WARNING,WARNING,FAIL,PASS,PASS
324,49e0ab27-827a-4c91-bcaa-97eea27a1b8d,PASS,PASS,FAIL,WARNING,WARNING,FAIL,PASS,PASS
325,edd22318-216c-44ff-bc24-49ce8be78374,PASS,PASS,FAIL,WARNING,WARNING,FAIL,PASS,PASS
326,8db36de1-8f17-4446-b527-b5d91909b45a,PASS,PASS,FAIL,FAIL,FAIL,FAIL,FAIL,FAIL
327,1eac875c-feaa-4a30-b148-059b954b11d8,PASS,PASS,FAIL,FAIL,FAIL,FAIL,FAIL,FAIL
328,41431f53-69fd-4e3b-80ce-ea62e03bf9c7,PASS,PASS,FAIL,FAIL,FAIL,FAIL,FAIL,FAIL
329,a66f1593-dafd-4982-9b66-f9554b6c86b5,PASS,PASS,FAIL,FAIL,FAIL,FAIL,FAIL,FAIL
330,a82800ce-f4e3-4464-9b80-4c3d6fade333,PASS,PASS,FAIL,FAIL,FAIL,FAIL,FAIL,FAIL
331,6a601cc5-7b79-4c75-b0e8-552246532f82,PASS,PASS,FAIL,FAIL,FAIL,FAIL,FAIL,FAIL
332,90e74228-fd1a-482f-bd56-05dbad132861,PASS,PASS,FAIL,FAIL,FAIL,FAIL,FAIL,FAIL
333,b81e3e11-9a60-4114-b894-09f85074d9c3,PASS,PASS,FAIL,FAIL,FAIL,FAIL,FAIL,FAIL
334,8207abc6-6b23-4762-92b4-82e05bed5143,PASS,PASS,WARNING,FAIL,FAIL,FAIL,FAIL,FAIL
335,20c112a1-8a42-44e0-a4cd-e5b932f7bda9,PASS,PASS,FAIL,WARNING,WARNING,FAIL,FAIL,PASS
336,549caacc-3bd7-40f1-913d-e94141816547,PASS,PASS,FAIL,WARNING,WARNING,FAIL,FAIL,PASS
337,6274dda8-3a59-4aa1-95f8-a8a549c46a26,PASS,PASS,FAIL,FAIL,WARNING,FAIL,FAIL,PASS
338,ff48aa1d-ef30-4903-ac34-8c41b738c1b9,PASS,PASS,FAIL,WARNING,WARNING,FAIL,PASS,PASS
339,280ee768-f7b8-4c6c-9ea0-48ca75d6b6f3,PASS,PASS,FAIL,WARNING,WARNING,FAIL,FAIL,PASS
340,c557324b-b95d-414c-888f-6ee1329a2329,PASS,PASS,FAIL,WARNING,WARNING,FAIL,PASS,PASS
341,5d01d14e-aced-4465-8f8e-9a1c674f62ec,PASS,PASS,FAIL,WARNING,WARNING,FAIL,FAIL,PASS
342,e56541a5-a6d5-4750-b1fe-f6b5257bfe7c,PASS,PASS,FAIL,WARNING,WARNING,FAIL,FAIL,PASS
343,81a78eac-9d36-4f90-a73a-7eb3ad7f770b,PASS,PASS,FAIL,WARNING,WARNING,FAIL,FAIL,PASS
344,626126d5-eecf-4e9b-900e-ec29a17ece07,PASS,PASS,FAIL,WARNING,WARNING,FAIL,FAIL,PASS
345,b69b86be-af7d-4ecf-8cbf-0cd356afa1bd,PASS,PASS,FAIL,WARNING,WARNING,FAIL,FAIL,PASS
346,15763234-d21e-491f-a01b-1238eb96d389,PASS,PASS,FAIL,WARNING,WARNING,FAIL,FAIL,PASS
347,e349a2e7-50a3-47ca-bc45-20d1899854ec,PASS,PASS,FAIL,WARNING,WARNING,FAIL,FAIL,PASS
348,1ec23a70-b94b-4e9c-a0df-8c2151da3761,PASS,PASS,FAIL,WARNING,WARNING,FAIL,FAIL,PASS
349,fcd49e34-f07b-441c-b2ac-cb8c462ec5ac,PASS,PASS,FAIL,WARNING,WARNING,FAIL,PASS,PASS
350,5522ac4b-0e41-4c53-836a-aaa17e82b9eb,PASS,PASS,FAIL,WARNING,WARNING,FAIL,PASS,PASS
351,993c7024-0abc-4028-ad30-d397ad55b084,PASS,PASS,FAIL,WARNING,WARNING,FAIL,FAIL,PASS
352,fece187f-b47f-4870-a1d6-619afe942a7d,PASS,PASS,FAIL,WARNING,WARNING,FAIL,PASS,PASS
353,c7bd79c9-c47e-4ea5-aea3-74dda991b48e,PASS,PASS,FAIL,WARNING,WARNING,FAIL,FAIL,FAIL
