,PID,Quality (Raw data),Quality (Spike sorting),Discontinuity,Jitter,Horizontal band,Loss of spikes
0,00a824c0-e060-495f-9ebc-79c82fef4c67,PASS,PASS,False,False,False,False
1,00a96dee-1e8b-44cc-9cc3-aca704d2b594,PASS,FAIL,False,True,False,False
2,01864e9d-0dbe-41d4-9e3a-0285348ecfc1,PASS,WARNING,True,False,False,False
3,0228bcfd-632e-49bd-acd4-c334cf9213e9,PASS,FAIL,False,True,False,False
4,02328ef5-47d4-4690-b020-04b6315aa2d6,PASS,PASS,False,False,False,False
5,0259543e-1ca3-48e7-95c9-53f9e4c9bfcc,PASS,PASS,False,False,False,False
6,02cc03e4-8015-4050-bb42-6c832091febb,PASS,WARNING,True,False,False,False
7,0393f34c-a2bd-4c01-99c9-f6b4ec6e786d,PASS,PASS,False,False,False,False
8,03c42ea1-1e04-4a3e-9b04-46d8568dcd02,PASS,FAIL,False,True,False,False
9,03d2d8d1-a116-4763-8425-4ef7b1c1bd35,PASS,PASS,False,False,False,False
10,04690e35-ab38-41db-982c-50cbdf8d0dd1,PASS,N.A.,False,False,False,False
11,04c9890f-2276-4c20-854f-305ff5c9b6cf,PASS,FAIL,False,True,False,False
12,04db6b9e-a80c-4507-a98e-ad76294ac444,PASS,FAIL,False,True,False,False
13,05ccc92c-fcb0-4e92-84d3-de033890c7a8,PASS,PASS,False,False,False,False
14,05ec6af9-6c83-422d-91a3-ba815fa65e92,PASS,FAIL,False,True,False,False
15,0685d767-80a2-49b6-a51a-0e9b1dd7a14d,PASS,FAIL,False,True,False,False
16,06c6741e-9f2a-4114-8ca9-0dc5ccc951e6,PASS,WARNING,False,True,False,False
17,06cb2ee3-0fb8-4ace-acbe-19c716f3ca40,PASS,PASS,False,False,False,False
18,06d42449-d6ac-4c35-8f85-24ecfbc08bc1,PASS,PASS,False,False,False,False
19,071f02e7-752a-4094-af79-8dd764e9d85d,PASS,PASS,False,False,False,False
20,0777b1bf-964b-49b7-888b-8a6c9df09c3b,PASS,PASS,False,False,False,False
21,07abb39b-063b-4ef8-b3ab-963c6a1b5cc5,PASS,PASS,False,False,False,False
22,07c79864-6fff-4e72-9fce-1c982e3457f9,PASS,WARNING,False,False,False,True
23,082187a0-121f-47d5-962a-a9ad467e7124,PASS,PASS,False,False,False,False
24,0851db85-2889-4070-ac18-a40e8ebd96ba,PASS,PASS,False,False,False,False
25,08ed0b3c-9f94-4c1f-8522-3d42a642a6b0,PASS,WARNING,False,True,False,False
26,0909252c-3ad0-413f-96f5-7eff885b50aa,PASS,FAIL,False,True,False,False
27,091392a5-73f6-40f3-8552-fa917cf96deb,PASS,PASS,False,False,False,False
28,0925fb1b-cf83-4f55-bfb7-aa52f993a404,PASS,PASS,False,False,False,False
29,099c0519-640b-4eb7-867c-998dc337579d,PASS,PASS,False,False,False,False
30,09b62a15-dd8b-4f47-881f-d3f1e5ea5ff4,WARNING,WARNING,False,True,False,False
31,0a0184b3-9e1a-4c36-98f4-00ae3beb8f01,PASS,PASS,False,False,False,False
32,0aafb6f1-6c10-4886-8f03-543988e02d9e,PASS,WARNING,True,False,False,False
33,0b8ea3ec-e75b-41a1-9442-64f5fbc11a5a,PASS,PASS,False,False,False,False
34,0c42a3d2-beb7-4b7b-a9b5-1eea6c51e1f4,PASS,PASS,False,False,False,False
35,0ce74616-abf8-47c2-86d9-f821cd25efd3,PASS,FAIL,False,True,False,False
36,0dfc64c5-80bc-43b6-a7c4-2fb6e638e9f3,PASS,PASS,False,False,False,False
37,0e8d3cb3-2e4c-47a0-8bb4-65d2cc3161c6,WARNING,PASS,False,False,False,False
38,0eb65305-bb95-4bf1-a154-1b810c0cff25,PASS,PASS,False,False,False,False
39,0ece5c6a-7d1e-4365-893d-ac1cc04f1d7b,PASS,FAIL,False,True,False,True
40,0f306cdc-878a-4ea0-9e91-b97736731637,WARNING,WARNING,False,False,False,True
41,0fa33419-e7b9-4d00-8cab-3b51f93ecf0c,PASS,PASS,False,False,False,False
42,0fcb5f66-4d56-4247-8413-aef51e484e67,PASS,FAIL,False,True,False,False
43,100433fa-2c59-4432-8295-aa27657fe3fb,PASS,PASS,False,False,False,False
44,10ef1dcd-093c-4839-8f38-90a25edefb49,PASS,FAIL,False,True,False,False
45,10f59add-706e-41d0-87ed-9a55eb138a66,PASS,WARNING,False,True,False,False
46,117f0d28-3cc0-4837-9e3e-46db5bc3e662,PASS,PASS,False,False,False,False
47,11a5a93e-58a9-4ed0-995e-52279ec16b98,WARNING,WARNING,True,False,False,False
48,11f70c37-a546-439a-9fb7-da6b6ebfb0cb,PASS,WARNING,False,True,False,False
49,134e8241-f5d7-4ad7-a8c0-11b34f2eedc3,PASS,PASS,False,False,False,False
50,143dd7cf-6a47-47a1-906d-927ad7fe9117,PASS,WARNING,True,False,False,False
51,15a2a63f-739d-4eb0-ab8f-fc95b6299b68,PASS,PASS,False,False,False,False
52,16799c7a-e395-435d-a4c4-a678007e1550,PASS,PASS,False,False,False,False
53,16ad5eef-3fa6-4c75-9296-29bf40c5cfaa,PASS,PASS,False,False,False,False
54,176b4fe3-f570-4d9f-9e25-a5d218f75c8b,PASS,PASS,False,False,False,False
55,179ce6d0-e348-4257-b718-e58dd4134589,PASS,WARNING,False,True,False,False
56,180d278e-1a49-42da-a624-24aa14b57a4e,PASS,WARNING,False,False,False,True
57,1841cf1f-725d-499e-ab8e-7f6fc8c308b6,WARNING,PASS,False,False,False,False
58,1878c999-d523-474a-9d4e-8dde53d7324c,PASS,WARNING,True,False,False,False
59,188fe7d5-fd1c-494f-88bc-672d77b9779e,PASS,PASS,False,False,False,True
60,18be19f9-6ca5-4fc8-9220-ba43c3e75905,PASS,PASS,False,False,False,False
61,19137f8d-0f3b-4923-93ad-f741758e1b2e,WARNING,WARNING,False,False,False,True
62,19c5b0d5-a255-47ff-9f8d-639e634a7b61,PASS,FAIL,True,False,False,True
63,19c9caea-2df8-4097-92f8-0a2bad055948,PASS,PASS,False,False,False,False
64,19e0bf1e-018e-40cb-9acd-af8f0f66bd4a,PASS,PASS,False,False,False,False
65,1a166c4f-4c53-422e-8473-b3cff85e6750,PASS,WARNING,False,True,False,False
66,1a276285-8b0e-4cc9-9f0a-a3a002978724,PASS,FAIL,False,True,True,False
67,1a60a6e1-da99-4d4e-a734-39b1d4544fad,PASS,PASS,False,False,False,False
68,1ab86a7f-578b-4a46-9c9c-df3be97abcca,PASS,FAIL,True,False,False,False
69,1bd85dab-7a53-49d1-acd4-e82f9fd07cf6,PASS,WARNING,False,True,False,True
70,1bf5c05b-3654-4d5c-bac9-2b96edd12adf,PASS,PASS,True,False,False,False
71,1c4e2ebd-59da-4527-9700-b4b2dad6dfb2,PASS,FAIL,True,True,False,True
72,1ca6cd06-1ed5-45af-b73a-017d5e7cff48,PASS,WARNING,False,False,False,True
73,1d237afc-ac2f-4bac-a163-a397fe09819f,PASS,WARNING,False,True,False,True
74,1d547041-230a-4af3-ba6a-7287de2bdec3,PASS,WARNING,False,True,False,True
75,1df6ebb3-9d16-4c0f-96cc-e1b1596d2006,PASS,WARNING,False,True,False,True
76,1e104bf4-7a24-4624-a5b2-c2c8289c0de7,PASS,WARNING,False,True,False,True
77,1e176f17-d00f-49bb-87ff-26d237b525f1,WARNING,PASS,False,False,False,False
78,1ef94d02-d51a-491f-a313-1bb5238d6b8b,PASS,WARNING,True,True,False,False
79,1f555fc6-5067-428b-a284-da6fb0b6b3a0,WARNING,PASS,False,False,False,False
80,1fa9efcf-def3-40b1-86ae-ca411da98ef2,PASS,PASS,False,False,False,False
81,1ff5ce1f-5500-444b-ad5f-70f90dd22ac3,PASS,PASS,False,False,False,False
82,20469b30-1cd8-4078-9883-a840a0f6d787,PASS,PASS,False,False,False,False
83,2122d807-13ab-494e-a1cc-e55cf24d3e9f,PASS,PASS,False,True,False,False
84,2201eb05-aebe-4bda-905e-b5cc1baf3840,PASS,FAIL,True,True,False,False
85,220bca21-4cf8-43f1-a213-71645899c571,PASS,PASS,False,False,False,False
86,2400a2fa-0335-480b-ac8d-a478171f3a55,PASS,PASS,False,True,False,False
87,257d0357-76ed-4220-8d50-68da6efda72d,PASS,WARNING,True,False,False,True
88,25a9182c-4795-4768-af47-98975d2d2a8a,PASS,WARNING,False,True,False,False
89,25e75514-43e1-4c07-9fea-581bd203b55c,PASS,FAIL,True,True,False,True
90,26118c10-35dd-4ab1-9f0f-b9a89a1da070,PASS,PASS,False,False,False,False
91,26af22bb-b295-4a45-8ed3-1700604c0708,PASS,PASS,False,False,False,False
92,2781c08e-a356-4a0d-8c28-4f94d1c87f69,PASS,FAIL,True,True,False,False
93,27bac116-ea57-4512-ad35-714a62d259cd,PASS,WARNING,False,True,False,False
94,291fcd13-b629-49c0-baf8-57ed1351050e,PASS,WARNING,False,True,False,False
95,29418b18-4db6-436f-a85e-b0f1d38d2e62,PASS,PASS,False,False,False,False
97,2a7caaa4-1710-49a1-ade4-db0a986ae6f5,WARNING,PASS,False,False,True,True
98,2aea57ac-d3d0-4a09-b6fa-0aa9d58d1e11,PASS,PASS,False,False,False,False
99,2b3c3126-11f3-4a8e-aa44-2f965bf8ab9c,PASS,WARNING,False,True,False,True
100,2c401cbd-b95c-4ebe-8a83-92b55ab49542,PASS,PASS,False,False,False,True
101,2cbb5bc7-edbd-431e-a931-21e466d20dec,PASS,WARNING,False,False,False,True
102,2d2cdf86-4a0c-42d8-aed3-5b187f160013,PASS,PASS,False,False,False,False
103,2d544e7f-c8af-46b5-aaa0-caf0ad4d63a1,PASS,FAIL,False,True,False,False
104,2e720cee-05cc-440e-a24b-13794b1ac01d,PASS,FAIL,False,True,False,False
105,3017e4dc-2150-43ad-9b08-b95b48ba8dfa,PASS,WARNING,True,False,False,False
106,30ac1320-d671-46fc-87ef-875cdfc6b4eb,PASS,WARNING,True,False,False,False
107,30dfb8c6-9202-43fd-a92d-19fe68602b6f,PASS,FAIL,True,False,False,True
109,31811232-52ef-456c-9772-5021c00b2bc9,PASS,PASS,False,False,False,False
110,31d8dfb1-71fd-4c53-9229-7cd48bee07e4,WARNING,PASS,False,False,False,False
111,31f0400a-71f5-436c-ada4-dce50627dc73,PASS,FAIL,False,True,False,True
112,3220377b-f53e-412d-a859-ef8ccb8f0a40,PASS,PASS,False,False,False,False
113,3282a590-8688-44fc-9811-cdf8b80d9a80,PASS,FAIL,False,False,False,True
114,3283d8ec-1436-4529-8a16-941bbf65c91d,PASS,PASS,False,False,False,False
115,335d689e-4d98-4532-b01b-7f7da89863c4,PASS,PASS,False,False,False,True
116,3530526e-e690-4222-878f-0f9f401fa759,PASS,FAIL,False,True,False,True
117,35897454-8702-4dc4-9865-7f01fa65f355,PASS,FAIL,False,True,False,False
118,362823e7-5514-41d3-a31d-4b73f91ad3d0,PASS,FAIL,True,True,False,False
119,36362f75-96d8-4ed4-a728-5e72284d0995,PASS,PASS,False,False,False,False
120,366dabe3-2790-4511-a7dc-023a1ad9df75,PASS,FAIL,False,True,False,False
121,3675290c-8134-4598-b924-83edb7940269,PASS,PASS,False,False,False,False
122,367ea4c4-d1b7-47a6-9f18-5d0df9a3f4de,PASS,WARNING,False,True,False,False
123,38124fca-a0ac-4b58-8e8b-84a2357850e6,PASS,PASS,False,False,False,True
124,38981973-20de-44e5-8717-efcf88642502,PASS,FAIL,False,True,False,False
125,39180bcb-13e5-46f9-89e1-8ea2cba22105,WARNING,PASS,False,False,False,False
126,39883ded-f5a2-4f4f-a98e-fb138eb8433e,PASS,FAIL,True,True,False,False
127,3a37fb5c-3e96-4a0e-ac63-2eeec6744588,PASS,FAIL,False,True,False,False
128,3bd1f88b-4e0c-43a6-9483-3305e82f2fae,PASS,WARNING,False,True,False,True
129,3c283107-7012-48fc-a6c2-ed096b23974f,PASS,WARNING,True,False,False,False
130,3c9c3757-32dd-40cf-83ec-5e21731ce9c5,PASS,WARNING,False,True,False,True
131,3ccb2d59-9e94-48e6-9e72-0b7b96bd3f9b,PASS,FAIL,False,True,False,True
132,3d3d5a5e-df26-43ee-80b6-2d72d85668a5,PASS,WARNING,False,False,False,True
133,3e7618b8-34ca-4e48-ba3a-0e0f88a43131,PASS,PASS,False,False,False,True
134,3eb6e6e0-8a57-49d6-b7c9-f39d5834e682,PASS,PASS,False,False,False,False
135,3fd2d2b3-9415-4b6e-b392-40427fb1c388,PASS,PASS,False,True,False,False
136,3fded122-619c-4e65-aadd-d5420978d167,PASS,FAIL,False,False,False,True
137,4037a618-e6ba-4142-a6d2-3e32ef25fd1b,PASS,FAIL,True,True,False,False
138,41b9162e-df67-4321-b2e6-02ff851816c5,PASS,PASS,False,False,False,False
139,41dc1107-fbcb-4174-a262-19928c355018,PASS,PASS,False,False,False,False
140,41ea689a-7e05-463b-915a-90e63b8c0572,PASS,PASS,False,True,False,False
141,4279e354-a6b8-4eff-8245-7c8723b07834,PASS,PASS,False,True,False,False
142,4364cabe-a27c-4bd5-b398-1d068aca47cf,PASS,PASS,False,False,False,False
143,437f43e1-9c8f-4be9-ac89-97885b0e03d0,PASS,FAIL,False,True,False,False
144,43b9b189-5221-46a0-928a-e137bc326534,PASS,FAIL,False,True,False,True
145,43d4f889-4b05-44df-8306-ea10f854776f,PASS,PASS,False,False,False,False
146,4431f9fd-aaa8-4b10-905c-0c6869ea1088,PASS,PASS,True,False,False,False
147,44f5caad-c703-4279-866b-0303e57d2a7f,PASS,WARNING,True,False,False,False
148,44fc463b-405f-4048-9242-ac018b9f50f7,PASS,PASS,False,False,False,False
149,450cea3b-9289-4708-9df2-a2518bdc4b59,PASS,FAIL,False,False,False,True
150,45c49ba2-a113-4446-9c6d-9b049c1f9f74,PASS,PASS,False,False,False,False
151,45e7731f-4a43-45d5-9029-c080150bc596,PASS,PASS,False,False,False,False
152,461ecb39-ab58-4a6c-acd7-22da5b4b4b22,WARNING,PASS,False,False,False,False
153,46448da7-ad7b-4ca8-b3ab-2d1d47439cbf,PASS,WARNING,False,False,False,False
154,46630957-63fd-4d0d-a2ba-8766f0796db8,PASS,WARNING,True,True,False,False
155,46cd9c0a-39de-4aeb-90a6-86a2fda0b1a4,PASS,FAIL,False,True,False,True
156,4755877d-fd14-42b3-bc15-e1996d153015,PASS,PASS,False,False,False,False
157,47be9ae4-290f-46ab-b047-952bc3a1a509,PASS,WARNING,True,False,False,False
158,485b50c8-71e1-4654-9a07-64395c15f5ed,PASS,PASS,False,False,False,False
160,4994543f-20e8-4421-adca-8739984e07ad,PASS,PASS,False,False,False,False
161,49a86b2e-3db4-42f2-8da8-7ebb7e482c70,PASS,FAIL,True,False,False,True
162,4b93a168-0f3b-4124-88fa-a57046ca70e1,PASS,PASS,False,False,False,False
163,4c04120d-523a-4795-ba8f-49dbb8d9f63a,PASS,FAIL,True,False,True,False
164,4e6dfe08-cab0-4a05-903b-94283cb9f8e7,PASS,FAIL,False,True,False,False
165,4ea45238-55b1-4d54-ba92-efa47feb9f57,PASS,FAIL,True,True,False,False
166,4f10fbb7-57be-427b-bb1d-a19bd31dc27b,PASS,PASS,False,False,False,False
167,4f46198d-c54d-4627-9e4e-3c8fd4c3c070,PASS,PASS,False,False,False,False
168,5011eba9-8926-4a73-b729-579d02676d25,PASS,PASS,False,False,False,False
169,501ab543-9d02-4085-956d-22b9b3eeb543,PASS,PASS,False,False,False,True
170,50445b30-f4ef-4405-b014-1d792ddfed88,PASS,FAIL,False,True,False,False
171,507b20cf-4ab0-4f55-9a81-88b02839d127,PASS,FAIL,True,True,False,False
172,50ebb677-e4a3-4421-b74f-1997a9cd1ad1,WARNING,WARNING,False,True,False,True
173,50f1512d-dd41-4a0c-b3ab-b0564f0424d7,PASS,PASS,False,False,False,False
175,516b2043-0176-49a3-a986-132b3d02f28a,PASS,PASS,False,False,False,False
176,523f8301-4f56-4faf-ab33-a9ff11331118,PASS,PASS,False,False,False,False
177,5245b505-d0e7-4942-94d1-b33a084fab03,PASS,WARNING,True,False,False,False
178,530f1670-9412-44ac-afdb-935d46bcaad3,PASS,WARNING,False,True,False,False
179,531423f6-d36d-472b-8234-c8f7b8293f79,PASS,PASS,False,False,False,False
180,532bb33e-f22f-454a-ba1f-561d1578b250,PASS,PASS,False,False,False,True
181,53b58cc3-8d88-4257-aa63-48da088f2091,PASS,WARNING,False,True,False,False
182,53ecbf4f-e0d8-4fe6-a852-8b934a37a1c2,PASS,PASS,False,False,False,False
183,54455bff-7afd-4a16-835f-f79b7c30bae9,PASS,FAIL,True,False,False,True
184,5458cb27-d065-4626-bcd8-1aa775e1115e,PASS,PASS,False,True,False,False
185,54c8f5de-83d7-49b9-9b4c-67fe0f07289b,PASS,PASS,True,False,False,False
186,55001cb4-e10f-4657-9760-1228b590a69c,PASS,PASS,False,False,False,False
187,55423355-281c-41f2-8ef7-5aa098ffbbed,PASS,PASS,False,False,False,False
188,56f2a378-78d2-4132-b3c8-8c1ba82be598,PASS,PASS,False,False,False,False
189,57656bee-e32e-4848-b924-0f6f18cfdfb1,PASS,FAIL,False,True,False,False
190,577e4741-4b15-4e91-b81b-61304a09bfb5,PASS,FAIL,False,True,False,False
191,578ca001-8cf5-4d30-b58f-1d574eaf808a,WARNING,FAIL,False,True,False,False
192,57acb640-4f64-4a89-bedf-69351a3aea75,PASS,PASS,False,False,False,False
193,57c5856a-c7bd-4d0f-87c6-37005b1484aa,PASS,FAIL,False,True,False,False
194,5810514e-2a86-4a34-b7bd-1e4b0b601295,WARNING,PASS,False,False,False,False
195,58b271d5-f728-4de8-b2ae-51908931247c,PASS,FAIL,False,True,False,False
196,594664af-9033-4651-861d-2be9277c9866,PASS,PASS,False,False,False,False
197,5a2f99aa-d3f5-469d-882e-0a16ee869746,PASS,PASS,True,False,False,False
198,5a34d971-1cb3-4f0e-8dfe-e51e2313a668,PASS,PASS,True,False,False,False
199,5a4740a3-8e93-495d-b6cf-83dccba01d7a,PASS,FAIL,False,True,False,False
200,5a5a2320-3b0d-485d-aba2-dc96357e00d8,PASS,PASS,False,False,False,False
201,5a9f8899-556a-43ea-892d-5e35b969ff38,WARNING,WARNING,False,False,False,True
202,5b489aee-75e8-42af-aca6-3026d9a54c2d,PASS,FAIL,False,True,False,False
203,5c278ffe-6452-4c36-b17f-2050c74e13b1,PASS,PASS,False,False,False,False
204,5d570bf6-a4c6-4bf1-a14b-2c878c84ef0e,PASS,WARNING,False,True,False,False
205,5d9a5895-0f28-416c-a6d6-3e781658ea57,PASS,FAIL,False,True,False,False
206,5e84c8e7-236f-4a64-a944-dc4a17c64f1d,PASS,PASS,False,False,False,False
207,5f7766ce-8e2e-410c-9195-6bf089fea4fd,PASS,FAIL,False,True,False,False
208,5fd00035-89d6-4e7c-bb26-f103388b731d,PASS,PASS,False,False,False,False
209,61ed1a53-2f33-4a83-82ba-ec7dfa65bf60,PASS,PASS,False,False,False,False
210,625a7bc9-00cf-44f6-a508-3ed89d23ba3a,PASS,PASS,False,False,False,False
211,6292dc98-e2f1-45de-b045-56d98fdaca75,PASS,PASS,False,False,False,False
212,62a97aee-9f8b-40be-9ea7-f785ede30df8,PASS,PASS,False,False,False,False
213,63435e73-6a72-4007-b0da-03e6473e6870,PASS,PASS,False,False,False,False
214,63517fd4-ece1-49eb-9259-371dc30b1dd6,PASS,PASS,False,False,False,False
215,6358854e-51d2-47de-a278-5cbfd155feb6,PASS,PASS,False,False,False,True
216,63679ae2-6c87-495b-b888-a7273e545636,PASS,FAIL,True,True,False,False
217,63a32e5c-f63a-450d-85cb-140947b67eaf,PASS,PASS,False,False,False,False
218,642a3373-6fee-4f2a-b8d6-38dd42ada763,WARNING,PASS,False,False,False,False
219,64aadf54-d662-4934-8c08-cad14ee5b69f,PASS,FAIL,False,False,False,False
220,64d04585-67e7-4320-baad-8d4589fd18f7,PASS,PASS,False,False,False,False
221,64f4afa4-ec5f-4ad6-ab28-415a9a8098ed,PASS,PASS,False,False,False,True
222,6506252f-1141-4e11-8816-4db01b71dda0,PASS,PASS,True,False,False,True
223,6638cfb3-3831-4fc2-9327-194b76cf22e1,PASS,FAIL,False,True,False,False
225,664de6d9-bba2-424b-b76c-bb61900c015f,PASS,PASS,False,False,False,False
226,66f810a8-b18d-4b54-9f28-2964dfceccad,PASS,PASS,False,False,False,False
227,6728ddac-63ba-4e63-9884-395c7c16c7a3,PASS,FAIL,False,True,False,False
228,675952a4-e8b3-4e82-a179-cc970d5a8b01,N.A.,PASS,False,False,False,False
229,688606f8-9733-46f2-8331-b2dd84c5d385,PASS,PASS,False,False,False,False
230,68c98fb2-402b-4670-9b3b-0c77619998ea,PASS,WARNING,False,False,False,True
231,68f06c5f-8566-4a4f-a4b1-ab8398724913,PASS,FAIL,False,True,False,False
232,68f5f1e4-5e88-4aa5-8a1a-94b691adb11e,PASS,WARNING,True,False,False,False
233,695476f6-4c14-4a2f-b658-948514629079,PASS,PASS,False,False,False,False
234,69f42a9c-095d-4a25-bca8-61a9869871d3,PASS,WARNING,True,False,False,False
235,6a098711-5423-4072-8909-7cff0e2d4531,PASS,FAIL,True,True,False,False
236,6a22a5b4-79ec-4b3c-b023-1ec7b4a2b675,PASS,PASS,False,False,False,False
237,6aa08c75-8ee5-457d-9794-b89ee1c4453f,PASS,PASS,False,False,False,False
238,6ad5a0a6-362a-4aec-8743-2e91469b0b62,PASS,PASS,False,False,False,False
239,6b6af675-e1ef-43a6-b408-95cfc71fe2cc,PASS,WARNING,True,False,False,True
240,6bd246d2-b2c2-4a88-ac44-1a3e0facbaee,PASS,WARNING,True,False,False,False
241,6be21156-33b0-4f70-9a0f-65b3e3cd6d4a,PASS,PASS,False,False,False,False
242,6d24683c-da42-4610-baf0-7ceee7014394,PASS,PASS,False,False,False,False
243,6d3b68e0-3efd-4b03-b747-16e44118a0a9,PASS,PASS,False,False,False,False
245,6eb8be8d-d089-43c6-b2e4-a6558ca16dcf,PASS,PASS,False,False,False,False
246,6efc58a4-e1cd-4eca-9205-7e4898cc1f8b,PASS,PASS,False,True,False,False
247,6fc4d73c-2071-43ec-a756-c6c6d8322c8b,PASS,PASS,False,False,False,False
248,701026df-e170-4ca7-88aa-eb0b95ef6ba1,PASS,WARNING,True,False,False,False
249,70da415f-444d-4148-ade7-a1f58a16fcf8,PASS,PASS,False,True,False,False
250,72274871-80e5-4fb9-be1a-bb04acebb1de,PASS,FAIL,True,False,True,False
251,727ff7c4-d63f-4bd8-9888-f134a25b874f,PASS,WARNING,True,True,False,True
252,72c095b0-c7ab-4e22-a4aa-4163102de553,PASS,FAIL,True,True,False,False
253,7332e6cf-9847-4aca-b2e3-d864989dd0fb,PASS,FAIL,True,True,False,True
254,73ff4936-8cd3-4a75-a772-f563e67d249d,WARNING,PASS,False,False,False,False
255,7441d0df-ef9b-419b-ae4d-b9bd7c2f17cb,PASS,FAIL,False,True,False,False
256,749cb2b7-e57e-4453-a794-f6230e4d0226,PASS,PASS,False,False,False,False
257,7587e3bb-dd11-4853-b48b-feab0b56ae05,PASS,FAIL,False,True,False,False
258,76c5c1a1-3617-4727-9f75-d975c9a08203,PASS,FAIL,False,True,False,False
259,76de0e1a-30aa-4713-9fe5-25ad2dff653f,WARNING,WARNING,False,True,False,False
260,76f16631-cbf7-4883-9437-4e8d8c4f34a3,PASS,FAIL,False,True,False,True
261,7791ee46-5c13-4d1b-8518-5602dcb8666b,PASS,PASS,False,True,False,True
262,779fbed1-4b0e-4d7d-8882-6650690221a0,PASS,PASS,False,False,False,False
263,784c5282-2749-48ca-b211-100d0b24e29b,PASS,FAIL,False,True,False,True
264,789fd2ee-c755-46c5-9c6f-260092520216,PASS,FAIL,False,True,False,False
265,7909c0aa-c074-4e19-aabf-b8167c682a5b,PASS,PASS,False,False,False,False
266,79628a45-c2e3-4206-97df-4c91edaff90f,PASS,PASS,False,False,False,False
267,799d899d-c398-4e81-abaf-1ef4b02d5475,PASS,PASS,False,False,False,False
268,79b2e46e-e2ee-446e-b875-9aff03ef52d2,PASS,PASS,False,False,False,False
269,79f44ba1-c931-4346-82eb-f628a9374045,N.A.,PASS,False,True,False,False
270,79fbd14b-bfad-4b28-90a9-3019bf72336f,PASS,PASS,False,True,False,False
271,7b05cccc-44f6-4491-a0ea-e38d6e95513d,PASS,PASS,False,False,False,False
272,7bc16ab1-1b0d-4f52-9e4b-210106ea344c,PASS,FAIL,False,True,False,False
273,7bd5627e-b02e-47f1-b476-4bf8eaa726b3,PASS,PASS,False,True,False,False
274,7be00744-2e27-4062-8f56-3969e24e9990,PASS,PASS,False,False,False,False
275,7beb9419-113d-4e47-938c-68ab2657031e,PASS,PASS,False,False,False,False
276,7c11adc6-adbd-484f-8ae9-13946285e3f8,PASS,FAIL,False,False,False,True
277,7c94d733-b913-4064-83f2-37422712204c,PASS,FAIL,True,True,False,False
278,7d1a2cb6-f482-4059-b596-53087caac8ec,PASS,PASS,False,False,False,False
279,7d63ab43-95e4-41f5-bd43-c629578de7a9,PASS,PASS,False,False,False,False
280,7d999a68-0215-4e45-8e6c-879c6ca2b771,PASS,PASS,False,False,False,False
281,7dcd74a9-fc7a-4c3c-85b9-769d869629ec,PASS,PASS,False,False,False,True
282,800e8e76-dc93-4e52-ae8d-e35ad26daefe,PASS,PASS,False,False,False,False
283,80f6ffdd-f692-450f-ab19-cd6d45bfd73e,PASS,FAIL,True,False,False,False
284,810416d1-ce3c-4b2e-a827-6cdc65c8cd5c,PASS,PASS,False,False,False,False
285,8169d556-f994-4735-b4c8-f7c85ddc39b0,PASS,FAIL,True,True,False,False
286,818d2996-766a-4fd9-82b8-7e4cb080af0e,PASS,PASS,False,True,False,False
287,81b1800e-f138-4337-abc9-bb0449b77852,PASS,PASS,False,False,False,False
288,81f0087b-2bd1-4e48-8e86-e8206aee3d9d,PASS,WARNING,True,False,False,False
289,825ba9b8-ce03-49b7-b1a8-4d85ae2185af,PASS,WARNING,False,True,False,False
290,82765a73-2a03-42ca-ba98-194247caa62e,PASS,PASS,False,False,False,False
291,834fca72-0b69-44e4-b77e-95a61290b50d,PASS,PASS,False,False,False,False
292,83716e49-3026-41a3-b021-1a4b6362f433,PASS,WARNING,True,False,False,False
293,8386f396-0a69-48b5-98d4-18801066ea76,PASS,PASS,False,False,False,False
294,84fd7fa3-6c2d-4233-b265-46a427d3d68d,PASS,PASS,False,False,False,False
296,86553ccc-2e51-4cfb-a8e6-80da6860c8d9,PASS,FAIL,False,True,False,False
297,869bac48-ad1b-46b8-be00-cf6b26aea40e,PASS,FAIL,False,True,False,False
298,8895f61f-1c17-4d2f-8b9b-77476c5261b6,PASS,PASS,False,False,False,True
299,88e1154c-bd92-446d-bd6d-550062666223,PASS,PASS,False,False,False,False
300,88fe9ed9-9e3e-431a-8ecc-4cb2fe5bf448,PASS,PASS,True,True,False,False
301,89606895-287e-4559-8536-9830b047af34,PASS,FAIL,False,True,False,False
302,898f8971-31e9-4fdb-b66e-2ae6d3a33a5b,PASS,PASS,False,False,False,False
303,8ab470cc-de5a-4d65-92bd-9a25fbe6d07d,PASS,PASS,False,False,False,False
304,8aba5f8c-4438-4588-9bb0-b20d2fd3eca5,PASS,PASS,False,False,False,False
305,8abf098f-d4f6-4957-9c0a-f53685db74cc,PASS,PASS,True,False,False,False
306,8ac7e5d5-57a4-41c8-a35d-8195784bfe95,PASS,PASS,False,False,False,False
307,8b735d77-b77b-4243-8821-37802bf402fe,PASS,PASS,False,False,False,False
308,8bf0f1a4-0d8c-4df3-a99e-f7c81c809652,PASS,FAIL,True,True,False,True
309,8ca1a850-26ef-42be-8b28-c2e2d12f06d6,PASS,PASS,False,False,False,False
310,8d0a5caf-2be2-48c1-bf1a-f538bacd46b4,PASS,FAIL,True,True,False,False
311,8d59da25-3a9c-44be-8b1a-e27cdd39ca34,PASS,PASS,False,False,False,False
312,8d661567-49f3-4547-997d-a345c0ffe2dd,PASS,PASS,False,False,False,False
313,8d89b7d0-33e7-45c6-9972-d3ad4c1e5f4c,PASS,PASS,False,False,False,False
314,8ee585ba-d055-4bb5-bc5f-2266a3d62bf4,PASS,WARNING,False,False,False,False
315,8f2e16c4-893b-4f8f-bfb2-94fa452710ec,PASS,PASS,False,False,False,False
316,8f4fd564-7e34-4113-a6e4-ae40faa64f7a,PASS,PASS,False,False,False,False
317,8fbfa285-d721-4a1a-8c18-f36652c17909,PASS,PASS,False,False,False,False
318,9150758e-1390-41d1-b426-96675e60dbea,PASS,PASS,False,False,False,False
319,91fb4ed3-ee27-4d7e-ba5d-f61202ed9884,WARNING,FAIL,True,False,True,False
320,920865d3-1581-4e81-bd63-ab2186024564,PASS,PASS,False,False,False,False
322,9373cd09-a591-42be-9343-ed6f06b7056d,PASS,FAIL,True,True,False,False
323,94761f31-0dfc-4f67-87ef-6d1ac7f95144,PASS,WARNING,False,False,False,False
324,9486a103-c53e-4a60-b202-4efcc6278d44,PASS,PASS,False,False,False,False
325,94e948c1-f7be-4868-893a-f7cd2df3313e,PASS,PASS,True,False,False,False
326,954b1983-e603-4611-ba15-dc2db6f988ab,PASS,PASS,False,False,False,False
327,958b1089-a066-43e2-990d-8aad703429a2,PASS,PASS,False,False,False,False
328,95fd67e6-cbff-4356-80c7-5a03b1bf6b8a,PASS,PASS,False,False,False,False
329,9657af01-50bd-4120-8303-416ad9e24a51,PASS,PASS,False,False,False,False
330,96c816ad-9a48-46a4-8a84-9a73cc153d69,PASS,PASS,True,False,False,False
331,96fe2729-b5a2-4e77-92bb-9df410144768,PASS,PASS,False,False,False,False
332,97207d87-3fcd-4ebb-b0c7-087bdbf8a95c,PASS,WARNING,False,True,False,True
333,9793c99d-f918-4931-8bba-fdb978bd8e0a,PASS,FAIL,False,True,False,True
334,98bde8a6-6b6a-4e53-96b1-9078c3974a97,PASS,PASS,False,False,False,True
335,99086aba-f671-42b5-bdc0-e665c61f5452,PASS,WARNING,False,False,False,False
337,9991277b-9e8e-4db8-b8a6-e2c0176ef9ad,PASS,FAIL,False,True,False,False
338,99993a2b-588e-4c0c-bfec-e3dfb4f61534,PASS,PASS,False,False,False,False
339,9ac90b86-fc72-4ca0-9389-c8b3a77da437,PASS,WARNING,False,False,False,False
340,9b3ad89a-177f-4242-9a96-2fd98721e47f,PASS,PASS,False,False,False,False
341,9bd71ac6-c455-41f3-8c56-59987a649ac4,PASS,PASS,True,False,False,False
343,9e069684-a4be-4b70-b9e6-446309f977d4,PASS,FAIL,False,True,False,False
344,9e979599-11e1-4372-96fc-e80520f3e668,PASS,FAIL,False,True,False,False
345,9f78a787-c6d5-4e51-b4fb-1552e81eccd5,PASS,PASS,False,False,False,False
346,9f99bd34-40d4-4aac-ae2b-7bc7f7086ccb,PASS,PASS,True,False,False,False
347,a3d13b05-bf4d-427a-a2d5-2fe050d603ec,PASS,PASS,False,False,False,False
348,a3ebc7f4-813a-4f06-a33e-9825c878f9c2,PASS,FAIL,False,False,False,True
349,a4d9d9d5-6ea3-4234-aa28-e064e83626fa,PASS,PASS,False,False,False,False
350,a4ed0599-4a72-4afb-8fe9-d0d046aec6aa,PASS,FAIL,False,False,False,False
351,a5f2ec22-0ff3-4249-bd2f-6247c3990e53,WARNING,PASS,False,False,False,False
352,a6bcfe32-69ce-414f-80bc-495d1b4906af,PASS,PASS,False,False,False,False
353,a6f9e4d5-5f20-4a98-9118-22187f4d230b,PASS,PASS,True,False,False,False
354,a6fe3779-2b77-4b66-a625-a6078720e412,PASS,PASS,False,False,False,False
355,a85b9795-f99c-4c1d-a376-8b5ef095ffd7,PASS,PASS,False,False,False,False
356,a8adabd7-7979-4fcf-99e7-d9bd9d27896f,PASS,PASS,False,False,False,False
357,a94a0023-d461-49fa-8cc6-032237039c27,PASS,WARNING,True,False,False,False
358,a9c9df46-85f3-46ad-848d-c6b8da4ae67c,PASS,WARNING,True,False,False,False
359,a9e83d8a-7c90-4152-abad-53a1ad94d73a,PASS,PASS,False,False,False,False
360,aab5be05-5c1c-4c08-9739-1274bc3bcf4f,PASS,PASS,False,False,False,False
361,aac3b928-e99a-4039-ace1-af45d0130d82,PASS,PASS,False,False,False,False
362,ac088ddb-9e1e-49ae-b341-46a8445cf809,PASS,PASS,False,False,False,False
363,ac839451-05bc-493e-b167-558b2b195baa,PASS,FAIL,True,False,False,False
364,acf04c3f-650a-4de0-b0d0-edf695dd2025,PASS,PASS,False,False,False,False
365,ad256265-03f2-4b4e-954b-0ba0c5cf6707,WARNING,PASS,False,False,False,False
366,ad315779-2b39-46c4-8348-b166e796fa7c,PASS,PASS,False,False,False,False
367,ad714133-1e03-4d3a-8427-33fc483daf1a,PASS,PASS,False,False,False,False
368,adca9242-0725-41d4-8eb1-5655a464431d,PASS,PASS,False,False,False,False
369,adcd791c-ead3-4572-a9cb-028bbee1d2e4,PASS,PASS,False,False,False,False
370,ae03524f-e493-4077-99b1-588244de9a98,PASS,PASS,False,False,False,False
371,ae2b9f1b-ebe3-4b56-8957-31982186e6ec,PASS,PASS,False,False,False,False
372,aeb06797-fddf-4ad2-b0ef-dd1b0f54d034,PASS,WARNING,False,False,False,False
373,aec2b14f-5dbc-400b-bf2e-dd13e711e2ff,PASS,FAIL,False,False,False,False
374,aecd7612-b5c5-4ad2-9e76-e5b783387e47,PASS,FAIL,False,False,False,False
375,af1e9dee-8c26-4b2b-ac43-358221048797,PASS,PASS,False,False,False,False
376,af2a0072-e17e-4368-b80b-1359bf6d4647,WARNING,PASS,False,False,False,False
377,af775340-53d0-43cd-9cda-48e32b95adca,PASS,PASS,False,False,False,False
378,afe87fbb-3a17-461f-b333-e22903f1d70d,PASS,PASS,False,False,False,False
381,b25799a5-09e8-4656-9c1b-44bc9cbb5279,PASS,PASS,False,False,False,False
382,b2ea68e2-c732-4d17-8166-1a8595fff225,WARNING,PASS,False,False,False,False
383,b3065f45-7227-4099-9f8c-7e81e677d8cf,PASS,WARNING,True,False,False,False
384,b33e4298-a735-4781-8dea-d7203b4137fb,PASS,PASS,False,False,False,False
385,b375a0ee-4c5a-4a53-9cea-d753f206e5c5,PASS,PASS,False,False,False,False
386,b40d8c65-7ee8-4069-8b64-1a3f7907742f,PASS,PASS,False,False,False,False
387,b4131145-9675-4433-88e1-9ae016c701dd,PASS,PASS,False,False,False,False
388,b45c8f3f-6361-41df-9bc1-9df98b3d30e6,PASS,PASS,False,False,False,False
389,b46e219c-6a87-4a93-9924-1070841381e9,PASS,PASS,False,False,False,False
390,b543e81e-4c8f-415e-82ec-631b177d19d2,PASS,FAIL,False,True,False,False
391,b549e337-acc5-4837-9c56-e53b173fe5fe,PASS,WARNING,True,False,False,True
392,b73ef9cf-462c-4de3-ae61-5907790ebd0e,PASS,PASS,True,False,False,False
393,b749446c-18e3-4987-820a-50649ab0f826,PASS,PASS,False,False,False,False
394,b7612153-372f-415a-9770-7101fbbbdc59,PASS,PASS,False,False,False,False
395,b76f24ea-95b1-4a0e-95eb-9c39b1283c40,PASS,PASS,False,False,False,False
396,b78b3c42-eee5-47c6-9717-743b78c0b721,PASS,PASS,False,False,False,False
397,b7c57ce1-a75b-410a-94b6-8abee5a92c4f,PASS,PASS,False,False,False,False
398,b83407f8-8220-46f9-9b90-a4c9f150c572,PASS,WARNING,False,False,False,False
399,b8dbd3af-a589-41e4-878c-3372eaa1a8f6,PASS,PASS,True,False,False,False
400,b8df4cc3-e973-4267-8cf8-a55cea77e1ac,PASS,PASS,False,False,False,False
401,b910cbe2-0c68-40b2-b9f1-268e7c28320a,PASS,PASS,False,False,False,False
402,b939cc85-6028-404a-995d-28c8405a07db,PASS,PASS,False,False,False,False
403,b976e816-bc24-42e3-adf4-2801f1a52657,PASS,PASS,False,False,False,False
404,b98f6b89-3de4-4295-be1c-59e465de1e32,PASS,PASS,False,False,False,False
405,b9b101cf-24d3-4c2a-8464-bc91b9f0c767,PASS,PASS,False,False,False,False
406,ba291bec-4492-4d7f-a6aa-483ebb64b3c3,PASS,FAIL,False,False,False,False
407,bbe6ebc1-d32f-42dd-a89c-211226737deb,PASS,PASS,False,False,False,False
408,bbf6a51e-2999-4982-803f-8769db095dd2,PASS,WARNING,False,False,False,False
409,bc2f8bde-9498-41d7-b9db-83bd05cd34ba,PASS,FAIL,True,False,False,True
410,bdb2ec51-d948-4428-b2cc-2c6cd5bf5fe3,PASS,FAIL,False,False,False,False
411,be76cfe3-b2bb-4358-956b-0fad07215972,PASS,PASS,False,False,False,False
412,be95fb3b-d607-409a-968e-98a3e9bcb577,PASS,PASS,False,False,False,False
413,be9a2119-a4d7-4e62-82a1-b1a6623ecc99,PASS,PASS,False,False,False,False
414,bebe7c8f-0f34-4c3a-8fbb-d2a5119d2961,PASS,PASS,False,False,False,False
415,bef552f5-efd8-4e98-8467-d54ac7c4ef41,PASS,PASS,False,False,False,False
416,bf591043-03c2-48bb-9197-e17e85aaeb8f,WARNING,PASS,False,False,False,False
417,bf99284f-dc34-4652-baf1-ffaa1cc7fb05,PASS,PASS,False,False,False,False
418,bfda40f8-a7a7-47cd-a439-39fb5cd7873f,PASS,FAIL,False,True,False,False
419,c07d13ed-e387-4457-8e33-1d16aed3fd92,WARNING,PASS,False,False,False,False
420,c0c3bcca-6a79-47ef-becb-b1a157a3f2cb,PASS,PASS,False,False,False,False
421,c0c3c95d-43c3-4e30-9ce7-0519d0473911,WARNING,WARNING,False,True,False,True
422,c0e59477-43f0-4441-9f81-3a55ddad9dad,PASS,FAIL,False,True,False,False
423,c16b8e98-100f-40ce-b417-b1524c7e1270,PASS,PASS,False,False,False,False
424,c17772a9-21b5-49df-ab31-3017addea12e,PASS,PASS,False,False,False,False
425,c2184312-2421-492b-bbee-e8c8e982e49e,PASS,PASS,False,False,False,False
426,c2363000-27a6-461e-940b-15f681496ed8,PASS,PASS,False,False,False,False
427,c250d4f4-7516-4cf1-a8bd-04873ca9e21c,PASS,WARNING,False,True,False,False
428,c2ebf259-9777-4a8f-b1de-5302776961d2,WARNING,PASS,False,False,False,False
429,c410fda5-a6db-4697-a7e3-6ed65601844d,PASS,WARNING,False,False,False,False
430,c42574be-0456-437f-8329-afc5a63b7e78,PASS,PASS,False,False,False,False
431,c4b5a9fa-10cb-4195-9c17-15b6a1f77f9a,PASS,PASS,False,False,False,False
432,c4f6665f-8be5-476b-a6e8-d81eeae9279d,PASS,PASS,True,True,False,False
433,c536b0a9-b710-43c3-ba2c-5a0cccf98ec2,PASS,PASS,False,False,False,False
434,c6ba6f8e-c13e-410f-b7df-e193ba0d239d,PASS,WARNING,False,True,False,False
435,c736dc60-0726-410d-8419-cb6ea025d5b1,WARNING,WARNING,True,True,False,False
436,c84144db-4498-4627-b72a-975a6b618715,PASS,PASS,False,True,False,False
437,c872ca65-8319-4901-856e-7dc507e2dd9c,PASS,PASS,False,False,False,False
438,c9fb5e2e-bd92-41d8-8b7e-394005860a1e,PASS,PASS,False,False,False,False
439,ca073754-be17-43b7-a38a-0c1e5563ff32,PASS,PASS,True,False,False,False
440,ca5404f7-297c-40f1-bbf0-5ac0a63e24f8,PASS,PASS,True,False,False,False
441,cab81176-36cd-4c37-9353-841e85027d36,PASS,PASS,False,False,False,True
442,caf2170c-5463-46ce-8cd0-66f2e1e3376d,PASS,PASS,False,False,False,False
443,cb1c4327-5f5e-4286-85ed-840c85e82792,PASS,FAIL,False,False,False,False
444,cc9d666c-6fe5-418d-9b37-114428d25454,PASS,PASS,False,True,False,False
445,ccb501d1-a4fa-41c6-819e-54aaf74d439d,PASS,PASS,False,False,False,False
446,cde137a5-7a93-4968-ab61-5aedbd9ce3fb,PASS,WARNING,True,True,False,False
448,ce24bbe9-ae70-4659-9e9c-564d1a865de8,PASS,FAIL,False,True,False,False
449,ce397420-3cd2-4a55-8fd1-5e28321981f4,PASS,PASS,False,False,False,False
450,ce99545f-c6a5-4d53-8b68-0ceb78bd942e,PASS,FAIL,True,True,False,False
451,d06bdedb-e173-4fe5-a4f1-ab9ab53f9761,PASS,FAIL,False,True,False,False
452,d06f4b61-42c1-4a8d-a2a5-c1cf8f7d0e47,PASS,WARNING,False,False,False,False
453,d14f70e6-bf7b-4d6d-a380-bfd0a46ed7a1,PASS,FAIL,False,False,True,False
454,d151b391-e6e4-4daf-bd9c-191f4ad837b4,PASS,PASS,False,False,False,False
455,d1af1003-247b-4f76-988f-d55cbb72aa80,PASS,PASS,False,False,False,False
456,d213e786-4b1c-477d-a710-766d69fa1ac1,WARNING,PASS,False,False,False,False
457,d23dec01-b35e-4950-9afa-72a1b3e74148,PASS,PASS,False,False,False,False
458,d258bca2-bf18-4491-8d57-5322f705caec,PASS,PASS,False,False,False,False
459,d3b3c9a7-cf6a-4d25-b8da-e0f599a26191,PASS,PASS,False,False,False,True
460,d403c464-9d91-4338-b64b-81c299356972,PASS,PASS,False,False,False,False
461,d4291925-ad00-47fe-baaf-3fdff0991e86,PASS,PASS,False,False,False,False
462,d585f4b5-d154-4666-92c4-eb219f1e0f02,PASS,PASS,False,False,False,False
463,d591a59c-b49b-46ba-a914-df379ada9813,PASS,FAIL,True,False,False,False
464,d595ee58-75bb-4df3-96de-d9b4f4d1f6ab,PASS,PASS,False,True,False,False
465,d6c810b2-5922-4127-af2b-4b104bc55c2b,PASS,WARNING,False,True,False,False
466,d7ec0892-0a6c-4f4f-9d8f-72083692af5c,PASS,FAIL,False,True,False,False
467,d8c7d3f2-f8e7-451d-bca1-7800f4ef52ed,WARNING,WARNING,False,False,False,False
468,d8dae4d0-e11d-4b4d-8bd9-103c13491eb7,PASS,PASS,False,False,False,False
469,da17779f-7728-4c51-8b54-b88764c0908d,PASS,WARNING,False,True,False,False
470,da57bb3a-b0f2-465d-a5fc-cc84341450b0,PASS,PASS,False,False,False,False
471,da8dfec1-d265-44e8-84ce-6ae9c109b8bd,PASS,PASS,False,False,False,False
472,dab512bd-a02d-4c1f-8dbc-9155a163efc0,PASS,PASS,False,False,False,False
473,dac5defe-62b8-4cc0-96cb-b9f923957c7f,PASS,WARNING,False,True,False,False
474,db2100c3-64ac-463e-97a1-20ce8266cd5f,PASS,PASS,False,False,False,False
475,dc7e9403-19f7-409f-9240-05ee57cb7aea,PASS,PASS,False,False,False,False
476,dce4e63f-7ece-4dae-bd6e-5b116c2fbe37,PASS,FAIL,False,True,False,False
477,dd619e10-5df1-4c79-bd62-cc00937b5d36,PASS,PASS,False,False,False,True
478,de5d704c-4a5b-4fb0-b4af-71614c510a8b,PASS,FAIL,False,True,False,True
479,dec6ad00-01c8-4bfd-bcdc-b37c5e0cdb0e,PASS,PASS,False,False,False,False
480,decc8d40-cf74-4263-ae9d-a0cc68b47e86,PASS,PASS,False,False,False,False
481,df350b09-a420-42bb-9952-17862cbb9f1c,PASS,PASS,False,False,False,False
482,df6012d0-d921-4d0a-af2a-2a91030d0f42,PASS,FAIL,False,True,False,False
483,df7d2ca7-068b-4df2-9782-8f6bb7d67f18,PASS,PASS,False,False,False,False
484,e05af01e-8721-4ec7-8d0f-dc022b3bebc3,PASS,PASS,False,False,False,False
485,e070023a-2a5d-4398-ad66-f9ed5d517ad1,PASS,FAIL,False,True,False,False
486,e10a7a75-4740-41d1-82bb-7696ed14c442,PASS,N.A.,False,False,False,False
487,e17db2b6-b778-4e2a-845c-c4d040b0c875,WARNING,WARNING,False,False,False,False
488,e31b4e39-e350-47a9-aca4-72496d99ff2a,PASS,PASS,False,False,False,False
489,e42e948c-3154-45cb-bf52-408b7cda0f2f,PASS,PASS,False,False,False,False
490,e45a00b1-14a0-4f5e-9ea5-9f76d042b11c,PASS,PASS,False,False,False,False
491,e4632651-5ba7-48a7-86db-5298b45a5bac,PASS,WARNING,True,False,False,False
492,e52942b9-62b8-4cbf-9597-d73aea5cdb3e,PASS,FAIL,False,True,False,False
493,e55266c7-eb05-47bb-b263-1cc08dc3c00c,PASS,PASS,False,False,False,False
494,e5bc1f00-f4b8-4b35-a9b6-60d9cc7959a1,PASS,PASS,False,False,False,False
495,e6508b9a-9dec-47d7-88c7-b0a72c7d1134,PASS,PASS,False,False,False,False
496,e7080659-8319-48a6-b6fd-2e8ce8eeec49,PASS,PASS,False,False,False,False
497,e8129a86-b5a9-4d2e-9e9c-09689c9bf0b3,PASS,PASS,False,False,False,False
498,e88eb9f8-fff3-469a-854d-d16adef19df0,PASS,PASS,False,False,False,False
499,e8901184-9f60-4309-bee5-c3c95030550a,PASS,PASS,False,False,False,False
500,e8f9fba4-d151-4b00-bee7-447f0f3e752c,PASS,PASS,False,False,False,False
501,e92f8734-2c06-4168-9271-d00b3bf57c02,PASS,PASS,True,False,False,True
502,e96cbd77-5fdf-4a35-81f4-4a6361bded65,PASS,WARNING,True,False,False,False
504,e9cf749b-85dc-4b59-834b-325cec608c48,PASS,PASS,False,False,False,False
505,ea084e63-c0cb-4e11-8440-302de8fc76ee,PASS,PASS,False,False,False,False
506,ea931b15-6214-4b80-8d88-7acbbe071bc0,PASS,PASS,False,False,False,False
507,eab03c6e-bf98-48d2-8a0c-1887f34dd554,PASS,PASS,False,False,False,False
508,eb04cc7c-7c10-4e7f-8593-9c3b9b6986f5,WARNING,PASS,False,False,False,False
509,eb7e9f3f-b79d-4cdd-bc24-b13a4008c1b5,PASS,PASS,False,False,False,False
510,eb82b081-4edc-4d6a-89ee-3453d1c4c8f0,PASS,WARNING,False,False,False,False
511,eb99c2c8-e614-4240-931b-169bed23e9f5,PASS,PASS,False,False,False,False
512,ebd18510-c263-4d5b-a736-a588862a6972,PASS,PASS,False,False,False,False
513,ecde7e20-f135-47dd-8f96-adac49e4942e,PASS,PASS,False,False,False,False
514,ece878b9-830d-4618-b801-ad0e7d8e7085,PASS,PASS,False,False,False,False
515,ed469fda-4519-456f-a671-cf901222b4f8,PASS,PASS,False,False,False,False
516,eda7a3ac-f038-4603-9c68-816234e9c4eb,PASS,WARNING,False,True,False,False
517,ee320f72-b613-4acd-b10d-3ceef332a949,WARNING,PASS,False,False,False,False
518,eeb27b45-5b85-4e5c-b6ff-f639ca5687de,PASS,PASS,False,False,False,False
519,eebcaf65-7fa4-4118-869d-a084e84530e2,PASS,PASS,False,False,False,False
520,ef7e9f3e-a53a-4e00-8f6a-537667af2bea,PASS,PASS,False,False,False,False
521,f03b61b4-6b13-479d-940f-d1608eb275cc,PASS,PASS,False,False,False,False
522,f083fcd5-e456-433d-8aa5-6ace0a7ac170,PASS,FAIL,True,True,False,False
523,f0dfd1c1-d315-4cf8-9130-05d3be2ea0cb,PASS,FAIL,False,True,False,False
524,f211d54e-e7eb-4188-bdcd-faa9c4317e9e,PASS,PASS,False,False,False,False
525,f26a6ab1-7e37-4f8d-bb50-295c056e1062,PASS,PASS,False,False,False,False
526,f2a098e7-a67e-4125-92d8-36fc6b606c45,PASS,WARNING,False,False,False,False
527,f2ee886d-5b9c-4d06-a9be-ee7ae8381114,PASS,PASS,False,False,False,False
528,f31bef35-3f56-4ca9-a34f-09d678f03039,PASS,PASS,False,False,False,False
529,f336f6a4-f693-4b88-b12c-c5cf0785b061,PASS,PASS,False,False,False,False
530,f3988aec-b8c7-47d9-b1a0-5334eed7f92c,PASS,FAIL,False,False,False,False
531,f44d2056-644c-4769-a189-7efe67b0269d,PASS,PASS,False,False,False,False
532,f4bd76a6-66c9-41f3-9311-6962315f8fc8,PASS,PASS,False,False,False,False
533,f4f45cff-c45c-413a-92ea-b6533e3e0019,PASS,PASS,False,False,False,False
534,f4ff3ff8-19b7-40c7-bf6f-8b577b811ed1,PASS,PASS,False,False,False,False
535,f639f4f3-ac14-4114-b712-f445463597e4,PASS,PASS,False,False,False,False
536,f698f893-da01-49a1-ae4b-16f7e42e5ff5,PASS,WARNING,False,False,True,True
537,f74a6b9a-b8a5-4c80-9c30-7dd4cdbb48c0,PASS,PASS,False,False,False,False
538,f7c93877-ec05-4091-a003-e69fae0f2fa8,PASS,PASS,False,False,False,False
539,f8249eab-d4c2-4fb0-a258-7f4b99fa19e4,PASS,PASS,False,False,False,False
540,f84f36c9-88f8-4d80-ba34-7f7a2b254ece,PASS,PASS,False,False,False,False
541,f865ea6c-6288-4a77-9a94-ef740166e9c7,PASS,PASS,False,False,False,False
542,f86e9571-63ff-4116-9c40-aa44d57d2da9,PASS,PASS,False,False,False,False
543,f93bfce4-e814-4ae3-9cdf-59f4dcdedf51,PASS,PASS,False,False,False,False
544,f9656eee-141c-453d-a016-4aba68f674dc,PASS,PASS,False,False,False,False
545,f967a527-257f-404a-871d-b91575dca3b4,PASS,PASS,False,False,False,False
546,f9b2e36b-eef8-402f-b121-786dfed58bcb,PASS,WARNING,False,False,False,True
547,f9d783f9-7d2e-4b53-83f7-9409f788cbca,PASS,PASS,False,False,False,False
548,f9d8aacd-b2a0-49f2-bd71-c2f5aadcfdd1,PASS,PASS,False,False,False,False
549,fa539f97-a078-4fc6-9a12-237799466d9c,PASS,PASS,False,False,False,False
550,fb0de39b-c750-4adc-af18-12bf8a22ed41,PASS,PASS,False,False,False,False
551,fcc167d6-cb53-4dc7-a58f-06a53cfabc84,WARNING,PASS,True,False,False,False
552,fd555d39-b728-44aa-90d2-796b8bb58300,PASS,PASS,False,False,False,False
553,fddceb2e-82ba-493d-baba-c5d8af65981f,PASS,PASS,False,False,False,False
554,fdeff6df-7216-4b83-ab64-241e9fd173da,PASS,PASS,False,False,False,False
555,fe2d6fc9-b0c4-4256-b427-9c06950da925,PASS,PASS,False,False,False,False
556,fe380793-8035-414e-b000-09bfe5ece92a,PASS,PASS,False,False,False,False
557,fe6507ed-7725-467a-9d46-1101c32df1ca,PASS,PASS,False,False,False,False
558,febb430e-2d50-4f83-87a0-b5ffbb9a4943,PASS,PASS,False,False,False,False
559,ff5fceaf-8247-42ab-a187-f7876441899d,PASS,WARNING,True,False,False,False
560,ffb1b072-2de7-44a4-8115-5799b9866382,PASS,FAIL,False,True,False,False
