,eid,Paw,Pupil,Nose_tip,Licks
0,6713a4a7-faed-4df2-acab-ee4e63326f8d,,,,
1,56956777-dca5-468c-87cb-78150432cc57,,,,WARNING
2,56956777-dca5-468c-87cb-78150432cc57,,,,WARNING
3,a8a8af78-16de-4841-ab07-fde4b5281a03,PASS,,,FAIL
4,a8a8af78-16de-4841-ab07-fde4b5281a03,PASS,,,FAIL
5,032ffcdf-7692-40b3-b9ff-8def1fc18b2e,PASS,,,FAIL
6,032ffcdf-7692-40b3-b9ff-8def1fc18b2e,PASS,,,FAIL
7,8c33abef-3d3e-4d42-9f27-445e9def08f9,,,,
8,ebe2efe3-e8a1-451a-8947-76ef42427cc9,PASS,,,FAIL
9,ebe2efe3-e8a1-451a-8947-76ef42427cc9,PASS,,,FAIL
10,77e6dc6a-66ed-433c-b1a2-778c914f523c,FAIL,,,PASS
11,5569f363-0934-464e-9a5b-77c8e67791a1,FAIL,,,-
12,7af49c00-63dd-4fed-b2e0-1b3bd945b20b,PASS,PASS,PASS,PASS
13,7af49c00-63dd-4fed-b2e0-1b3bd945b20b,PASS,PASS,PASS,PASS
14,f88d4dd4-ccd7-400e-9035-fa00be3bcfa8,PASS,WARNING,PASS,PASS
15,83d85891-bd75-4557-91b4-1cbb5f8bfc9d,PASS,WARNING,PASS,FAIL
16,83d85891-bd75-4557-91b4-1cbb5f8bfc9d,PASS,WARNING,PASS,FAIL
17,aec5d3cc-4bb2-4349-80a9-0395b76f04e2,PASS,WARNING,PASS,PASS
18,aec5d3cc-4bb2-4349-80a9-0395b76f04e2,PASS,WARNING,PASS,PASS
19,21d21fc3-4201-4edc-802a-c67b61952548,,,,PASS
20,6ed57216-498d-48a6-b48b-a243a34710ea,,,,WARNING
21,6ed57216-498d-48a6-b48b-a243a34710ea,,,,WARNING
22,35ed605c-1a1a-47b1-86ff-2b56144f55af,,,,PASS
23,fa1f26a1-eb49-4b24-917e-19f02a18ac61,,,,PASS
24,fa1f26a1-eb49-4b24-917e-19f02a18ac61,,,,PASS
25,ee212778-3903-4f5b-ac4b-a72f22debf03,,,,WARNING
26,ee212778-3903-4f5b-ac4b-a72f22debf03,,,,WARNING
27,91a3353a-2da1-420d-8c7c-fad2fedfdd18,PASS,FAIL,PASS,PASS
28,91a3353a-2da1-420d-8c7c-fad2fedfdd18,PASS,FAIL,PASS,PASS
29,5157810e-0fff-4bcf-b19d-32d4e39c7dfc,PASS,WARNING,PASS,PASS
30,5157810e-0fff-4bcf-b19d-32d4e39c7dfc,PASS,WARNING,PASS,PASS
31,8ca740c5-e7fe-430a-aa10-e74e9c3cbbe8,,,,PASS
32,71855308-7e54-41d7-a7a4-b042e78e3b4f,,,,WARNING
33,71855308-7e54-41d7-a7a4-b042e78e3b4f,,,,WARNING
34,f359281f-6941-4bfd-90d4-940be22ed3c3,,,,FAIL
35,51e53aff-1d5d-4182-a684-aba783d50ae5,PASS,PASS,PASS,FAIL
36,51e53aff-1d5d-4182-a684-aba783d50ae5,PASS,PASS,PASS,FAIL
37,537677fe-1e24-4755-948c-fa4a4e8ecce5,PASS,PASS,PASS,WARNING
38,537677fe-1e24-4755-948c-fa4a4e8ecce5,PASS,PASS,PASS,WARNING
39,5bcafa14-71cb-42fa-8265-ce5cda1b89e0,PASS,PASS,PASS,PASS
40,5bcafa14-71cb-42fa-8265-ce5cda1b89e0,PASS,PASS,PASS,PASS
41,d32876dd-8303-4720-8e7e-20678dc2fd71,PASS,WARNING,PASS,PASS
42,72982282-e493-45ee-87ce-aa45cb3a3ec1,PASS,WARNING,PASS,PASS
43,72982282-e493-45ee-87ce-aa45cb3a3ec1,PASS,WARNING,PASS,PASS
44,6434f2f5-6bce-42b8-8563-d93d493613a2,PASS,WARNING,PASS,PASS
45,64e3fb86-928c-4079-865c-b364205b502e,,,,
46,15948667-747b-4702-9d53-354ac70e9119,PASS,WARNING,PASS,PASS
47,15948667-747b-4702-9d53-354ac70e9119,PASS,WARNING,PASS,PASS
48,288bfbf3-3700-4abe-b6e4-130b5c541e61,PASS,WARNING,PASS,PASS
49,288bfbf3-3700-4abe-b6e4-130b5c541e61,PASS,WARNING,PASS,PASS
50,fc43390d-457e-463a-9fd4-b94a0a8b48f5,PASS,WARNING,PASS,PASS
51,a405053a-eb13-4aa4-850c-5a337e5dc7fd,,,,PASS
52,93ad879a-aa42-4150-83e1-38773c9785e4,PASS,PASS,PASS,WARNING
53,3d59aa1a-b4ba-47fe-b9cf-741b5fdb0c7b,PASS,PASS,PASS,WARNING
54,034e726f-b35f-41e0-8d6c-a22cc32391fb,PASS,WARNING,PASS,PASS
55,034e726f-b35f-41e0-8d6c-a22cc32391fb,PASS,WARNING,PASS,PASS
56,dfd8e7df-dc51-4589-b6ca-7baccfeb94b4,PASS,WARNING,PASS,PASS
57,fa704052-147e-46f6-b190-a65b837e605e,PASS,PASS,PASS,PASS
58,fa704052-147e-46f6-b190-a65b837e605e,PASS,PASS,PASS,PASS
59,46794e05-3f6a-4d35-afb3-9165091a5a74,PASS,PASS,PASS,FAIL
60,7939711b-8b4d-4251-b698-b97c1eaa846e,PASS,PASS,PASS,PASS
61,b52182e7-39f6-4914-9717-136db589706e,PASS,PASS,PASS,PASS
62,2d5f6d81-38c4-4bdc-ac3c-302ea4d5f46e,PASS,WARNING,PASS,WARNING
63,2d5f6d81-38c4-4bdc-ac3c-302ea4d5f46e,PASS,WARNING,PASS,WARNING
64,4b7fbad4-f6de-43b4-9b15-c7c7ef44db4b,,,,PASS
65,4b7fbad4-f6de-43b4-9b15-c7c7ef44db4b,,,,PASS
66,c99d53e6-c317-4c53-99ba-070b26673ac4,PASS,WARNING,PASS,PASS
67,d839491f-55d8-4cbe-a298-7839208ba12b,PASS,WARNING,PASS,WARNING
68,d839491f-55d8-4cbe-a298-7839208ba12b,PASS,WARNING,PASS,WARNING
69,ecb5520d-1358-434c-95ec-93687ecd1396,PASS,WARNING,PASS,WARNING
70,ecb5520d-1358-434c-95ec-93687ecd1396,PASS,WARNING,PASS,WARNING
71,3663d82b-f197-4e8b-b299-7b803a155b84,PASS,WARNING,PASS,PASS
72,3663d82b-f197-4e8b-b299-7b803a155b84,PASS,WARNING,PASS,PASS
73,5386aba9-9b97-4557-abcd-abc2da66b863,PASS,WARNING,PASS,PASS
74,83e77b4b-dfa0-4af9-968b-7ea0c7a0c7e4,PASS,WARNING,PASS,PASS
75,83e77b4b-dfa0-4af9-968b-7ea0c7a0c7e4,PASS,WARNING,PASS,PASS
76,4b00df29-3769-43be-bb40-128b1cba6d35,PASS,WARNING,PASS,PASS
77,4b00df29-3769-43be-bb40-128b1cba6d35,PASS,WARNING,PASS,PASS
78,12dc8b34-b18e-4cdd-90a9-da134a9be79c,PASS,PASS,PASS,PASS
79,0deb75fb-9088-42d9-b744-012fb8fc4afb,PASS,WARNING,PASS,PASS
80,eef82e27-c20e-48da-b4b7-c443031649e3,PASS,PASS,PASS,PASS
81,810b1e07-009e-4ebe-930a-915e4cd8ece4,PASS,WARNING,PASS,PASS
82,a71175be-d1fd-47a3-aa93-b830ea3634a1,PASS,PASS,PASS,PASS
83,0cbeae00-e229-4b7d-bdcc-1b0569d7e0c3,PASS,FAIL,PASS,PASS
84,0cbeae00-e229-4b7d-bdcc-1b0569d7e0c3,PASS,FAIL,PASS,PASS
85,f312aaec-3b6f-44b3-86b4-3a0c119c0438,PASS,WARNING,PASS,PASS
86,f312aaec-3b6f-44b3-86b4-3a0c119c0438,PASS,WARNING,PASS,PASS
87,fb70ebf7-8175-42b0-9b7a-7c6e8612226e,PASS,WARNING,PASS,PASS
88,fb70ebf7-8175-42b0-9b7a-7c6e8612226e,PASS,WARNING,PASS,PASS
89,28741f91-c837-4147-939e-918d38d849f2,PASS,WARNING,PASS,PASS
90,28741f91-c837-4147-939e-918d38d849f2,PASS,WARNING,PASS,PASS
91,d2f5a130-b981-4546-8858-c94ae1da75ff,PASS,WARNING,PASS,PASS
92,d2f5a130-b981-4546-8858-c94ae1da75ff,PASS,WARNING,PASS,PASS
93,57b5ae8f-d446-4161-b439-b191c5e3e77b,PASS,WARNING,PASS,PASS
94,57b5ae8f-d446-4161-b439-b191c5e3e77b,PASS,WARNING,PASS,PASS
95,dda5fc59-f09a-4256-9fb5-66c67667a466,PASS,WARNING,PASS,PASS
96,dda5fc59-f09a-4256-9fb5-66c67667a466,PASS,WARNING,PASS,PASS
97,d16a9a8d-5f42-4b49-ba58-1746f807fcc1,PASS,WARNING,PASS,PASS
98,37e96d0b-5b4b-4c6e-9b29-7edbdc94bbd0,PASS,PASS,PASS,PASS
99,37e96d0b-5b4b-4c6e-9b29-7edbdc94bbd0,PASS,PASS,PASS,PASS
100,2e6e179c-fccc-4e8f-9448-ce5b6858a183,PASS,PASS,PASS,PASS
101,2e6e179c-fccc-4e8f-9448-ce5b6858a183,PASS,PASS,PASS,PASS
102,1191f865-b10a-45c8-9c48-24a980fd9402,PASS,WARNING,PASS,PASS
103,1191f865-b10a-45c8-9c48-24a980fd9402,PASS,WARNING,PASS,PASS
104,f10efe41-0dc0-44d0-8f26-5ff68dca23e9,PASS,FAIL,PASS,PASS
105,f10efe41-0dc0-44d0-8f26-5ff68dca23e9,PASS,FAIL,PASS,PASS
106,6364ff7f-6471-415a-ab9e-632a12052690,PASS,FAIL,PASS,PASS
107,7be8fec4-406b-4e74-8548-d2885dcc3d5e,PASS,WARNING,PASS,PASS
108,7be8fec4-406b-4e74-8548-d2885dcc3d5e,PASS,WARNING,PASS,PASS
109,d57df551-6dcb-4242-9c72-b806cff5613a,,,,PASS
110,19e66dc9-bf9f-430b-9d6a-acfa85de6fb7,FAIL,FAIL,FAIL,FAIL
111,824cf03d-4012-4ab1-b499-c83a92c5589e,PASS,WARNING,PASS,PASS
112,1f095590-6669-46c9-986b-ccaf0620c5e9,,,,WARNING
113,03d9a098-07bf-4765-88b7-85f8d8f620cc,,,,PASS
114,0c828385-6dd6-4842-a702-c5075f5f5e81,FAIL,FAIL,FAIL,FAIL
115,bb099402-fb31-4cfd-824e-1c97530a0875,,,,FAIL
116,111c1762-7908-47e0-9f40-2f2ee55b6505,,,,FAIL
117,111c1762-7908-47e0-9f40-2f2ee55b6505,,,,FAIL
118,5455a21c-1be7-4cae-ae8e-8853a8d5f55e,FAIL,FAIL,FAIL,FAIL
119,32d27583-56aa-4510-bc03-669036edad20,FAIL,FAIL,FAIL,FAIL
120,8a3a0197-b40a-449f-be55-c00b23253bbf,FAIL,FAIL,FAIL,FAIL
121,8a3a0197-b40a-449f-be55-c00b23253bbf,FAIL,FAIL,FAIL,FAIL
122,ebc9392c-1ecb-4b4b-a545-4e3d70d23611,FAIL,FAIL,FAIL,FAIL
123,19b44992-d527-4a12-8bda-aa11379cb08c,,,,FAIL
124,19b44992-d527-4a12-8bda-aa11379cb08c,,,,FAIL
125,3537d970-f515-4786-853f-23de525e110f,,,,FAIL
126,6f36868f-5cc1-450c-82fa-6b9829ce0cfe,,,,WARNING
127,6f36868f-5cc1-450c-82fa-6b9829ce0cfe,,,,WARNING
128,f99ac31f-171b-4208-a55d-5644c0ad51c3,,,,FAIL
129,e2b845a1-e313-4a08-bc61-a5f662ed295e,,,,FAIL
130,e2b845a1-e313-4a08-bc61-a5f662ed295e,,,,FAIL
131,2bdf206a-820f-402f-920a-9e86cd5388a4,,,,FAIL
132,2bdf206a-820f-402f-920a-9e86cd5388a4,,,,FAIL
133,fa8ad50d-76f2-45fa-a52f-08fe3d942345,FAIL,FAIL,FAIL,FAIL
134,8d316998-28c3-4265-b029-e2ca82375b2f,,,,FAIL
135,bda2faf5-9563-4940-a80f-ce444259e47b,,,,FAIL
136,16693458-0801-4d35-a3f1-9115c7e5acfd,,,,
137,16693458-0801-4d35-a3f1-9115c7e5acfd,,,,
138,e1931de1-cf7b-49af-af33-2ade15e8abe7,,,,
139,e1931de1-cf7b-49af-af33-2ade15e8abe7,,,,
140,b9c205c3-feac-485b-a89d-afc96d9cb280,,,,
141,6cf2a88a-515b-4f7f-89a2-7d53eab9b5f4,,,,
142,6cf2a88a-515b-4f7f-89a2-7d53eab9b5f4,,,,
143,16c3667b-e0ea-43fb-9ad4-8dcd1e6c40e1,,,,
144,16c3667b-e0ea-43fb-9ad4-8dcd1e6c40e1,,,,
145,dd87e278-999d-478b-8cbd-b5bf92b84763,,,,
146,dd87e278-999d-478b-8cbd-b5bf92b84763,,,,
147,15f742e1-1043-45c9-9504-f1e8a53c1744,,,,
148,15f742e1-1043-45c9-9504-f1e8a53c1744,,,,
149,a4000c2f-fa75-4b3e-8f06-a7cf599b87ad,,,,
150,a4000c2f-fa75-4b3e-8f06-a7cf599b87ad,,,,
151,cc45c568-c3b9-4f74-836e-c87762e898c8,,,,
152,cc45c568-c3b9-4f74-836e-c87762e898c8,,,,
153,a92c4b1d-46bd-457e-a1f4-414265f0e2d4,,,,
154,a92c4b1d-46bd-457e-a1f4-414265f0e2d4,,,,
155,aad23144-0e52-4eac-80c5-c4ee2decb198,,,,
156,aad23144-0e52-4eac-80c5-c4ee2decb198,,,,
157,8c552ddc-813e-4035-81cc-3971b57efe65,,,,
158,8c552ddc-813e-4035-81cc-3971b57efe65,,,,
159,07dc4b76-5b93-4a03-82a0-b3d9cc73f412,,,,
160,07dc4b76-5b93-4a03-82a0-b3d9cc73f412,,,,
161,9468fa93-21ae-4984-955c-e8402e280c83,,,,
162,9468fa93-21ae-4984-955c-e8402e280c83,,,,
163,e5c75b62-6871-4135-b3d0-f6464c2d90c0,,,,
164,e5c75b62-6871-4135-b3d0-f6464c2d90c0,,,,
165,a6fe44a8-07ab-49b8-81f9-e18575aa85cc,,,,
166,a6fe44a8-07ab-49b8-81f9-e18575aa85cc,,,,
167,781b35fd-e1f0-4d14-b2bb-95b7263082bb,,,,
168,781b35fd-e1f0-4d14-b2bb-95b7263082bb,,,,
169,571d3ffe-54a5-473d-a265-5dc373eb7efc,,,,
170,571d3ffe-54a5-473d-a265-5dc373eb7efc,,,,
171,0ac8d013-b91e-4732-bc7b-a1164ff3e445,,,,
172,0ac8d013-b91e-4732-bc7b-a1164ff3e445,,,,
173,69c9a415-f7fa-4208-887b-1417c1479b48,,,,
174,69c9a415-f7fa-4208-887b-1417c1479b48,,,,
175,dfbe628d-365b-461c-a07f-8b9911ba83aa,,,,
176,dfbe628d-365b-461c-a07f-8b9911ba83aa,,,,
177,aa3432cd-62bd-40bc-bc1c-a12d53bcbdcf,,,,
178,aa3432cd-62bd-40bc-bc1c-a12d53bcbdcf,,,,
179,0a018f12-ee06-4b11-97aa-bbbff5448e9f,,,,
180,4503697e-af44-47d9-898d-4924be990240,,,,
181,7082d8ff-255a-47d7-a839-bf093483ec30,,,,
182,7082d8ff-255a-47d7-a839-bf093483ec30,,,,
183,ac7d3064-7f09-48a3-88d2-e86a4eb86461,,,,
184,ac7d3064-7f09-48a3-88d2-e86a4eb86461,,,,
185,b22f694e-4a34-4142-ab9d-2556c3487086,,,,
186,b22f694e-4a34-4142-ab9d-2556c3487086,,,,
187,872ce8ff-9fb3-485c-be00-bc5479e0095b,,,,
188,872ce8ff-9fb3-485c-be00-bc5479e0095b,,,,
189,1b715600-0cbc-442c-bd00-5b0ac2865de1,,,,
190,1b715600-0cbc-442c-bd00-5b0ac2865de1,,,,
191,e45481fa-be22-4365-972c-e7404ed8ab5a,,,,
192,e45481fa-be22-4365-972c-e7404ed8ab5a,,,,
193,ffef0311-8ffa-49e3-a857-b3adf6d86e12,PASS,PASS,PASS,PASS
194,78b4fff5-c5ec-44d9-b5f9-d59493063f00,,,,
195,78b4fff5-c5ec-44d9-b5f9-d59493063f00,,,,
196,196a2adf-ff83-49b2-823a-33f990049c2e,,,,
197,196a2adf-ff83-49b2-823a-33f990049c2e,,,,
198,6b0b5d24-bcda-4053-a59c-beaa1fe03b8f,,,,
199,6b0b5d24-bcda-4053-a59c-beaa1fe03b8f,,,,
200,752456f3-9f47-4fbf-bd44-9d131c0f41aa,,,,
201,752456f3-9f47-4fbf-bd44-9d131c0f41aa,,,,
202,3f859b5c-e73a-4044-b49e-34bb81e96715,,,,
203,3f859b5c-e73a-4044-b49e-34bb81e96715,,,,
204,c8d46ee6-eb68-4535-8756-7c9aa32f10e4,,,,
205,1b9e349e-93f2-41cc-a4b5-b212d7ddc8df,,,,
206,1b9e349e-93f2-41cc-a4b5-b212d7ddc8df,,,,
207,f819d499-8bf7-4da0-a431-15377a8319d5,,,,
208,f819d499-8bf7-4da0-a431-15377a8319d5,,,,
209,8928f98a-b411-497e-aa4b-aa752434686d,,,,
210,8928f98a-b411-497e-aa4b-aa752434686d,,,,
211,446f4724-1690-49f9-819a-2bd8e2ea88ce,,,,
212,a2701b93-d8e1-47e9-a819-f1063046f3e7,,,,
213,0f25376f-2b78-4ddc-8c39-b6cdbe7bf5b9,PASS,PASS,PASS,PASS
214,ee13c19e-2790-4418-97ca-48f02e8013bb,PASS,PASS,PASS,PASS
215,db4df448-e449-4a6f-a0e7-288711e7a75a,PASS,PASS,PASS,PASS
216,3dd347df-f14e-40d5-9ff2-9c49f84d2157,PASS,WARNING,PASS,PASS
217,3c851386-e92d-4533-8d55-89a46f0e7384,PASS,PASS,PASS,PASS
218,158d5d35-a2ab-4a76-87b0-51048c5d5283,PASS,WARNING,PASS,PASS
219,30e5937e-e86a-47e6-93ae-d2ae3877ff8e,PASS,WARNING,PASS,PASS
220,413a6825-2144-4a50-b3fc-cf38ddd6fd1a,PASS,PASS,PASS,PASS
221,a19c7a3a-7261-42ce-95d5-1f4ca46007ed,PASS,PASS,PASS,PASS
222,e5c772cd-9c92-47ab-9525-d618b66a9b5d,PASS,WARNING,PASS,PASS
223,6668c4a0-70a4-4012-a7da-709660971d7a,PASS,PASS,PASS,PASS
224,4fa70097-8101-4f10-b585-db39429c5ed0,PASS,WARNING,PASS,PASS
225,90d1e82c-c96f-496c-ad4e-ee3f02067f25,PASS,PASS,PASS,PASS
226,bb6a5aae-2431-401d-8f6a-9fdd6de655a9,PASS,WARNING,PASS,PASS
227,931a70ae-90ee-448e-bedb-9d41f3eda647,PASS,PASS,PASS,PASS
228,02fbb6da-3034-47d6-a61b-7d06c796a830,PASS,PASS,PASS,PASS
229,7bee9f09-a238-42cf-b499-f51f765c6ded,PASS,WARNING,PASS,PASS
230,36280321-555b-446d-9b7d-c2e17991e090,PASS,FAIL,PASS,PASS
231,741979ce-3f10-443a-8526-2275620c8473,PASS,PASS,PASS,PASS
232,cf43dbb1-6992-40ec-a5f9-e8e838d0f643,PASS,FAIL,PASS,PASS
233,2f63c555-eb74-4d8d-ada5-5c3ecf3b46be,PASS,WARNING,PASS,PASS
234,9a629642-3a9c-42ed-b70a-532db0e86199,,,,
235,e535fb62-e245-4a48-b119-88ce62a6fe67,PASS,PASS,PASS,PASS
236,e535fb62-e245-4a48-b119-88ce62a6fe67,PASS,PASS,PASS,PASS
237,f25642c6-27a5-4a97-9ea0-06652db79fbd,PASS,PASS,PASS,PASS
238,f25642c6-27a5-4a97-9ea0-06652db79fbd,PASS,PASS,PASS,PASS
239,4720c98a-a305-4fba-affb-bbfa00a724a4,PASS,WARNING,PASS,PASS
240,4720c98a-a305-4fba-affb-bbfa00a724a4,PASS,WARNING,PASS,PASS
241,7622da34-51b6-4661-98ae-a57d40806008,PASS,WARNING,PASS,PASS
242,7622da34-51b6-4661-98ae-a57d40806008,PASS,WARNING,PASS,PASS
243,b658bc7d-07cd-4203-8a25-7b16b549851b,PASS,WARNING,PASS,PASS
244,b658bc7d-07cd-4203-8a25-7b16b549851b,PASS,WARNING,PASS,PASS
245,bd456d8f-d36e-434a-8051-ff3997253802,PASS,PASS,PASS,PASS
246,bd456d8f-d36e-434a-8051-ff3997253802,PASS,PASS,PASS,PASS
247,ee8b36de-779f-4dea-901f-e0141c95722b,PASS,PASS,PASS,PASS
248,ee8b36de-779f-4dea-901f-e0141c95722b,PASS,PASS,PASS,PASS
249,b39752db-abdb-47ab-ae78-e8608bbf50ed,PASS,PASS,PASS,PASS
250,b39752db-abdb-47ab-ae78-e8608bbf50ed,PASS,PASS,PASS,PASS
251,5339812f-8b91-40ba-9d8f-a559563cc46b,PASS,WARNING,PASS,PASS
252,5339812f-8b91-40ba-9d8f-a559563cc46b,PASS,WARNING,PASS,PASS
253,d23a44ef-1402-4ed7-97f5-47e9a7a504d9,PASS,WARNING,PASS,PASS
254,d23a44ef-1402-4ed7-97f5-47e9a7a504d9,PASS,WARNING,PASS,PASS
255,c3d9b6fb-7fa9-4413-a364-92a54df0fc5d,PASS,WARNING,PASS,PASS
256,c3d9b6fb-7fa9-4413-a364-92a54df0fc5d,PASS,WARNING,PASS,PASS
257,aa20388b-9ea3-4506-92f1-3c2be84b85db,PASS,WARNING,PASS,PASS
258,aa20388b-9ea3-4506-92f1-3c2be84b85db,PASS,WARNING,PASS,PASS
259,251ece37-7798-477c-8a06-2845d4aa270c,PASS,WARNING,PASS,PASS
260,251ece37-7798-477c-8a06-2845d4aa270c,PASS,WARNING,PASS,PASS
261,54238fd6-d2d0-4408-b1a9-d19d24fd29ce,PASS,PASS,PASS,PASS
262,e8b4fda3-7fe4-4706-8ec2-91036cfee6bd,PASS,PASS,PASS,PASS
263,e8b4fda3-7fe4-4706-8ec2-91036cfee6bd,PASS,PASS,PASS,PASS
264,cde63527-7f5a-4cc3-8ac2-215d82e7da26,PASS,PASS,PASS,PASS
265,4a45c8ba-db6f-4f11-9403-56e06a33dfa4,PASS,WARNING,PASS,PASS
266,4a45c8ba-db6f-4f11-9403-56e06a33dfa4,PASS,WARNING,PASS,PASS
267,f7335a49-4a98-46d2-a8ce-d041d2eac1d6,PASS,WARNING,PASS,PASS
268,f7335a49-4a98-46d2-a8ce-d041d2eac1d6,PASS,WARNING,PASS,PASS
269,9eec761e-9762-4897-b308-a3a08c311e69,PASS,PASS,PASS,PASS
270,9eec761e-9762-4897-b308-a3a08c311e69,PASS,PASS,PASS,PASS
271,9fe512b8-92a8-4642-83b6-01158ab66c3c,PASS,WARNING,PASS,PASS
272,9fe512b8-92a8-4642-83b6-01158ab66c3c,PASS,WARNING,PASS,PASS
273,26aa51ff-968c-42e4-85c8-8ff47d19254d,PASS,WARNING,PASS,PASS
274,26aa51ff-968c-42e4-85c8-8ff47d19254d,PASS,WARNING,PASS,PASS
275,e012d3e3-fdbc-4661-9ffa-5fa284e4e706,PASS,WARNING,PASS,PASS
276,e012d3e3-fdbc-4661-9ffa-5fa284e4e706,PASS,WARNING,PASS,PASS
277,948fd27b-507b-41b3-bdf8-f9f5f0af8e0b,PASS,WARNING,PASS,PASS
278,948fd27b-507b-41b3-bdf8-f9f5f0af8e0b,PASS,WARNING,PASS,PASS
279,2e22c1fc-eec6-4856-85a0-7dba8668f646,PASS,WARNING,PASS,PASS
280,2e22c1fc-eec6-4856-85a0-7dba8668f646,PASS,WARNING,PASS,PASS
281,64977c74-9c04-437a-9ea1-50386c4996db,PASS,WARNING,PASS,FAIL
282,9a6e127b-bb07-4be2-92e2-53dd858c2762,PASS,WARNING,PASS,PASS
283,09156021-9a1d-4e1d-ae59-48cbde3c5d42,PASS,PASS,PASS,PASS
284,90e524a2-aa63-47ce-b5b8-1b1941a1223a,PASS,PASS,PASS,FAIL
285,1d4a7bd6-296a-48b9-b20e-bd0ac80750a5,PASS,FAIL,PASS,FAIL
286,58c4bf97-ec3b-45b4-9db4-d5d9515d5b00,PASS,WARNING,PASS,PASS
287,10fac7a1-919d-4ca7-83c4-4675bd8d9416,PASS,FAIL,PASS,PASS
288,8b1f4024-3d96-4ee7-95f9-8a1dfd4ce4ef,PASS,WARNING,PASS,WARNING
289,68775ca0-b056-48d5-b6ae-a4c2a76ae48f,PASS,WARNING,PASS,PASS
290,f27e6cd6-cdd3-4524-b8e3-8146046e2a7d,PASS,WARNING,PASS,WARNING
291,1b61b7f2-a599-4e40-abd6-3e758d2c9e25,PASS,WARNING,PASS,PASS
292,cea755db-4eee-4138-bdd6-fc23a572f5a1,,,,
293,30af8629-7b96-45b7-8778-374720ddbc5e,PASS,PASS,PASS,FAIL
294,66d98e6e-bcd9-4e78-8fbb-636f7e808b29,FAIL,FAIL,FAIL,FAIL
295,f9860a11-24d3-452e-ab95-39e199f20a93,PASS,FAIL,PASS,FAIL
296,f9860a11-24d3-452e-ab95-39e199f20a93,PASS,FAIL,PASS,FAIL
297,f3ce3197-d534-4618-bf81-b687555d1883,PASS,WARNING,PASS,FAIL
298,6f09ba7e-e3ce-44b0-932b-c003fb44fb89,PASS,WARNING,PASS,PASS
299,6f09ba7e-e3ce-44b0-932b-c003fb44fb89,PASS,WARNING,PASS,PASS
300,695a6073-eae0-49e0-bb0f-e9e57a9275b9,WARNING,WARNING,WARNING,WARNING
301,6fb1e12c-883b-46d1-a745-473cde3232c8,PASS,WARNING,PASS,PASS
302,88d24c31-52e4-49cc-9f32-6adbeb9eba87,PASS,WARNING,PASS,PASS
303,c6db3304-c906-400c-aa0f-45dd3945b2ea,PASS,WARNING,PASS,PASS
304,4ecb5d24-f5cc-402c-be28-9d0f7cb14b3a,PASS,WARNING,PASS,PASS
305,4ecb5d24-f5cc-402c-be28-9d0f7cb14b3a,PASS,WARNING,PASS,PASS
306,dac3a4c1-b666-4de0-87e8-8c514483cacf,PASS,WARNING,PASS,PASS
307,dac3a4c1-b666-4de0-87e8-8c514483cacf,PASS,WARNING,PASS,PASS
308,875c1e5c-f7ec-45ac-ab82-ecfe7276a707,PASS,WARNING,PASS,PASS
309,875c1e5c-f7ec-45ac-ab82-ecfe7276a707,PASS,WARNING,PASS,PASS
310,81a1dca0-cc90-47c5-afe3-c277319c47c8,PASS,WARNING,PASS,PASS
311,81a1dca0-cc90-47c5-afe3-c277319c47c8,PASS,WARNING,PASS,PASS
312,493170a6-fd94-4ee4-884f-cc018c17eeb9,,,,
313,493170a6-fd94-4ee4-884f-cc018c17eeb9,,,,
314,360eac0c-7d2d-4cc1-9dcf-79fc7afc56e7,PASS,PASS,PASS,PASS
315,360eac0c-7d2d-4cc1-9dcf-79fc7afc56e7,PASS,PASS,PASS,PASS
316,d7e60cc3-6020-429e-a654-636c6cc677ea,PASS,WARNING,PASS,PASS
317,d7e60cc3-6020-429e-a654-636c6cc677ea,PASS,WARNING,PASS,PASS
318,f4ffb731-8349-4fe4-806e-0232a84e52dd,,,,
319,a4747ac8-6a75-444f-b99b-696fff0243fd,PASS,WARNING,PASS,PASS
320,c4432264-e1ae-446f-8a07-6280abade813,PASS,WARNING,PASS,PASS
321,c4432264-e1ae-446f-8a07-6280abade813,PASS,WARNING,PASS,PASS
322,9e9c6fc0-4769-4d83-9ea4-b59a1230510e,PASS,WARNING,PASS,PASS
323,09b2c4d1-058d-4c84-9fd4-97530f85baf6,PASS,PASS,PASS,PASS
324,09b2c4d1-058d-4c84-9fd4-97530f85baf6,PASS,PASS,PASS,PASS
325,5d6aa933-4b00-4e99-ae2d-5003657592e9,PASS,PASS,PASS,PASS
326,5d6aa933-4b00-4e99-ae2d-5003657592e9,PASS,PASS,PASS,PASS
327,63f3dbc1-1a5f-44e5-98dd-ce25cd2b7871,PASS,PASS,PASS,PASS
328,746d1902-fa59-4cab-b0aa-013be36060d5,PASS,PASS,PASS,PASS
329,746d1902-fa59-4cab-b0aa-013be36060d5,PASS,PASS,PASS,PASS
330,5b609f9b-75cb-43d3-9c39-b5b4b7a0db67,PASS,PASS,PASS,PASS
331,5b609f9b-75cb-43d3-9c39-b5b4b7a0db67,PASS,PASS,PASS,PASS
332,56bc129c-6265-407a-a208-cc16d20a6c01,PASS,PASS,PASS,PASS
333,1a507308-c63a-4e02-8f32-3239a07dc578,PASS,WARNING,PASS,PASS
334,1a507308-c63a-4e02-8f32-3239a07dc578,PASS,WARNING,PASS,PASS
335,f5591ac5-311d-4fa8-9bad-029d7be9c491,PASS,WARNING,PASS,PASS
336,ab8a0899-a59f-42e4-8807-95b14056104b,PASS,WARNING,PASS,PASS
337,71e03be6-b497-4991-a121-9416dcc1a6e7,PASS,WARNING,PASS,PASS
338,d0ea3148-948d-4817-94f8-dcaf2342bbbe,PASS,PASS,PASS,PASS
339,4aa1d525-5c7d-4c50-a147-ec53a9014812,PASS,PASS,PASS,PASS
340,9b5a1754-ac99-4d53-97d3-35c2f6638507,PASS,WARNING,PASS,PASS
341,2c44a360-5a56-4971-8009-f469fb59de98,PASS,PASS,PASS,PASS
342,2c44a360-5a56-4971-8009-f469fb59de98,PASS,PASS,PASS,PASS
343,3f6e25ae-c007-4dc3-aa77-450fd5705046,PASS,WARNING,PASS,PASS
344,113c5b6c-940e-4b21-b462-789b4c2be0e5,PASS,PASS,PASS,PASS
345,0b7ee1b6-42db-46cd-a465-08f531366187,PASS,PASS,PASS,PASS
346,a4a74102-2af5-45dc-9e41-ef7f5aed88be,PASS,PASS,PASS,PASS
347,a4a74102-2af5-45dc-9e41-ef7f5aed88be,PASS,PASS,PASS,PASS
348,72cb5550-43b4-4ef0-add5-e4adfdfb5e02,PASS,WARNING,PASS,PASS
349,72cb5550-43b4-4ef0-add5-e4adfdfb5e02,PASS,WARNING,PASS,PASS
350,d0c91c3c-8cbb-4929-8657-31f18bffc294,PASS,WARNING,PASS,PASS
351,6f6d2c8e-28be-49f4-ae4d-06be2d3148c1,PASS,WARNING,PASS,PASS
352,88224abb-5746-431f-9c17-17d7ef806e6a,PASS,WARNING,PASS,PASS
353,88224abb-5746-431f-9c17-17d7ef806e6a,PASS,WARNING,PASS,PASS
354,7cec9792-b8f9-4878-be7e-f08103dc0323,PASS,WARNING,PASS,WARNING
355,0802ced5-33a3-405e-8336-b65ebc5cb07c,PASS,WARNING,PASS,PASS
356,0802ced5-33a3-405e-8336-b65ebc5cb07c,PASS,WARNING,PASS,PASS
357,dd4da095-4a99-4bf3-9727-f735077dba66,,,,
358,dd4da095-4a99-4bf3-9727-f735077dba66,,,,
359,e5fae088-ed96-4d9b-82f9-dfd13c259d52,,,,
360,21e16736-fd59-44c7-b938-9b1333d25da8,PASS,PASS,PASS,PASS
361,53738f95-bd08-4d9d-9133-483fdb19e8da,PASS,PASS,PASS,PASS
362,d33baf74-263c-4b37-a0d0-b79dcb80a764,PASS,PASS,PASS,PASS
363,259927fd-7563-4b03-bc5d-17b4d0fa7a55,PLOTTING ERRORS,,,PASS
364,259927fd-7563-4b03-bc5d-17b4d0fa7a55,PLOTTING ERRORS,,,PASS
365,510b1a50-825d-44ce-86f6-9678f5396e02,PASS,WARNING,PASS,PASS
366,193fe7a8-4eb5-4f3e-815a-0c45864ddd77,PASS,PASS,PASS,PASS
367,ff4187b5-4176-4e39-8894-53a24b7cf36b,PASS,PASS,PASS,PASS
368,ff4187b5-4176-4e39-8894-53a24b7cf36b,PASS,PASS,PASS,PASS
369,465c44bd-2e67-4112-977b-36e1ac7e3f8c,PASS,WARNING,PASS,PASS
370,465c44bd-2e67-4112-977b-36e1ac7e3f8c,PASS,WARNING,PASS,PASS
371,e49d8ee7-24b9-416a-9d04-9be33b655f40,PLOTTING ERRORS,,,PASS
372,ee40aece-cffd-4edb-a4b6-155f158c666a,PASS,WARNING,PASS,PASS
373,ee40aece-cffd-4edb-a4b6-155f158c666a,PASS,WARNING,PASS,PASS
374,f8d5c8b0-b931-4151-b86c-c471e2e80e5d,PASS,PASS,PASS,PASS
375,f8d5c8b0-b931-4151-b86c-c471e2e80e5d,PASS,PASS,PASS,PASS
376,cb2ad999-a6cb-42ff-bf71-1774c57e5308,PASS,PASS,PASS,PASS
377,cb2ad999-a6cb-42ff-bf71-1774c57e5308,PASS,PASS,PASS,PASS
378,934dd7a4-fbdc-459c-8830-04fe9033bc28,,,,
379,fe1fd79f-b051-411f-a0a9-2530a02cc78d,PASS,WARNING,PASS,PASS
380,fe1fd79f-b051-411f-a0a9-2530a02cc78d,PASS,WARNING,PASS,PASS
381,4d8c7767-981c-4347-8e5e-5d5fffe38534,,,,
382,4d8c7767-981c-4347-8e5e-5d5fffe38534,,,,
383,1e45d992-c356-40e1-9be1-a506d944896f,FAIL,FAIL,FAIL,FAIL
384,1e45d992-c356-40e1-9be1-a506d944896f,FAIL,FAIL,FAIL,FAIL
385,03063955-2523-47bd-ae57-f7489dd40f15,PASS,FAIL,PASS,FAIL
386,768a371d-7e88-47f8-bf21-4a6a6570dd6e,PASS,FAIL,PASS,FAIL
387,768a371d-7e88-47f8-bf21-4a6a6570dd6e,PASS,FAIL,PASS,FAIL
388,45ef6691-7b80-4a43-bd1a-85fc00851ae8,PASS,FAIL,PASS,FAIL
389,45ef6691-7b80-4a43-bd1a-85fc00851ae8,PASS,FAIL,PASS,FAIL
390,fc14c0d6-51cf-48ba-b326-56ed5a9420c3,,,,
391,7416f387-b302-4ca3-8daf-03b585a1b7ec,PASS,WARNING,PASS,PASS
392,7416f387-b302-4ca3-8daf-03b585a1b7ec,PASS,WARNING,PASS,PASS
393,1928bf72-2002-46a6-8930-728420402e01,PASS,FAIL,PASS,FAIL
394,1928bf72-2002-46a6-8930-728420402e01,PASS,FAIL,PASS,FAIL
395,22e04698-b974-4805-b241-3b547dbf37bf,PASS,WARNING,PASS,PASS
396,7cb81727-2097-4b52-b480-c89867b5b34c,PASS,WARNING,PASS,PASS
397,7cb81727-2097-4b52-b480-c89867b5b34c,PASS,WARNING,PASS,PASS
398,f84045b0-ce09-4ace-9d11-5ea491620707,PASS,FAIL,PASS,FAIL
399,f84045b0-ce09-4ace-9d11-5ea491620707,PASS,FAIL,PASS,FAIL
400,239cdbb1-68e2-4eb0-91d8-ae5ae4001c7a,PASS,WARNING,PASS,PASS
401,239cdbb1-68e2-4eb0-91d8-ae5ae4001c7a,PASS,WARNING,PASS,PASS
402,75b6b132-d998-4fba-8482-961418ac957d,PASS,FAIL,PASS,PASS
403,75b6b132-d998-4fba-8482-961418ac957d,PASS,FAIL,PASS,PASS
404,032452e9-1886-449d-9c13-0f192572e19f,PASS,FAIL,PASS,PASS
405,56b57c38-2699-4091-90a8-aba35103155e,PASS,WARNING,PASS,PASS
406,56b57c38-2699-4091-90a8-aba35103155e,PASS,WARNING,PASS,PASS
407,91796ceb-e314-4859-9a1f-092f85cc846a,PASS,FAIL,PASS,FAIL
408,6c6983ef-7383-4989-9183-32b1a300d17a,PASS,FAIL,PASS,FAIL
409,6c6983ef-7383-4989-9183-32b1a300d17a,PASS,FAIL,PASS,FAIL
410,eebacd5a-7dcd-4ba6-9dff-ec2a4d2f19e0,PASS,FAIL,PASS,PASS
411,eebacd5a-7dcd-4ba6-9dff-ec2a4d2f19e0,PASS,FAIL,PASS,PASS
412,671c7ea7-6726-4fbe-adeb-f89c2c8e489b,PASS,FAIL,PASS,FAIL
413,671c7ea7-6726-4fbe-adeb-f89c2c8e489b,PASS,FAIL,PASS,FAIL
414,6bb5da8f-6858-4fdd-96d9-c34b3b841593,PASS,FAIL,PASS,FAIL
415,3638d102-e8b6-4230-8742-e548cd87a949,PASS,WARNING,PASS,PASS
416,f1db6257-85ef-4385-b415-2d078ec75df2,PASS,WARNING,PASS,PASS
417,f1db6257-85ef-4385-b415-2d078ec75df2,PASS,WARNING,PASS,PASS
418,d3a2b25e-46d3-4f0b-ade6-4e32255f4c35,PASS,WARNING,PASS,PASS
419,d3a2b25e-46d3-4f0b-ade6-4e32255f4c35,PASS,WARNING,PASS,PASS
420,9545aa05-3945-4054-a5c3-a259f7209d61,PASS,WARNING,PASS,PASS
421,9545aa05-3945-4054-a5c3-a259f7209d61,PASS,WARNING,PASS,PASS
422,1425bd6f-c625-4f6a-b237-dc5bcfc42c87,PASS,WARNING,PASS,PASS
423,e6043c7d-8f6e-4b66-8309-2ec0abac0f79,PASS,FAIL,PASS,WARNING
424,9b528ad0-4599-4a55-9148-96cc1d93fb24,PASS,WARNING,PASS,FAIL
425,63c70ae8-4dfb-418b-b21b-f0b1e5fba6c9,PASS,WARNING,PASS,WARNING
426,63c70ae8-4dfb-418b-b21b-f0b1e5fba6c9,PASS,WARNING,PASS,WARNING
427,3e6a97d3-3991-49e2-b346-6948cb4580fb,PASS,WARNING,PASS,PASS
428,3e6a97d3-3991-49e2-b346-6948cb4580fb,PASS,WARNING,PASS,PASS
429,eacc49a9-f3a1-49f1-b87f-0972f90ee837,PASS,FAIL,PASS,WARNING
430,eacc49a9-f3a1-49f1-b87f-0972f90ee837,PASS,FAIL,PASS,WARNING
431,5b49aca6-a6f4-4075-931a-617ad64c219c,PASS,WARNING,PASS,FAIL
432,d901aff5-2250-467a-b4a1-0cb9729df9e2,PASS,WARNING,PASS,PASS
433,27ef44c0-acb2-4220-b776-477d0d5abd35,PASS,WARNING,PASS,FAIL
434,27ef44c0-acb2-4220-b776-477d0d5abd35,PASS,WARNING,PASS,FAIL
435,1ca83b26-30fc-4350-a616-c38b7d00d240,PASS,WARNING,PASS,WARNING
436,1ca83b26-30fc-4350-a616-c38b7d00d240,PASS,WARNING,PASS,WARNING
437,e0928e11-2b86-4387-a203-80c77fab5d52,PASS,WARNING,PASS,PASS
438,e0928e11-2b86-4387-a203-80c77fab5d52,PASS,WARNING,PASS,PASS
439,6c6b0d06-6039-4525-a74b-58cfaa1d3a60,PASS,FAIL,PASS,PASS
440,6c6b0d06-6039-4525-a74b-58cfaa1d3a60,PASS,FAIL,PASS,PASS
441,0f77ca5d-73c2-45bd-aa4c-4c5ed275dbde,PASS,WARNING,PASS,PASS
442,0f77ca5d-73c2-45bd-aa4c-4c5ed275dbde,PASS,WARNING,PASS,PASS
443,ae8787b1-4229-4d56-b0c2-566b61a25b77,PASS,WARNING,PASS,PASS
444,5139ce2c-7d52-44bf-8129-692d61dd6403,PASS,FAIL,PASS,FAIL
445,5139ce2c-7d52-44bf-8129-692d61dd6403,PASS,FAIL,PASS,FAIL
446,49368f16-de69-4647-9a7a-761e94517821,PASS,FAIL,PASS,FAIL
447,ebe090af-5922-4fcd-8fc6-17b8ba7bad6d,,,,
448,d832d9f7-c96a-4f63-8921-516ba4a7b61f,PLOTTING ERRORS,,,
449,dcceebe5-4589-44df-a1c1-9fa33e779727,,,,
450,cae5cd75-55e5-4277-8db3-cf4d6c5ff918,,,,
451,4ef13091-1bc8-4f32-9619-107bdf48540c,,,,
452,4ddb8a95-788b-48d0-8a0a-66c7c796da96,,,,
453,4ddb8a95-788b-48d0-8a0a-66c7c796da96,,,,
454,f8041c1e-5ef4-4ae6-afec-ed82d7a74dc1,,,,
455,65f5c9b4-4440-48b9-b914-c593a5184a18,,,,
456,a7763417-e0d6-4f2a-aa55-e382fd9b5fb8,,,,
457,5285c561-80da-4563-8694-739da92e5dd0,PASS,WARNING,PASS,PASS
458,5285c561-80da-4563-8694-739da92e5dd0,PASS,WARNING,PASS,PASS
459,ff96bfe1-d925-4553-94b5-bf8297adf259,PASS,WARNING,PASS,WARNING
460,ff96bfe1-d925-4553-94b5-bf8297adf259,PASS,WARNING,PASS,WARNING
461,a9138924-4395-4981-83d1-530f6ff7c8fc,PASS,WARNING,PASS,FAIL
462,8c2f7f4d-7346-42a4-a715-4d37a5208535,,,,
463,09394481-8dd2-4d5c-9327-f2753ede92d7,PASS,WARNING,PASS,PASS
464,09394481-8dd2-4d5c-9327-f2753ede92d7,PASS,WARNING,PASS,PASS
465,dc21e80d-97d7-44ca-a729-a8e3f9b14305,PASS,WARNING,PASS,PASS
466,25d1920e-a2af-4b6c-9f2e-fc6c65576544,,,,
467,25d1920e-a2af-4b6c-9f2e-fc6c65576544,,,,
468,c728f6fd-58e2-448d-aefb-a72c637b604c,,,,
469,c728f6fd-58e2-448d-aefb-a72c637b604c,,,,
470,952870e5-f2a7-4518-9e6d-71585460f6fe,,,,
471,952870e5-f2a7-4518-9e6d-71585460f6fe,,,,
472,f304211a-81b1-446f-a435-25e589fe3a5a,,,,
473,f304211a-81b1-446f-a435-25e589fe3a5a,,,,
474,73918ae1-e4fd-4c18-b132-00cb555b1ad2,,,,
475,73918ae1-e4fd-4c18-b132-00cb555b1ad2,,,,
476,d2832a38-27f6-452d-91d6-af72d794136c,PASS,WARNING,PASS,WARNING
477,0cc486c3-8c7b-494d-aa04-b70e2690bcba,PASS,WARNING,PASS,PASS
478,e9fc0a2d-c69d-44d1-9fa3-314782387cae,PASS,WARNING,PASS,PASS
479,af55d16f-0e31-4073-bdb5-26da54914aa2,,,,
480,821f1883-27f3-411d-afd3-fb8241bbc39a,PASS,WARNING,PASS,PASS
481,69a0e953-a643-4f0e-bb26-dc65af3ea7d7,WARNING,WARNING,PASS,PASS
482,86b6ba67-c1db-4333-add0-f8105ea6e363,PASS,WARNING,PASS,PASS
483,86b6ba67-c1db-4333-add0-f8105ea6e363,PASS,WARNING,PASS,PASS
484,58b1e920-cfc8-467e-b28b-7654a55d0977,WARNING,WARNING,PASS,PASS
485,3e7ae7c0-fe8b-487c-9354-036236fa1010,,,,
486,5b44c40f-80f4-44fb-abfb-c7f19e27a6ca,,,,
487,5b44c40f-80f4-44fb-abfb-c7f19e27a6ca,,,,
488,03cf52f6-fba6-4743-a42e-dd1ac3072343,,,,
489,03cf52f6-fba6-4743-a42e-dd1ac3072343,,,,
490,da188f2c-553c-4e04-879b-c9ea2d1b9a93,,,,
491,da188f2c-553c-4e04-879b-c9ea2d1b9a93,,,,
492,7f6b86f9-879a-4ea2-8531-294a221af5d0,,,,
493,7f6b86f9-879a-4ea2-8531-294a221af5d0,,,,
494,5adab0b7-dfd0-467d-b09d-43cb7ca5d59c,,,,
495,5adab0b7-dfd0-467d-b09d-43cb7ca5d59c,,,,
496,49e0ab27-827a-4c91-bcaa-97eea27a1b8d,,,,
497,49e0ab27-827a-4c91-bcaa-97eea27a1b8d,,,,
498,edd22318-216c-44ff-bc24-49ce8be78374,,,,
499,edd22318-216c-44ff-bc24-49ce8be78374,,,,
500,8db36de1-8f17-4446-b527-b5d91909b45a,,,,
501,1eac875c-feaa-4a30-b148-059b954b11d8,,,,
502,41431f53-69fd-4e3b-80ce-ea62e03bf9c7,,,,
503,41431f53-69fd-4e3b-80ce-ea62e03bf9c7,,,,
504,a66f1593-dafd-4982-9b66-f9554b6c86b5,,,,
505,a66f1593-dafd-4982-9b66-f9554b6c86b5,,,,
506,a82800ce-f4e3-4464-9b80-4c3d6fade333,,,,
507,a82800ce-f4e3-4464-9b80-4c3d6fade333,,,,
508,6a601cc5-7b79-4c75-b0e8-552246532f82,,,,
509,6a601cc5-7b79-4c75-b0e8-552246532f82,,,,
510,90e74228-fd1a-482f-bd56-05dbad132861,,,,
511,b81e3e11-9a60-4114-b894-09f85074d9c3,,,,
512,8207abc6-6b23-4762-92b4-82e05bed5143,,,,
513,20c112a1-8a42-44e0-a4cd-e5b932f7bda9,,,,
514,20c112a1-8a42-44e0-a4cd-e5b932f7bda9,,,,
515,549caacc-3bd7-40f1-913d-e94141816547,,,,
516,549caacc-3bd7-40f1-913d-e94141816547,,,,
517,6274dda8-3a59-4aa1-95f8-a8a549c46a26,,,,
518,6274dda8-3a59-4aa1-95f8-a8a549c46a26,,,,
519,ff48aa1d-ef30-4903-ac34-8c41b738c1b9,,,,
520,280ee768-f7b8-4c6c-9ea0-48ca75d6b6f3,,,,
521,280ee768-f7b8-4c6c-9ea0-48ca75d6b6f3,,,,
522,c557324b-b95d-414c-888f-6ee1329a2329,,,,
523,c557324b-b95d-414c-888f-6ee1329a2329,,,,
524,5d01d14e-aced-4465-8f8e-9a1c674f62ec,,,,
525,5d01d14e-aced-4465-8f8e-9a1c674f62ec,,,,
526,e56541a5-a6d5-4750-b1fe-f6b5257bfe7c,,,,
527,81a78eac-9d36-4f90-a73a-7eb3ad7f770b,,,,
528,81a78eac-9d36-4f90-a73a-7eb3ad7f770b,,,,
529,626126d5-eecf-4e9b-900e-ec29a17ece07,,,,
530,626126d5-eecf-4e9b-900e-ec29a17ece07,,,,
531,b69b86be-af7d-4ecf-8cbf-0cd356afa1bd,,,,
532,b69b86be-af7d-4ecf-8cbf-0cd356afa1bd,,,,
533,15763234-d21e-491f-a01b-1238eb96d389,,,,
534,e349a2e7-50a3-47ca-bc45-20d1899854ec,,,,
535,1ec23a70-b94b-4e9c-a0df-8c2151da3761,,,,
536,1ec23a70-b94b-4e9c-a0df-8c2151da3761,,,,
537,fcd49e34-f07b-441c-b2ac-cb8c462ec5ac,,,,
538,fcd49e34-f07b-441c-b2ac-cb8c462ec5ac,,,,
539,5522ac4b-0e41-4c53-836a-aaa17e82b9eb,,,,
540,5522ac4b-0e41-4c53-836a-aaa17e82b9eb,,,,
541,993c7024-0abc-4028-ad30-d397ad55b084,,,,
542,993c7024-0abc-4028-ad30-d397ad55b084,,,,
543,fece187f-b47f-4870-a1d6-619afe942a7d,,,,
544,fece187f-b47f-4870-a1d6-619afe942a7d,,,,
545,c7bd79c9-c47e-4ea5-aea3-74dda991b48e,,,,
546,c7bd79c9-c47e-4ea5-aea3-74dda991b48e,,,,
