,eid,label,video,times,mismatch,n_mismatch,duration
0,6713a4a7-faed-4df2-acab-ee4e63326f8d,left,True,True,True,-41842.0,5122.0
1,6713a4a7-faed-4df2-acab-ee4e63326f8d,right,True,True,True,-104774.0,5131.0
2,6713a4a7-faed-4df2-acab-ee4e63326f8d,body,True,True,True,-21052.0,5155.0
3,56956777-dca5-468c-87cb-78150432cc57,left,True,True,False,0.0,3627.0
4,56956777-dca5-468c-87cb-78150432cc57,right,True,True,False,0.0,3632.0
5,56956777-dca5-468c-87cb-78150432cc57,body,True,True,False,0.0,3649.0
6,a8a8af78-16de-4841-ab07-fde4b5281a03,left,True,True,False,0.0,3751.0
7,a8a8af78-16de-4841-ab07-fde4b5281a03,right,True,True,False,0.0,3758.0
8,a8a8af78-16de-4841-ab07-fde4b5281a03,body,True,True,False,0.0,3775.0
9,032ffcdf-7692-40b3-b9ff-8def1fc18b2e,left,True,True,False,0.0,3820.0
10,032ffcdf-7692-40b3-b9ff-8def1fc18b2e,right,True,True,False,0.0,3827.0
11,032ffcdf-7692-40b3-b9ff-8def1fc18b2e,body,True,True,False,0.0,3844.0
12,8c33abef-3d3e-4d42-9f27-445e9def08f9,left,True,True,False,0.0,5963.0
13,8c33abef-3d3e-4d42-9f27-445e9def08f9,right,True,True,False,0.0,5973.0
14,8c33abef-3d3e-4d42-9f27-445e9def08f9,body,True,True,False,0.0,6001.0
15,ebe2efe3-e8a1-451a-8947-76ef42427cc9,left,True,True,False,0.0,4631.0
16,ebe2efe3-e8a1-451a-8947-76ef42427cc9,right,True,True,False,0.0,4638.0
17,ebe2efe3-e8a1-451a-8947-76ef42427cc9,body,True,True,False,0.0,4660.0
18,77e6dc6a-66ed-433c-b1a2-778c914f523c,left,True,True,False,0.0,5135.0
19,77e6dc6a-66ed-433c-b1a2-778c914f523c,right,True,True,False,0.0,5143.0
20,77e6dc6a-66ed-433c-b1a2-778c914f523c,body,True,True,False,0.0,5167.0
21,5569f363-0934-464e-9a5b-77c8e67791a1,left,True,True,False,0.0,5176.0
22,5569f363-0934-464e-9a5b-77c8e67791a1,right,True,True,False,0.0,5184.0
23,5569f363-0934-464e-9a5b-77c8e67791a1,body,True,True,False,0.0,5208.0
24,7af49c00-63dd-4fed-b2e0-1b3bd945b20b,left,True,True,False,0.0,4314.0
25,7af49c00-63dd-4fed-b2e0-1b3bd945b20b,right,True,True,False,0.0,695.0
26,7af49c00-63dd-4fed-b2e0-1b3bd945b20b,body,True,True,False,0.0,1738.0
27,f88d4dd4-ccd7-400e-9035-fa00be3bcfa8,left,True,True,False,0.0,7977.0
28,f88d4dd4-ccd7-400e-9035-fa00be3bcfa8,right,True,True,False,0.0,1285.0
29,f88d4dd4-ccd7-400e-9035-fa00be3bcfa8,body,True,True,False,0.0,3214.0
30,83d85891-bd75-4557-91b4-1cbb5f8bfc9d,left,True,True,False,0.0,7928.0
31,83d85891-bd75-4557-91b4-1cbb5f8bfc9d,right,True,True,False,0.0,1277.0
32,83d85891-bd75-4557-91b4-1cbb5f8bfc9d,body,True,True,False,0.0,3194.0
33,aec5d3cc-4bb2-4349-80a9-0395b76f04e2,left,True,True,False,0.0,10249.0
34,aec5d3cc-4bb2-4349-80a9-0395b76f04e2,right,True,True,False,0.0,1651.0
35,aec5d3cc-4bb2-4349-80a9-0395b76f04e2,body,True,True,False,0.0,4129.0
36,21d21fc3-4201-4edc-802a-c67b61952548,left,True,True,False,0.0,10779.0
37,21d21fc3-4201-4edc-802a-c67b61952548,right,True,True,False,0.0,1737.0
38,21d21fc3-4201-4edc-802a-c67b61952548,body,True,True,False,0.0,4343.0
39,6ed57216-498d-48a6-b48b-a243a34710ea,left,True,True,False,0.0,3631.0
40,6ed57216-498d-48a6-b48b-a243a34710ea,right,True,True,False,0.0,3628.0
41,6ed57216-498d-48a6-b48b-a243a34710ea,body,True,True,False,0.0,3646.0
42,35ed605c-1a1a-47b1-86ff-2b56144f55af,left,True,True,False,0.0,3695.0
43,35ed605c-1a1a-47b1-86ff-2b56144f55af,right,True,True,False,0.0,3692.0
44,35ed605c-1a1a-47b1-86ff-2b56144f55af,body,True,True,False,0.0,3711.0
45,fa1f26a1-eb49-4b24-917e-19f02a18ac61,left,True,True,False,0.0,3805.0
46,fa1f26a1-eb49-4b24-917e-19f02a18ac61,right,True,True,False,0.0,3801.0
47,fa1f26a1-eb49-4b24-917e-19f02a18ac61,body,True,True,False,0.0,3821.0
48,ee212778-3903-4f5b-ac4b-a72f22debf03,left,True,True,False,0.0,4286.0
49,ee212778-3903-4f5b-ac4b-a72f22debf03,right,True,True,False,0.0,4282.0
50,ee212778-3903-4f5b-ac4b-a72f22debf03,body,True,True,False,0.0,4304.0
51,91a3353a-2da1-420d-8c7c-fad2fedfdd18,left,True,True,False,0.0,4091.0
52,91a3353a-2da1-420d-8c7c-fad2fedfdd18,right,True,True,False,0.0,4087.0
53,91a3353a-2da1-420d-8c7c-fad2fedfdd18,body,True,True,False,0.0,4108.0
54,5157810e-0fff-4bcf-b19d-32d4e39c7dfc,left,True,True,False,0.0,3766.0
55,5157810e-0fff-4bcf-b19d-32d4e39c7dfc,right,True,True,False,0.0,3763.0
56,5157810e-0fff-4bcf-b19d-32d4e39c7dfc,body,True,True,False,0.0,3782.0
57,8ca740c5-e7fe-430a-aa10-e74e9c3cbbe8,left,True,True,False,0.0,4049.0
58,8ca740c5-e7fe-430a-aa10-e74e9c3cbbe8,right,True,True,False,0.0,4046.0
59,8ca740c5-e7fe-430a-aa10-e74e9c3cbbe8,body,True,True,False,0.0,4066.0
60,71855308-7e54-41d7-a7a4-b042e78e3b4f,left,True,True,False,0.0,3834.0
61,71855308-7e54-41d7-a7a4-b042e78e3b4f,right,True,True,False,0.0,3830.0
62,71855308-7e54-41d7-a7a4-b042e78e3b4f,body,True,True,False,0.0,3850.0
63,f359281f-6941-4bfd-90d4-940be22ed3c3,left,True,True,False,0.0,3527.0
64,f359281f-6941-4bfd-90d4-940be22ed3c3,right,True,True,False,0.0,3524.0
65,f359281f-6941-4bfd-90d4-940be22ed3c3,body,True,True,False,0.0,3542.0
66,51e53aff-1d5d-4182-a684-aba783d50ae5,left,True,True,False,0.0,3926.0
67,51e53aff-1d5d-4182-a684-aba783d50ae5,right,True,True,False,0.0,3922.0
68,51e53aff-1d5d-4182-a684-aba783d50ae5,body,True,True,False,0.0,3933.0
69,537677fe-1e24-4755-948c-fa4a4e8ecce5,left,True,True,False,0.0,4035.0
70,537677fe-1e24-4755-948c-fa4a4e8ecce5,right,True,True,False,0.0,4031.0
71,537677fe-1e24-4755-948c-fa4a4e8ecce5,body,True,True,False,0.0,4042.0
72,5bcafa14-71cb-42fa-8265-ce5cda1b89e0,left,True,True,False,0.0,4443.0
73,5bcafa14-71cb-42fa-8265-ce5cda1b89e0,right,True,True,False,0.0,4438.0
74,5bcafa14-71cb-42fa-8265-ce5cda1b89e0,body,True,True,False,0.0,4451.0
75,d32876dd-8303-4720-8e7e-20678dc2fd71,left,True,True,False,0.0,4473.0
76,d32876dd-8303-4720-8e7e-20678dc2fd71,right,True,True,False,0.0,4469.0
77,d32876dd-8303-4720-8e7e-20678dc2fd71,body,True,True,False,0.0,4481.0
78,72982282-e493-45ee-87ce-aa45cb3a3ec1,left,True,True,False,0.0,4711.0
79,72982282-e493-45ee-87ce-aa45cb3a3ec1,right,True,True,False,0.0,4707.0
80,72982282-e493-45ee-87ce-aa45cb3a3ec1,body,True,True,False,0.0,4720.0
81,6434f2f5-6bce-42b8-8563-d93d493613a2,left,True,True,False,0.0,4483.0
82,6434f2f5-6bce-42b8-8563-d93d493613a2,right,True,True,False,0.0,4479.0
83,6434f2f5-6bce-42b8-8563-d93d493613a2,body,True,True,False,0.0,4491.0
84,64e3fb86-928c-4079-865c-b364205b502e,left,True,True,False,0.0,4026.0
85,64e3fb86-928c-4079-865c-b364205b502e,right,True,True,False,0.0,4022.0
86,64e3fb86-928c-4079-865c-b364205b502e,body,True,True,False,0.0,4034.0
87,15948667-747b-4702-9d53-354ac70e9119,left,True,True,False,0.0,4517.0
88,15948667-747b-4702-9d53-354ac70e9119,right,True,True,False,0.0,4513.0
89,15948667-747b-4702-9d53-354ac70e9119,body,True,True,False,0.0,4525.0
90,288bfbf3-3700-4abe-b6e4-130b5c541e61,left,True,True,False,0.0,4312.0
91,288bfbf3-3700-4abe-b6e4-130b5c541e61,right,True,True,False,0.0,4308.0
92,288bfbf3-3700-4abe-b6e4-130b5c541e61,body,True,True,False,0.0,4320.0
93,fc43390d-457e-463a-9fd4-b94a0a8b48f5,left,True,True,False,0.0,4798.0
94,fc43390d-457e-463a-9fd4-b94a0a8b48f5,right,True,True,False,0.0,4794.0
95,fc43390d-457e-463a-9fd4-b94a0a8b48f5,body,True,True,False,0.0,4807.0
96,a405053a-eb13-4aa4-850c-5a337e5dc7fd,left,True,True,False,0.0,4326.0
97,a405053a-eb13-4aa4-850c-5a337e5dc7fd,right,True,True,False,0.0,4321.0
98,a405053a-eb13-4aa4-850c-5a337e5dc7fd,body,True,True,False,0.0,4333.0
99,93ad879a-aa42-4150-83e1-38773c9785e4,left,True,True,False,0.0,4113.0
100,93ad879a-aa42-4150-83e1-38773c9785e4,right,True,True,False,0.0,4109.0
101,93ad879a-aa42-4150-83e1-38773c9785e4,body,True,True,False,0.0,4121.0
102,3d59aa1a-b4ba-47fe-b9cf-741b5fdb0c7b,left,True,True,False,0.0,4919.0
103,3d59aa1a-b4ba-47fe-b9cf-741b5fdb0c7b,right,True,True,False,0.0,4915.0
104,3d59aa1a-b4ba-47fe-b9cf-741b5fdb0c7b,body,True,True,False,0.0,4928.0
105,034e726f-b35f-41e0-8d6c-a22cc32391fb,left,True,True,False,0.0,3875.0
106,034e726f-b35f-41e0-8d6c-a22cc32391fb,right,True,True,False,0.0,3825.0
107,034e726f-b35f-41e0-8d6c-a22cc32391fb,body,True,True,False,0.0,3814.0
108,dfd8e7df-dc51-4589-b6ca-7baccfeb94b4,left,True,True,False,0.0,5837.0
109,dfd8e7df-dc51-4589-b6ca-7baccfeb94b4,right,True,True,False,0.0,5761.0
110,dfd8e7df-dc51-4589-b6ca-7baccfeb94b4,body,True,True,False,0.0,5745.0
111,fa704052-147e-46f6-b190-a65b837e605e,left,True,True,False,0.0,5890.0
112,fa704052-147e-46f6-b190-a65b837e605e,right,True,True,False,0.0,5813.0
113,fa704052-147e-46f6-b190-a65b837e605e,body,True,True,False,0.0,5797.0
114,46794e05-3f6a-4d35-afb3-9165091a5a74,left,True,True,False,0.0,5328.0
115,46794e05-3f6a-4d35-afb3-9165091a5a74,right,True,True,False,0.0,5339.0
116,46794e05-3f6a-4d35-afb3-9165091a5a74,body,True,True,False,0.0,5324.0
117,7939711b-8b4d-4251-b698-b97c1eaa846e,left,True,True,False,0.0,6760.0
118,7939711b-8b4d-4251-b698-b97c1eaa846e,right,True,True,False,0.0,6774.0
119,7939711b-8b4d-4251-b698-b97c1eaa846e,body,True,True,False,0.0,6755.0
120,b52182e7-39f6-4914-9717-136db589706e,left,True,True,False,0.0,4333.0
121,b52182e7-39f6-4914-9717-136db589706e,right,True,True,False,0.0,4329.0
122,b52182e7-39f6-4914-9717-136db589706e,body,True,True,False,0.0,4329.0
123,2d5f6d81-38c4-4bdc-ac3c-302ea4d5f46e,left,True,True,False,0.0,4422.0
124,2d5f6d81-38c4-4bdc-ac3c-302ea4d5f46e,right,True,True,False,0.0,4429.0
125,2d5f6d81-38c4-4bdc-ac3c-302ea4d5f46e,body,True,True,False,0.0,4417.0
126,4b7fbad4-f6de-43b4-9b15-c7c7ef44db4b,left,True,True,False,0.0,5193.0
127,4b7fbad4-f6de-43b4-9b15-c7c7ef44db4b,right,True,True,False,0.0,5815.0
128,4b7fbad4-f6de-43b4-9b15-c7c7ef44db4b,body,True,True,False,0.0,5189.0
129,c99d53e6-c317-4c53-99ba-070b26673ac4,left,True,True,False,0.0,4162.0
130,c99d53e6-c317-4c53-99ba-070b26673ac4,right,True,True,False,0.0,4170.0
131,c99d53e6-c317-4c53-99ba-070b26673ac4,body,True,True,False,0.0,4159.0
132,d839491f-55d8-4cbe-a298-7839208ba12b,left,True,True,False,0.0,5115.0
133,d839491f-55d8-4cbe-a298-7839208ba12b,right,True,True,False,0.0,5124.0
134,d839491f-55d8-4cbe-a298-7839208ba12b,body,True,True,False,0.0,5109.0
135,ecb5520d-1358-434c-95ec-93687ecd1396,left,True,True,False,0.0,4141.0
136,ecb5520d-1358-434c-95ec-93687ecd1396,right,True,True,False,0.0,4138.0
137,ecb5520d-1358-434c-95ec-93687ecd1396,body,True,True,False,0.0,4138.0
138,3663d82b-f197-4e8b-b299-7b803a155b84,left,True,True,False,0.0,6321.0
139,3663d82b-f197-4e8b-b299-7b803a155b84,right,True,True,False,0.0,6315.0
140,3663d82b-f197-4e8b-b299-7b803a155b84,body,True,True,False,0.0,6316.0
141,5386aba9-9b97-4557-abcd-abc2da66b863,left,True,True,False,0.0,5596.0
142,5386aba9-9b97-4557-abcd-abc2da66b863,right,True,True,False,0.0,5592.0
143,5386aba9-9b97-4557-abcd-abc2da66b863,body,True,True,False,0.0,5592.0
144,83e77b4b-dfa0-4af9-968b-7ea0c7a0c7e4,left,True,True,False,0.0,5125.0
145,83e77b4b-dfa0-4af9-968b-7ea0c7a0c7e4,right,True,True,False,0.0,5121.0
146,83e77b4b-dfa0-4af9-968b-7ea0c7a0c7e4,body,True,True,False,0.0,5121.0
147,4b00df29-3769-43be-bb40-128b1cba6d35,left,True,True,False,0.0,4535.0
148,4b00df29-3769-43be-bb40-128b1cba6d35,right,True,True,False,0.0,4465.0
149,4b00df29-3769-43be-bb40-128b1cba6d35,body,True,True,False,0.0,4465.0
150,12dc8b34-b18e-4cdd-90a9-da134a9be79c,left,True,True,False,0.0,6216.0
151,12dc8b34-b18e-4cdd-90a9-da134a9be79c,right,True,True,False,0.0,6227.0
152,12dc8b34-b18e-4cdd-90a9-da134a9be79c,body,True,True,False,0.0,6209.0
153,0deb75fb-9088-42d9-b744-012fb8fc4afb,left,True,True,False,0.0,6406.0
154,0deb75fb-9088-42d9-b744-012fb8fc4afb,right,True,True,False,0.0,6417.0
155,0deb75fb-9088-42d9-b744-012fb8fc4afb,body,True,True,False,0.0,6398.0
156,eef82e27-c20e-48da-b4b7-c443031649e3,left,True,True,False,0.0,4235.0
157,eef82e27-c20e-48da-b4b7-c443031649e3,right,True,True,False,0.0,4241.0
158,eef82e27-c20e-48da-b4b7-c443031649e3,body,True,True,False,0.0,4229.0
159,810b1e07-009e-4ebe-930a-915e4cd8ece4,left,True,True,False,0.0,3983.0
160,810b1e07-009e-4ebe-930a-915e4cd8ece4,right,True,True,False,0.0,3980.0
161,810b1e07-009e-4ebe-930a-915e4cd8ece4,body,True,True,False,0.0,3980.0
162,a71175be-d1fd-47a3-aa93-b830ea3634a1,left,True,True,False,0.0,6253.0
163,a71175be-d1fd-47a3-aa93-b830ea3634a1,right,True,True,False,0.0,6157.0
164,a71175be-d1fd-47a3-aa93-b830ea3634a1,body,True,True,False,0.0,6157.0
165,0cbeae00-e229-4b7d-bdcc-1b0569d7e0c3,left,True,True,False,0.0,5599.0
166,0cbeae00-e229-4b7d-bdcc-1b0569d7e0c3,right,True,True,False,0.0,5594.0
167,0cbeae00-e229-4b7d-bdcc-1b0569d7e0c3,body,True,True,False,0.0,5594.0
168,f312aaec-3b6f-44b3-86b4-3a0c119c0438,left,True,True,False,0.0,5019.0
169,f312aaec-3b6f-44b3-86b4-3a0c119c0438,right,True,True,False,0.0,5029.0
170,f312aaec-3b6f-44b3-86b4-3a0c119c0438,body,True,True,False,0.0,5015.0
171,fb70ebf7-8175-42b0-9b7a-7c6e8612226e,left,True,True,False,0.0,5333.0
172,fb70ebf7-8175-42b0-9b7a-7c6e8612226e,right,True,True,False,0.0,5344.0
173,fb70ebf7-8175-42b0-9b7a-7c6e8612226e,body,True,True,False,0.0,5329.0
174,28741f91-c837-4147-939e-918d38d849f2,left,True,True,False,0.0,4556.0
175,28741f91-c837-4147-939e-918d38d849f2,right,True,True,False,0.0,4565.0
176,28741f91-c837-4147-939e-918d38d849f2,body,True,True,False,0.0,4552.0
177,d2f5a130-b981-4546-8858-c94ae1da75ff,left,True,True,False,0.0,5469.0
178,d2f5a130-b981-4546-8858-c94ae1da75ff,right,True,True,False,0.0,5480.0
179,d2f5a130-b981-4546-8858-c94ae1da75ff,body,True,True,False,0.0,5465.0
180,57b5ae8f-d446-4161-b439-b191c5e3e77b,left,True,True,False,0.0,6302.0
181,57b5ae8f-d446-4161-b439-b191c5e3e77b,right,True,True,False,0.0,6315.0
182,57b5ae8f-d446-4161-b439-b191c5e3e77b,body,True,True,False,0.0,6297.0
183,dda5fc59-f09a-4256-9fb5-66c67667a466,left,True,True,False,0.0,6297.0
184,dda5fc59-f09a-4256-9fb5-66c67667a466,right,True,True,False,0.0,6309.0
185,dda5fc59-f09a-4256-9fb5-66c67667a466,body,True,True,False,0.0,6291.0
186,d16a9a8d-5f42-4b49-ba58-1746f807fcc1,left,True,True,False,0.0,3619.0
187,d16a9a8d-5f42-4b49-ba58-1746f807fcc1,right,True,True,False,0.0,3627.0
188,d16a9a8d-5f42-4b49-ba58-1746f807fcc1,body,True,True,False,0.0,3616.0
189,37e96d0b-5b4b-4c6e-9b29-7edbdc94bbd0,left,True,True,False,0.0,4339.0
190,37e96d0b-5b4b-4c6e-9b29-7edbdc94bbd0,right,True,True,False,0.0,4348.0
191,37e96d0b-5b4b-4c6e-9b29-7edbdc94bbd0,body,True,True,False,0.0,4335.0
192,2e6e179c-fccc-4e8f-9448-ce5b6858a183,left,True,True,False,0.0,5727.0
193,2e6e179c-fccc-4e8f-9448-ce5b6858a183,right,True,True,False,0.0,5738.0
194,2e6e179c-fccc-4e8f-9448-ce5b6858a183,body,True,True,False,0.0,5722.0
195,1191f865-b10a-45c8-9c48-24a980fd9402,left,True,True,False,0.0,6400.0
196,1191f865-b10a-45c8-9c48-24a980fd9402,right,True,True,False,0.0,6413.0
197,1191f865-b10a-45c8-9c48-24a980fd9402,body,True,True,False,0.0,6394.0
198,f10efe41-0dc0-44d0-8f26-5ff68dca23e9,left,True,True,False,0.0,6372.0
199,f10efe41-0dc0-44d0-8f26-5ff68dca23e9,right,True,True,False,0.0,6385.0
200,f10efe41-0dc0-44d0-8f26-5ff68dca23e9,body,True,True,False,0.0,6367.0
201,6364ff7f-6471-415a-ab9e-632a12052690,left,True,True,False,0.0,5522.0
202,6364ff7f-6471-415a-ab9e-632a12052690,right,True,True,False,0.0,5533.0
203,6364ff7f-6471-415a-ab9e-632a12052690,body,True,True,False,0.0,5517.0
204,7be8fec4-406b-4e74-8548-d2885dcc3d5e,left,True,True,False,0.0,4256.0
205,7be8fec4-406b-4e74-8548-d2885dcc3d5e,right,True,True,False,0.0,4264.0
206,7be8fec4-406b-4e74-8548-d2885dcc3d5e,body,True,True,False,0.0,4252.0
207,d57df551-6dcb-4242-9c72-b806cff5613a,left,True,True,False,0.0,4796.0
208,d57df551-6dcb-4242-9c72-b806cff5613a,right,True,True,False,0.0,4750.0
209,d57df551-6dcb-4242-9c72-b806cff5613a,body,True,True,False,0.0,4662.0
210,19e66dc9-bf9f-430b-9d6a-acfa85de6fb7,left,True,True,False,0.0,5128.0
211,19e66dc9-bf9f-430b-9d6a-acfa85de6fb7,right,True,True,False,0.0,5079.0
212,19e66dc9-bf9f-430b-9d6a-acfa85de6fb7,body,True,True,False,0.0,5084.0
213,824cf03d-4012-4ab1-b499-c83a92c5589e,left,True,True,False,0.0,4652.0
214,824cf03d-4012-4ab1-b499-c83a92c5589e,right,True,True,False,0.0,4608.0
215,824cf03d-4012-4ab1-b499-c83a92c5589e,body,True,True,False,0.0,4522.0
216,1f095590-6669-46c9-986b-ccaf0620c5e9,left,True,True,False,0.0,5129.0
217,1f095590-6669-46c9-986b-ccaf0620c5e9,right,True,True,False,0.0,5080.0
218,1f095590-6669-46c9-986b-ccaf0620c5e9,body,True,True,False,0.0,4985.0
219,03d9a098-07bf-4765-88b7-85f8d8f620cc,left,True,True,False,0.0,5116.0
220,03d9a098-07bf-4765-88b7-85f8d8f620cc,right,True,True,False,0.0,5067.0
221,03d9a098-07bf-4765-88b7-85f8d8f620cc,body,True,True,False,0.0,5072.0
222,0c828385-6dd6-4842-a702-c5075f5f5e81,left,True,True,False,0.0,4609.0
223,0c828385-6dd6-4842-a702-c5075f5f5e81,right,True,True,False,0.0,4629.0
224,0c828385-6dd6-4842-a702-c5075f5f5e81,body,True,True,False,0.0,4480.0
225,bb099402-fb31-4cfd-824e-1c97530a0875,left,True,True,False,0.0,6724.0
226,bb099402-fb31-4cfd-824e-1c97530a0875,right,True,True,False,0.0,6660.0
227,bb099402-fb31-4cfd-824e-1c97530a0875,body,True,True,False,0.0,6666.0
228,111c1762-7908-47e0-9f40-2f2ee55b6505,left,True,True,False,0.0,4604.0
229,111c1762-7908-47e0-9f40-2f2ee55b6505,right,True,True,False,0.0,4625.0
230,111c1762-7908-47e0-9f40-2f2ee55b6505,body,True,True,False,0.0,4476.0
231,5455a21c-1be7-4cae-ae8e-8853a8d5f55e,left,True,True,False,0.0,4553.0
232,5455a21c-1be7-4cae-ae8e-8853a8d5f55e,right,True,True,False,0.0,4573.0
233,5455a21c-1be7-4cae-ae8e-8853a8d5f55e,body,True,True,False,0.0,4426.0
234,32d27583-56aa-4510-bc03-669036edad20,left,True,True,False,0.0,4925.0
235,32d27583-56aa-4510-bc03-669036edad20,right,True,True,False,0.0,4947.0
236,32d27583-56aa-4510-bc03-669036edad20,body,True,True,False,0.0,4787.0
237,8a3a0197-b40a-449f-be55-c00b23253bbf,left,True,True,False,0.0,5522.0
238,8a3a0197-b40a-449f-be55-c00b23253bbf,right,True,True,False,0.0,9496.0
239,8a3a0197-b40a-449f-be55-c00b23253bbf,body,True,True,False,0.0,28826.0
240,ebc9392c-1ecb-4b4b-a545-4e3d70d23611,left,True,True,False,0.0,5891.0
241,ebc9392c-1ecb-4b4b-a545-4e3d70d23611,right,True,True,False,0.0,10129.0
242,ebc9392c-1ecb-4b4b-a545-4e3d70d23611,body,True,True,False,0.0,30754.0
243,19b44992-d527-4a12-8bda-aa11379cb08c,left,True,True,False,0.0,6208.0
244,19b44992-d527-4a12-8bda-aa11379cb08c,right,True,True,False,0.0,10673.0
245,19b44992-d527-4a12-8bda-aa11379cb08c,body,True,True,False,0.0,32407.0
246,3537d970-f515-4786-853f-23de525e110f,left,True,True,False,0.0,4088.0
247,3537d970-f515-4786-853f-23de525e110f,right,True,True,False,0.0,7028.0
248,3537d970-f515-4786-853f-23de525e110f,body,True,True,False,0.0,21340.0
249,6f36868f-5cc1-450c-82fa-6b9829ce0cfe,left,True,True,False,0.0,6042.0
250,6f36868f-5cc1-450c-82fa-6b9829ce0cfe,right,True,True,False,0.0,6069.0
251,6f36868f-5cc1-450c-82fa-6b9829ce0cfe,body,True,True,False,0.0,5873.0
252,f99ac31f-171b-4208-a55d-5644c0ad51c3,left,True,True,False,0.0,5764.0
253,f99ac31f-171b-4208-a55d-5644c0ad51c3,right,True,True,False,0.0,5789.0
254,f99ac31f-171b-4208-a55d-5644c0ad51c3,body,True,True,False,0.0,5603.0
255,e2b845a1-e313-4a08-bc61-a5f662ed295e,left,True,True,False,0.0,5658.0
256,e2b845a1-e313-4a08-bc61-a5f662ed295e,right,True,True,False,0.0,5682.0
257,e2b845a1-e313-4a08-bc61-a5f662ed295e,body,True,True,False,0.0,5499.0
258,2bdf206a-820f-402f-920a-9e86cd5388a4,left,True,True,False,0.0,5167.0
259,2bdf206a-820f-402f-920a-9e86cd5388a4,right,True,True,False,0.0,5189.0
260,2bdf206a-820f-402f-920a-9e86cd5388a4,body,True,True,False,0.0,5022.0
261,fa8ad50d-76f2-45fa-a52f-08fe3d942345,left,True,True,False,0.0,4178.0
262,fa8ad50d-76f2-45fa-a52f-08fe3d942345,right,True,True,False,0.0,4196.0
263,fa8ad50d-76f2-45fa-a52f-08fe3d942345,body,True,True,False,0.0,4061.0
264,8d316998-28c3-4265-b029-e2ca82375b2f,left,True,True,False,0.0,4083.0
265,8d316998-28c3-4265-b029-e2ca82375b2f,right,True,True,False,0.0,4100.0
266,8d316998-28c3-4265-b029-e2ca82375b2f,body,True,True,False,0.0,3968.0
267,bda2faf5-9563-4940-a80f-ce444259e47b,left,True,True,False,0.0,3986.0
268,bda2faf5-9563-4940-a80f-ce444259e47b,right,True,True,False,0.0,4004.0
269,bda2faf5-9563-4940-a80f-ce444259e47b,body,True,True,False,0.0,3875.0
270,16693458-0801-4d35-a3f1-9115c7e5acfd,left,True,True,False,0.0,2913.0
271,16693458-0801-4d35-a3f1-9115c7e5acfd,right,True,True,False,0.0,2917.0
272,16693458-0801-4d35-a3f1-9115c7e5acfd,body,True,True,False,0.0,2909.0
273,e1931de1-cf7b-49af-af33-2ade15e8abe7,left,True,True,False,0.0,3653.0
274,e1931de1-cf7b-49af-af33-2ade15e8abe7,right,True,True,False,0.0,3659.0
275,e1931de1-cf7b-49af-af33-2ade15e8abe7,body,True,True,False,0.0,3649.0
276,b9c205c3-feac-485b-a89d-afc96d9cb280,left,True,True,False,0.0,3579.0
277,b9c205c3-feac-485b-a89d-afc96d9cb280,right,True,True,False,0.0,3586.0
278,b9c205c3-feac-485b-a89d-afc96d9cb280,body,True,True,False,0.0,3575.0
279,6cf2a88a-515b-4f7f-89a2-7d53eab9b5f4,left,True,True,False,0.0,2191.0
280,6cf2a88a-515b-4f7f-89a2-7d53eab9b5f4,right,True,True,False,0.0,2195.0
281,6cf2a88a-515b-4f7f-89a2-7d53eab9b5f4,body,True,True,False,0.0,2188.0
282,16c3667b-e0ea-43fb-9ad4-8dcd1e6c40e1,left,True,True,False,0.0,2873.0
283,16c3667b-e0ea-43fb-9ad4-8dcd1e6c40e1,right,True,True,False,0.0,2878.0
284,16c3667b-e0ea-43fb-9ad4-8dcd1e6c40e1,body,True,True,False,0.0,2870.0
285,dd87e278-999d-478b-8cbd-b5bf92b84763,left,True,True,False,0.0,3477.0
286,dd87e278-999d-478b-8cbd-b5bf92b84763,right,True,True,False,0.0,3483.0
287,dd87e278-999d-478b-8cbd-b5bf92b84763,body,True,True,False,0.0,3473.0
288,15f742e1-1043-45c9-9504-f1e8a53c1744,left,True,True,False,0.0,3527.0
289,15f742e1-1043-45c9-9504-f1e8a53c1744,right,True,True,False,0.0,3532.0
290,15f742e1-1043-45c9-9504-f1e8a53c1744,body,True,True,False,0.0,3523.0
291,a4000c2f-fa75-4b3e-8f06-a7cf599b87ad,left,True,True,False,0.0,3707.0
292,a4000c2f-fa75-4b3e-8f06-a7cf599b87ad,right,True,True,False,0.0,3713.0
293,a4000c2f-fa75-4b3e-8f06-a7cf599b87ad,body,True,True,False,0.0,3702.0
294,cc45c568-c3b9-4f74-836e-c87762e898c8,left,True,True,False,0.0,3238.0
295,cc45c568-c3b9-4f74-836e-c87762e898c8,right,True,True,False,0.0,3243.0
296,cc45c568-c3b9-4f74-836e-c87762e898c8,body,True,True,False,0.0,3234.0
297,a92c4b1d-46bd-457e-a1f4-414265f0e2d4,left,True,True,False,0.0,3479.0
298,a92c4b1d-46bd-457e-a1f4-414265f0e2d4,right,True,True,False,0.0,3486.0
299,a92c4b1d-46bd-457e-a1f4-414265f0e2d4,body,True,True,False,0.0,3475.0
300,aad23144-0e52-4eac-80c5-c4ee2decb198,left,True,True,False,0.0,3269.0
301,aad23144-0e52-4eac-80c5-c4ee2decb198,right,True,True,False,0.0,3273.0
302,aad23144-0e52-4eac-80c5-c4ee2decb198,body,True,True,False,0.0,3265.0
303,8c552ddc-813e-4035-81cc-3971b57efe65,left,True,True,False,0.0,3858.0
304,8c552ddc-813e-4035-81cc-3971b57efe65,right,True,True,False,0.0,3864.0
305,8c552ddc-813e-4035-81cc-3971b57efe65,body,True,True,False,0.0,3853.0
306,07dc4b76-5b93-4a03-82a0-b3d9cc73f412,left,True,True,False,0.0,5345.0
307,07dc4b76-5b93-4a03-82a0-b3d9cc73f412,right,True,True,False,0.0,5353.0
308,07dc4b76-5b93-4a03-82a0-b3d9cc73f412,body,True,True,False,0.0,5339.0
309,9468fa93-21ae-4984-955c-e8402e280c83,left,True,True,False,0.0,4747.0
310,9468fa93-21ae-4984-955c-e8402e280c83,right,True,True,False,0.0,4754.0
311,9468fa93-21ae-4984-955c-e8402e280c83,body,True,True,False,0.0,4741.0
312,e5c75b62-6871-4135-b3d0-f6464c2d90c0,left,True,True,False,0.0,4437.0
313,e5c75b62-6871-4135-b3d0-f6464c2d90c0,right,True,True,False,0.0,4444.0
314,e5c75b62-6871-4135-b3d0-f6464c2d90c0,body,True,True,False,0.0,4432.0
315,a6fe44a8-07ab-49b8-81f9-e18575aa85cc,left,True,True,False,0.0,5331.0
316,a6fe44a8-07ab-49b8-81f9-e18575aa85cc,right,True,True,False,0.0,5339.0
317,a6fe44a8-07ab-49b8-81f9-e18575aa85cc,body,True,True,False,0.0,5324.0
318,781b35fd-e1f0-4d14-b2bb-95b7263082bb,left,True,True,False,0.0,3529.0
319,781b35fd-e1f0-4d14-b2bb-95b7263082bb,right,True,True,False,0.0,3534.0
320,781b35fd-e1f0-4d14-b2bb-95b7263082bb,body,True,True,False,0.0,3525.0
321,571d3ffe-54a5-473d-a265-5dc373eb7efc,left,False,True,,,
322,571d3ffe-54a5-473d-a265-5dc373eb7efc,right,False,True,,,
323,571d3ffe-54a5-473d-a265-5dc373eb7efc,body,False,True,,,
324,0ac8d013-b91e-4732-bc7b-a1164ff3e445,left,True,True,False,0.0,5344.0
325,0ac8d013-b91e-4732-bc7b-a1164ff3e445,right,True,True,False,0.0,5352.0
326,0ac8d013-b91e-4732-bc7b-a1164ff3e445,body,True,True,False,0.0,5337.0
327,69c9a415-f7fa-4208-887b-1417c1479b48,left,True,True,False,0.0,4962.0
328,69c9a415-f7fa-4208-887b-1417c1479b48,right,True,True,False,0.0,4970.0
329,69c9a415-f7fa-4208-887b-1417c1479b48,body,True,True,False,0.0,4957.0
330,dfbe628d-365b-461c-a07f-8b9911ba83aa,left,True,True,False,0.0,5349.0
331,dfbe628d-365b-461c-a07f-8b9911ba83aa,right,True,True,False,0.0,5357.0
332,dfbe628d-365b-461c-a07f-8b9911ba83aa,body,True,True,False,0.0,5343.0
333,aa3432cd-62bd-40bc-bc1c-a12d53bcbdcf,left,True,True,False,0.0,4926.0
334,aa3432cd-62bd-40bc-bc1c-a12d53bcbdcf,right,True,True,False,0.0,4934.0
335,aa3432cd-62bd-40bc-bc1c-a12d53bcbdcf,body,True,True,False,0.0,4920.0
336,0a018f12-ee06-4b11-97aa-bbbff5448e9f,left,True,True,False,0.0,3968.0
337,0a018f12-ee06-4b11-97aa-bbbff5448e9f,right,True,True,False,0.0,3976.0
338,0a018f12-ee06-4b11-97aa-bbbff5448e9f,body,True,True,False,0.0,3964.0
339,4503697e-af44-47d9-898d-4924be990240,left,True,True,False,0.0,4414.0
340,4503697e-af44-47d9-898d-4924be990240,right,True,True,False,0.0,4421.0
341,4503697e-af44-47d9-898d-4924be990240,body,True,True,False,0.0,4409.0
342,7082d8ff-255a-47d7-a839-bf093483ec30,left,False,False,,,
343,7082d8ff-255a-47d7-a839-bf093483ec30,right,False,False,,,
344,7082d8ff-255a-47d7-a839-bf093483ec30,body,False,False,,,
345,ac7d3064-7f09-48a3-88d2-e86a4eb86461,left,False,False,,,
346,ac7d3064-7f09-48a3-88d2-e86a4eb86461,right,False,False,,,
347,ac7d3064-7f09-48a3-88d2-e86a4eb86461,body,False,False,,,
348,b22f694e-4a34-4142-ab9d-2556c3487086,left,True,True,False,0.0,3974.0
349,b22f694e-4a34-4142-ab9d-2556c3487086,right,True,True,False,0.0,3980.0
350,b22f694e-4a34-4142-ab9d-2556c3487086,body,True,True,False,0.0,3969.0
351,872ce8ff-9fb3-485c-be00-bc5479e0095b,left,False,False,,,
352,872ce8ff-9fb3-485c-be00-bc5479e0095b,right,False,False,,,
353,872ce8ff-9fb3-485c-be00-bc5479e0095b,body,False,False,,,
354,1b715600-0cbc-442c-bd00-5b0ac2865de1,left,True,True,False,0.0,4805.0
355,1b715600-0cbc-442c-bd00-5b0ac2865de1,right,True,True,False,0.0,4812.0
356,1b715600-0cbc-442c-bd00-5b0ac2865de1,body,True,True,False,0.0,4799.0
357,e45481fa-be22-4365-972c-e7404ed8ab5a,left,True,True,False,0.0,6414.0
358,e45481fa-be22-4365-972c-e7404ed8ab5a,right,True,True,False,0.0,6408.0
359,e45481fa-be22-4365-972c-e7404ed8ab5a,body,True,True,False,0.0,6409.0
360,ffef0311-8ffa-49e3-a857-b3adf6d86e12,left,True,True,False,0.0,4999.0
361,ffef0311-8ffa-49e3-a857-b3adf6d86e12,right,True,True,False,0.0,5007.0
362,ffef0311-8ffa-49e3-a857-b3adf6d86e12,body,True,True,False,0.0,4993.0
363,78b4fff5-c5ec-44d9-b5f9-d59493063f00,left,True,True,False,0.0,5365.0
364,78b4fff5-c5ec-44d9-b5f9-d59493063f00,right,True,True,False,0.0,5374.0
365,78b4fff5-c5ec-44d9-b5f9-d59493063f00,body,True,True,False,0.0,5359.0
366,196a2adf-ff83-49b2-823a-33f990049c2e,left,True,True,False,0.0,3934.0
367,196a2adf-ff83-49b2-823a-33f990049c2e,right,False,False,,,
368,196a2adf-ff83-49b2-823a-33f990049c2e,body,False,False,,,
369,6b0b5d24-bcda-4053-a59c-beaa1fe03b8f,left,True,True,False,0.0,4822.0
370,6b0b5d24-bcda-4053-a59c-beaa1fe03b8f,right,True,True,False,0.0,4829.0
371,6b0b5d24-bcda-4053-a59c-beaa1fe03b8f,body,True,True,False,0.0,4816.0
372,752456f3-9f47-4fbf-bd44-9d131c0f41aa,left,True,True,False,0.0,5221.0
373,752456f3-9f47-4fbf-bd44-9d131c0f41aa,right,True,True,False,0.0,5229.0
374,752456f3-9f47-4fbf-bd44-9d131c0f41aa,body,True,True,False,0.0,5215.0
375,3f859b5c-e73a-4044-b49e-34bb81e96715,left,True,True,False,0.0,4156.0
376,3f859b5c-e73a-4044-b49e-34bb81e96715,right,True,True,False,0.0,4162.0
377,3f859b5c-e73a-4044-b49e-34bb81e96715,body,True,True,False,0.0,4151.0
378,c8d46ee6-eb68-4535-8756-7c9aa32f10e4,left,True,True,False,0.0,3759.0
379,c8d46ee6-eb68-4535-8756-7c9aa32f10e4,right,True,True,False,0.0,3765.0
380,c8d46ee6-eb68-4535-8756-7c9aa32f10e4,body,True,True,False,0.0,3755.0
381,1b9e349e-93f2-41cc-a4b5-b212d7ddc8df,left,True,True,False,0.0,6534.0
382,1b9e349e-93f2-41cc-a4b5-b212d7ddc8df,right,True,True,False,0.0,6544.0
383,1b9e349e-93f2-41cc-a4b5-b212d7ddc8df,body,True,True,False,0.0,6526.0
384,f819d499-8bf7-4da0-a431-15377a8319d5,left,True,True,False,0.0,4414.0
385,f819d499-8bf7-4da0-a431-15377a8319d5,right,True,True,False,0.0,4421.0
386,f819d499-8bf7-4da0-a431-15377a8319d5,body,True,True,False,0.0,4409.0
387,8928f98a-b411-497e-aa4b-aa752434686d,left,True,True,False,0.0,4522.0
388,8928f98a-b411-497e-aa4b-aa752434686d,right,True,True,False,0.0,4529.0
389,8928f98a-b411-497e-aa4b-aa752434686d,body,True,True,False,0.0,4517.0
390,446f4724-1690-49f9-819a-2bd8e2ea88ce,left,True,True,False,0.0,4265.0
391,446f4724-1690-49f9-819a-2bd8e2ea88ce,right,True,True,False,0.0,4271.0
392,446f4724-1690-49f9-819a-2bd8e2ea88ce,body,True,True,False,0.0,4260.0
393,a2701b93-d8e1-47e9-a819-f1063046f3e7,left,True,True,False,0.0,3651.0
394,a2701b93-d8e1-47e9-a819-f1063046f3e7,right,True,True,False,0.0,3657.0
395,a2701b93-d8e1-47e9-a819-f1063046f3e7,body,True,True,False,0.0,3647.0
396,0f25376f-2b78-4ddc-8c39-b6cdbe7bf5b9,left,True,True,False,0.0,3635.0
397,0f25376f-2b78-4ddc-8c39-b6cdbe7bf5b9,right,True,True,False,0.0,3641.0
398,0f25376f-2b78-4ddc-8c39-b6cdbe7bf5b9,body,True,True,False,0.0,3640.0
399,ee13c19e-2790-4418-97ca-48f02e8013bb,left,True,True,False,0.0,4753.0
400,ee13c19e-2790-4418-97ca-48f02e8013bb,right,True,True,False,0.0,4761.0
401,ee13c19e-2790-4418-97ca-48f02e8013bb,body,True,True,False,0.0,4760.0
402,db4df448-e449-4a6f-a0e7-288711e7a75a,left,True,True,False,0.0,3466.0
403,db4df448-e449-4a6f-a0e7-288711e7a75a,right,True,True,False,0.0,3472.0
404,db4df448-e449-4a6f-a0e7-288711e7a75a,body,True,True,False,0.0,3471.0
405,3dd347df-f14e-40d5-9ff2-9c49f84d2157,left,True,True,False,0.0,4773.0
406,3dd347df-f14e-40d5-9ff2-9c49f84d2157,right,True,True,False,0.0,4780.0
407,3dd347df-f14e-40d5-9ff2-9c49f84d2157,body,True,True,False,0.0,4780.0
408,3c851386-e92d-4533-8d55-89a46f0e7384,left,True,True,False,0.0,3920.0
409,3c851386-e92d-4533-8d55-89a46f0e7384,right,True,True,False,0.0,3926.0
410,3c851386-e92d-4533-8d55-89a46f0e7384,body,True,True,False,0.0,3925.0
411,158d5d35-a2ab-4a76-87b0-51048c5d5283,left,True,True,False,0.0,3904.0
412,158d5d35-a2ab-4a76-87b0-51048c5d5283,right,True,True,False,0.0,3910.0
413,158d5d35-a2ab-4a76-87b0-51048c5d5283,body,True,True,False,0.0,3909.0
414,30e5937e-e86a-47e6-93ae-d2ae3877ff8e,left,True,True,False,0.0,2995.0
415,30e5937e-e86a-47e6-93ae-d2ae3877ff8e,right,True,True,False,0.0,3000.0
416,30e5937e-e86a-47e6-93ae-d2ae3877ff8e,body,True,True,False,0.0,2999.0
417,413a6825-2144-4a50-b3fc-cf38ddd6fd1a,left,True,True,False,0.0,3642.0
418,413a6825-2144-4a50-b3fc-cf38ddd6fd1a,right,True,True,False,0.0,3648.0
419,413a6825-2144-4a50-b3fc-cf38ddd6fd1a,body,True,True,False,0.0,3647.0
420,a19c7a3a-7261-42ce-95d5-1f4ca46007ed,left,True,True,False,0.0,3085.0
421,a19c7a3a-7261-42ce-95d5-1f4ca46007ed,right,True,True,False,0.0,3090.0
422,a19c7a3a-7261-42ce-95d5-1f4ca46007ed,body,True,True,False,0.0,3090.0
423,e5c772cd-9c92-47ab-9525-d618b66a9b5d,left,True,True,False,0.0,3566.0
424,e5c772cd-9c92-47ab-9525-d618b66a9b5d,right,True,True,False,0.0,3572.0
425,e5c772cd-9c92-47ab-9525-d618b66a9b5d,body,True,True,False,0.0,3571.0
426,6668c4a0-70a4-4012-a7da-709660971d7a,left,True,True,False,0.0,3830.0
427,6668c4a0-70a4-4012-a7da-709660971d7a,right,True,True,False,0.0,3836.0
428,6668c4a0-70a4-4012-a7da-709660971d7a,body,True,True,False,0.0,3836.0
429,4fa70097-8101-4f10-b585-db39429c5ed0,left,True,True,False,0.0,2376.0
430,4fa70097-8101-4f10-b585-db39429c5ed0,right,True,True,False,0.0,2380.0
431,4fa70097-8101-4f10-b585-db39429c5ed0,body,True,True,False,0.0,2380.0
432,90d1e82c-c96f-496c-ad4e-ee3f02067f25,left,True,True,False,0.0,2761.0
433,90d1e82c-c96f-496c-ad4e-ee3f02067f25,right,True,True,False,0.0,2765.0
434,90d1e82c-c96f-496c-ad4e-ee3f02067f25,body,True,True,False,0.0,2765.0
435,bb6a5aae-2431-401d-8f6a-9fdd6de655a9,left,True,True,False,0.0,2216.0
436,bb6a5aae-2431-401d-8f6a-9fdd6de655a9,right,True,True,False,0.0,2220.0
437,bb6a5aae-2431-401d-8f6a-9fdd6de655a9,body,True,True,False,0.0,2219.0
438,931a70ae-90ee-448e-bedb-9d41f3eda647,left,True,True,False,0.0,2151.0
439,931a70ae-90ee-448e-bedb-9d41f3eda647,right,True,True,False,0.0,2154.0
440,931a70ae-90ee-448e-bedb-9d41f3eda647,body,True,True,False,0.0,2154.0
441,02fbb6da-3034-47d6-a61b-7d06c796a830,left,True,True,False,0.0,2906.0
442,02fbb6da-3034-47d6-a61b-7d06c796a830,right,True,True,False,0.0,2910.0
443,02fbb6da-3034-47d6-a61b-7d06c796a830,body,True,True,False,0.0,2910.0
444,7bee9f09-a238-42cf-b499-f51f765c6ded,left,True,True,False,0.0,2296.0
445,7bee9f09-a238-42cf-b499-f51f765c6ded,right,True,True,False,0.0,2300.0
446,7bee9f09-a238-42cf-b499-f51f765c6ded,body,True,True,False,0.0,2299.0
447,36280321-555b-446d-9b7d-c2e17991e090,left,True,True,False,0.0,3241.0
448,36280321-555b-446d-9b7d-c2e17991e090,right,True,True,False,0.0,3246.0
449,36280321-555b-446d-9b7d-c2e17991e090,body,True,True,False,0.0,3246.0
450,741979ce-3f10-443a-8526-2275620c8473,left,True,True,False,0.0,2911.0
451,741979ce-3f10-443a-8526-2275620c8473,right,True,True,False,0.0,2916.0
452,741979ce-3f10-443a-8526-2275620c8473,body,True,True,False,0.0,2915.0
453,cf43dbb1-6992-40ec-a5f9-e8e838d0f643,left,True,True,False,0.0,2542.0
454,cf43dbb1-6992-40ec-a5f9-e8e838d0f643,right,True,True,False,0.0,2546.0
455,cf43dbb1-6992-40ec-a5f9-e8e838d0f643,body,True,True,False,0.0,2546.0
456,2f63c555-eb74-4d8d-ada5-5c3ecf3b46be,left,True,True,False,0.0,4781.0
457,2f63c555-eb74-4d8d-ada5-5c3ecf3b46be,right,True,True,False,0.0,4788.0
458,2f63c555-eb74-4d8d-ada5-5c3ecf3b46be,body,True,True,False,0.0,4787.0
459,9a629642-3a9c-42ed-b70a-532db0e86199,left,True,True,True,-1709.0,4234.0
460,9a629642-3a9c-42ed-b70a-532db0e86199,right,True,True,True,-4286.0,4241.0
461,9a629642-3a9c-42ed-b70a-532db0e86199,body,True,True,True,-854.0,4240.0
462,e535fb62-e245-4a48-b119-88ce62a6fe67,left,True,True,False,0.0,3817.0
463,e535fb62-e245-4a48-b119-88ce62a6fe67,right,True,True,False,0.0,3823.0
464,e535fb62-e245-4a48-b119-88ce62a6fe67,body,True,True,False,0.0,3822.0
465,f25642c6-27a5-4a97-9ea0-06652db79fbd,left,True,True,False,0.0,4056.0
466,f25642c6-27a5-4a97-9ea0-06652db79fbd,right,True,True,False,0.0,4062.0
467,f25642c6-27a5-4a97-9ea0-06652db79fbd,body,True,True,False,0.0,4071.0
468,4720c98a-a305-4fba-affb-bbfa00a724a4,left,True,True,False,0.0,4373.0
469,4720c98a-a305-4fba-affb-bbfa00a724a4,right,True,True,False,0.0,4380.0
470,4720c98a-a305-4fba-affb-bbfa00a724a4,body,True,True,False,0.0,4390.0
471,7622da34-51b6-4661-98ae-a57d40806008,left,True,True,False,0.0,4591.0
472,7622da34-51b6-4661-98ae-a57d40806008,right,True,True,False,0.0,4598.0
473,7622da34-51b6-4661-98ae-a57d40806008,body,True,True,False,0.0,4608.0
474,b658bc7d-07cd-4203-8a25-7b16b549851b,left,True,True,False,0.0,5023.0
475,b658bc7d-07cd-4203-8a25-7b16b549851b,right,True,True,False,0.0,5032.0
476,b658bc7d-07cd-4203-8a25-7b16b549851b,body,True,True,False,0.0,5043.0
477,bd456d8f-d36e-434a-8051-ff3997253802,left,True,True,False,0.0,4820.0
478,bd456d8f-d36e-434a-8051-ff3997253802,right,True,True,False,0.0,4828.0
479,bd456d8f-d36e-434a-8051-ff3997253802,body,True,True,False,0.0,4838.0
480,ee8b36de-779f-4dea-901f-e0141c95722b,left,True,True,False,0.0,4582.0
481,ee8b36de-779f-4dea-901f-e0141c95722b,right,True,True,False,0.0,4589.0
482,ee8b36de-779f-4dea-901f-e0141c95722b,body,True,True,False,0.0,4599.0
483,b39752db-abdb-47ab-ae78-e8608bbf50ed,left,True,True,False,0.0,4683.0
484,b39752db-abdb-47ab-ae78-e8608bbf50ed,right,True,True,False,0.0,4691.0
485,b39752db-abdb-47ab-ae78-e8608bbf50ed,body,True,True,False,0.0,4701.0
486,5339812f-8b91-40ba-9d8f-a559563cc46b,left,True,True,False,0.0,4140.0
487,5339812f-8b91-40ba-9d8f-a559563cc46b,right,True,True,False,0.0,4146.0
488,5339812f-8b91-40ba-9d8f-a559563cc46b,body,True,True,False,0.0,4155.0
489,d23a44ef-1402-4ed7-97f5-47e9a7a504d9,left,True,True,False,0.0,3648.0
490,d23a44ef-1402-4ed7-97f5-47e9a7a504d9,right,True,True,False,0.0,3654.0
491,d23a44ef-1402-4ed7-97f5-47e9a7a504d9,body,True,True,False,0.0,3662.0
492,c3d9b6fb-7fa9-4413-a364-92a54df0fc5d,left,True,True,False,0.0,4666.0
493,c3d9b6fb-7fa9-4413-a364-92a54df0fc5d,right,True,True,False,0.0,4673.0
494,c3d9b6fb-7fa9-4413-a364-92a54df0fc5d,body,True,True,False,0.0,4684.0
495,aa20388b-9ea3-4506-92f1-3c2be84b85db,left,True,True,False,0.0,4452.0
496,aa20388b-9ea3-4506-92f1-3c2be84b85db,right,True,True,False,0.0,4459.0
497,aa20388b-9ea3-4506-92f1-3c2be84b85db,body,True,True,False,0.0,4469.0
498,251ece37-7798-477c-8a06-2845d4aa270c,left,True,True,False,0.0,3981.0
499,251ece37-7798-477c-8a06-2845d4aa270c,right,True,True,False,0.0,3988.0
500,251ece37-7798-477c-8a06-2845d4aa270c,body,True,True,False,0.0,3997.0
501,54238fd6-d2d0-4408-b1a9-d19d24fd29ce,left,True,True,False,0.0,4239.0
502,54238fd6-d2d0-4408-b1a9-d19d24fd29ce,right,True,True,False,0.0,4258.0
503,54238fd6-d2d0-4408-b1a9-d19d24fd29ce,body,True,True,False,0.0,4255.0
504,e8b4fda3-7fe4-4706-8ec2-91036cfee6bd,left,True,True,False,0.0,3590.0
505,e8b4fda3-7fe4-4706-8ec2-91036cfee6bd,right,True,True,False,0.0,3606.0
506,e8b4fda3-7fe4-4706-8ec2-91036cfee6bd,body,True,True,False,0.0,3604.0
507,cde63527-7f5a-4cc3-8ac2-215d82e7da26,left,True,True,False,0.0,3399.0
508,cde63527-7f5a-4cc3-8ac2-215d82e7da26,right,True,True,False,0.0,3415.0
509,cde63527-7f5a-4cc3-8ac2-215d82e7da26,body,True,True,False,0.0,3412.0
510,4a45c8ba-db6f-4f11-9403-56e06a33dfa4,left,True,True,False,0.0,4750.0
511,4a45c8ba-db6f-4f11-9403-56e06a33dfa4,right,True,True,False,0.0,4757.0
512,4a45c8ba-db6f-4f11-9403-56e06a33dfa4,body,True,True,False,0.0,4768.0
513,f7335a49-4a98-46d2-a8ce-d041d2eac1d6,left,True,True,False,0.0,4756.0
514,f7335a49-4a98-46d2-a8ce-d041d2eac1d6,right,True,True,False,0.0,4763.0
515,f7335a49-4a98-46d2-a8ce-d041d2eac1d6,body,True,True,False,0.0,4774.0
516,9eec761e-9762-4897-b308-a3a08c311e69,left,True,True,False,0.0,4996.0
517,9eec761e-9762-4897-b308-a3a08c311e69,right,True,True,False,0.0,5004.0
518,9eec761e-9762-4897-b308-a3a08c311e69,body,True,True,False,0.0,5016.0
519,9fe512b8-92a8-4642-83b6-01158ab66c3c,left,True,True,False,0.0,4796.0
520,9fe512b8-92a8-4642-83b6-01158ab66c3c,right,True,True,False,0.0,4804.0
521,9fe512b8-92a8-4642-83b6-01158ab66c3c,body,True,True,False,0.0,4814.0
522,26aa51ff-968c-42e4-85c8-8ff47d19254d,left,True,True,False,0.0,4070.0
523,26aa51ff-968c-42e4-85c8-8ff47d19254d,right,True,True,False,0.0,4076.0
524,26aa51ff-968c-42e4-85c8-8ff47d19254d,body,True,True,False,0.0,4085.0
525,e012d3e3-fdbc-4661-9ffa-5fa284e4e706,left,True,True,False,0.0,4657.0
526,e012d3e3-fdbc-4661-9ffa-5fa284e4e706,right,True,True,False,0.0,4664.0
527,e012d3e3-fdbc-4661-9ffa-5fa284e4e706,body,True,True,False,0.0,4675.0
528,948fd27b-507b-41b3-bdf8-f9f5f0af8e0b,left,True,True,False,0.0,4395.0
529,948fd27b-507b-41b3-bdf8-f9f5f0af8e0b,right,True,True,False,0.0,4402.0
530,948fd27b-507b-41b3-bdf8-f9f5f0af8e0b,body,True,True,False,0.0,4412.0
531,2e22c1fc-eec6-4856-85a0-7dba8668f646,left,True,True,False,0.0,4372.0
532,2e22c1fc-eec6-4856-85a0-7dba8668f646,right,True,True,False,0.0,4391.0
533,2e22c1fc-eec6-4856-85a0-7dba8668f646,body,True,True,False,0.0,4389.0
534,64977c74-9c04-437a-9ea1-50386c4996db,left,True,True,False,0.0,4562.0
535,64977c74-9c04-437a-9ea1-50386c4996db,right,True,True,False,0.0,4559.0
536,64977c74-9c04-437a-9ea1-50386c4996db,body,True,True,False,0.0,4570.0
537,9a6e127b-bb07-4be2-92e2-53dd858c2762,left,True,True,False,0.0,2813.0
538,9a6e127b-bb07-4be2-92e2-53dd858c2762,right,True,True,False,0.0,2810.0
539,9a6e127b-bb07-4be2-92e2-53dd858c2762,body,True,True,False,0.0,2824.0
540,09156021-9a1d-4e1d-ae59-48cbde3c5d42,left,True,True,False,0.0,2764.0
541,09156021-9a1d-4e1d-ae59-48cbde3c5d42,right,True,True,False,0.0,2761.0
542,09156021-9a1d-4e1d-ae59-48cbde3c5d42,body,True,True,False,0.0,2775.0
543,90e524a2-aa63-47ce-b5b8-1b1941a1223a,left,True,True,False,0.0,2707.0
544,90e524a2-aa63-47ce-b5b8-1b1941a1223a,right,True,True,False,0.0,2704.0
545,90e524a2-aa63-47ce-b5b8-1b1941a1223a,body,True,True,False,0.0,2718.0
546,1d4a7bd6-296a-48b9-b20e-bd0ac80750a5,left,True,True,False,0.0,4040.0
547,1d4a7bd6-296a-48b9-b20e-bd0ac80750a5,right,True,True,False,0.0,4036.0
548,1d4a7bd6-296a-48b9-b20e-bd0ac80750a5,body,True,True,False,0.0,4057.0
549,58c4bf97-ec3b-45b4-9db4-d5d9515d5b00,left,True,True,False,0.0,3184.0
550,58c4bf97-ec3b-45b4-9db4-d5d9515d5b00,right,True,True,False,0.0,3181.0
551,58c4bf97-ec3b-45b4-9db4-d5d9515d5b00,body,True,True,False,0.0,3190.0
552,10fac7a1-919d-4ca7-83c4-4675bd8d9416,left,True,True,False,0.0,3318.0
553,10fac7a1-919d-4ca7-83c4-4675bd8d9416,right,True,True,False,0.0,3315.0
554,10fac7a1-919d-4ca7-83c4-4675bd8d9416,body,True,True,False,0.0,3324.0
555,8b1f4024-3d96-4ee7-95f9-8a1dfd4ce4ef,left,True,True,False,0.0,4420.0
556,8b1f4024-3d96-4ee7-95f9-8a1dfd4ce4ef,right,True,True,False,0.0,4416.0
557,8b1f4024-3d96-4ee7-95f9-8a1dfd4ce4ef,body,True,True,False,0.0,4428.0
558,68775ca0-b056-48d5-b6ae-a4c2a76ae48f,left,True,True,False,0.0,5507.0
559,68775ca0-b056-48d5-b6ae-a4c2a76ae48f,right,True,True,False,0.0,5502.0
560,68775ca0-b056-48d5-b6ae-a4c2a76ae48f,body,True,True,False,0.0,5517.0
561,f27e6cd6-cdd3-4524-b8e3-8146046e2a7d,left,True,True,False,0.0,3779.0
562,f27e6cd6-cdd3-4524-b8e3-8146046e2a7d,right,True,True,False,0.0,3775.0
563,f27e6cd6-cdd3-4524-b8e3-8146046e2a7d,body,True,True,False,0.0,3786.0
564,1b61b7f2-a599-4e40-abd6-3e758d2c9e25,left,True,True,False,0.0,4901.0
565,1b61b7f2-a599-4e40-abd6-3e758d2c9e25,right,True,True,False,0.0,4909.0
566,1b61b7f2-a599-4e40-abd6-3e758d2c9e25,body,True,True,False,0.0,4908.0
567,cea755db-4eee-4138-bdd6-fc23a572f5a1,left,False,False,,,
568,cea755db-4eee-4138-bdd6-fc23a572f5a1,right,False,False,,,
569,cea755db-4eee-4138-bdd6-fc23a572f5a1,body,False,False,,,
570,30af8629-7b96-45b7-8778-374720ddbc5e,left,True,True,False,0.0,4115.0
571,30af8629-7b96-45b7-8778-374720ddbc5e,right,True,True,False,0.0,4112.0
572,30af8629-7b96-45b7-8778-374720ddbc5e,body,True,True,False,0.0,4123.0
573,66d98e6e-bcd9-4e78-8fbb-636f7e808b29,left,True,True,False,0.0,5453.0
574,66d98e6e-bcd9-4e78-8fbb-636f7e808b29,right,True,True,False,0.0,5474.0
575,66d98e6e-bcd9-4e78-8fbb-636f7e808b29,body,True,True,False,0.0,5463.0
576,f9860a11-24d3-452e-ab95-39e199f20a93,left,True,True,False,0.0,5850.0
577,f9860a11-24d3-452e-ab95-39e199f20a93,right,True,True,False,0.0,5872.0
578,f9860a11-24d3-452e-ab95-39e199f20a93,body,True,True,False,0.0,5860.0
579,f3ce3197-d534-4618-bf81-b687555d1883,left,True,True,False,0.0,6357.0
580,f3ce3197-d534-4618-bf81-b687555d1883,right,True,True,False,0.0,6382.0
581,f3ce3197-d534-4618-bf81-b687555d1883,body,True,True,False,0.0,6368.0
582,6f09ba7e-e3ce-44b0-932b-c003fb44fb89,left,True,True,False,0.0,5670.0
583,6f09ba7e-e3ce-44b0-932b-c003fb44fb89,right,True,True,False,0.0,5692.0
584,6f09ba7e-e3ce-44b0-932b-c003fb44fb89,body,True,True,False,0.0,5680.0
585,695a6073-eae0-49e0-bb0f-e9e57a9275b9,left,True,True,False,0.0,4803.0
586,695a6073-eae0-49e0-bb0f-e9e57a9275b9,right,True,True,False,0.0,4822.0
587,695a6073-eae0-49e0-bb0f-e9e57a9275b9,body,True,True,False,0.0,4812.0
588,6fb1e12c-883b-46d1-a745-473cde3232c8,left,True,True,False,0.0,4293.0
589,6fb1e12c-883b-46d1-a745-473cde3232c8,right,True,True,False,0.0,4309.0
590,6fb1e12c-883b-46d1-a745-473cde3232c8,body,True,True,False,0.0,4300.0
591,88d24c31-52e4-49cc-9f32-6adbeb9eba87,left,True,True,False,0.0,4344.0
592,88d24c31-52e4-49cc-9f32-6adbeb9eba87,right,True,True,False,0.0,4360.0
593,88d24c31-52e4-49cc-9f32-6adbeb9eba87,body,True,True,False,0.0,4351.0
594,c6db3304-c906-400c-aa0f-45dd3945b2ea,left,True,True,False,0.0,5194.0
595,c6db3304-c906-400c-aa0f-45dd3945b2ea,right,True,True,False,0.0,5214.0
596,c6db3304-c906-400c-aa0f-45dd3945b2ea,body,True,True,False,0.0,5203.0
597,4ecb5d24-f5cc-402c-be28-9d0f7cb14b3a,left,True,True,False,0.0,4004.0
598,4ecb5d24-f5cc-402c-be28-9d0f7cb14b3a,right,True,True,False,0.0,4020.0
599,4ecb5d24-f5cc-402c-be28-9d0f7cb14b3a,body,True,True,False,0.0,4011.0
600,dac3a4c1-b666-4de0-87e8-8c514483cacf,left,True,True,False,0.0,4412.0
601,dac3a4c1-b666-4de0-87e8-8c514483cacf,right,True,True,False,0.0,4429.0
602,dac3a4c1-b666-4de0-87e8-8c514483cacf,body,True,True,False,0.0,4420.0
603,875c1e5c-f7ec-45ac-ab82-ecfe7276a707,left,True,True,False,0.0,5448.0
604,875c1e5c-f7ec-45ac-ab82-ecfe7276a707,right,True,True,False,0.0,5468.0
605,875c1e5c-f7ec-45ac-ab82-ecfe7276a707,body,True,True,False,0.0,5457.0
606,81a1dca0-cc90-47c5-afe3-c277319c47c8,left,True,True,False,0.0,4599.0
607,81a1dca0-cc90-47c5-afe3-c277319c47c8,right,True,True,False,0.0,4617.0
608,81a1dca0-cc90-47c5-afe3-c277319c47c8,body,True,True,False,0.0,4607.0
609,493170a6-fd94-4ee4-884f-cc018c17eeb9,left,True,True,False,0.0,4855.0
610,493170a6-fd94-4ee4-884f-cc018c17eeb9,right,True,True,False,0.0,4873.0
611,493170a6-fd94-4ee4-884f-cc018c17eeb9,body,True,True,False,0.0,4863.0
612,360eac0c-7d2d-4cc1-9dcf-79fc7afc56e7,left,True,True,False,0.0,5716.0
613,360eac0c-7d2d-4cc1-9dcf-79fc7afc56e7,right,True,True,False,0.0,5737.0
614,360eac0c-7d2d-4cc1-9dcf-79fc7afc56e7,body,True,True,False,0.0,5726.0
615,d7e60cc3-6020-429e-a654-636c6cc677ea,left,True,True,False,0.0,5238.0
616,d7e60cc3-6020-429e-a654-636c6cc677ea,right,True,True,False,0.0,5258.0
617,d7e60cc3-6020-429e-a654-636c6cc677ea,body,True,True,False,0.0,5248.0
618,f4ffb731-8349-4fe4-806e-0232a84e52dd,left,True,True,False,0.0,4949.0
619,f4ffb731-8349-4fe4-806e-0232a84e52dd,right,True,True,False,0.0,4922.0
620,f4ffb731-8349-4fe4-806e-0232a84e52dd,body,True,True,False,0.0,4957.0
621,a4747ac8-6a75-444f-b99b-696fff0243fd,left,True,True,False,0.0,3032.0
622,a4747ac8-6a75-444f-b99b-696fff0243fd,right,True,True,False,0.0,3016.0
623,a4747ac8-6a75-444f-b99b-696fff0243fd,body,True,True,False,0.0,3038.0
624,c4432264-e1ae-446f-8a07-6280abade813,left,True,True,False,0.0,5359.0
625,c4432264-e1ae-446f-8a07-6280abade813,right,True,True,False,0.0,5365.0
626,c4432264-e1ae-446f-8a07-6280abade813,body,True,True,False,0.0,5377.0
627,9e9c6fc0-4769-4d83-9ea4-b59a1230510e,left,True,True,False,0.0,6526.0
628,9e9c6fc0-4769-4d83-9ea4-b59a1230510e,right,True,True,False,0.0,6535.0
629,9e9c6fc0-4769-4d83-9ea4-b59a1230510e,body,True,True,False,0.0,6549.0
630,09b2c4d1-058d-4c84-9fd4-97530f85baf6,left,True,True,False,0.0,5269.0
631,09b2c4d1-058d-4c84-9fd4-97530f85baf6,right,True,True,False,0.0,5276.0
632,09b2c4d1-058d-4c84-9fd4-97530f85baf6,body,True,True,False,0.0,5288.0
633,5d6aa933-4b00-4e99-ae2d-5003657592e9,left,True,True,False,0.0,6506.0
634,5d6aa933-4b00-4e99-ae2d-5003657592e9,right,True,True,False,0.0,6514.0
635,5d6aa933-4b00-4e99-ae2d-5003657592e9,body,True,True,False,0.0,6528.0
636,63f3dbc1-1a5f-44e5-98dd-ce25cd2b7871,left,True,True,False,0.0,4516.0
637,63f3dbc1-1a5f-44e5-98dd-ce25cd2b7871,right,True,True,False,0.0,4521.0
638,63f3dbc1-1a5f-44e5-98dd-ce25cd2b7871,body,True,True,False,0.0,4531.0
639,746d1902-fa59-4cab-b0aa-013be36060d5,left,True,True,False,0.0,5417.0
640,746d1902-fa59-4cab-b0aa-013be36060d5,right,True,True,False,0.0,5426.0
641,746d1902-fa59-4cab-b0aa-013be36060d5,body,True,True,False,0.0,5438.0
642,5b609f9b-75cb-43d3-9c39-b5b4b7a0db67,left,True,True,False,0.0,6055.0
643,5b609f9b-75cb-43d3-9c39-b5b4b7a0db67,right,True,True,False,0.0,6065.0
644,5b609f9b-75cb-43d3-9c39-b5b4b7a0db67,body,True,True,False,0.0,6078.0
645,56bc129c-6265-407a-a208-cc16d20a6c01,left,True,True,False,0.0,6545.0
646,56bc129c-6265-407a-a208-cc16d20a6c01,right,True,True,False,0.0,6556.0
647,56bc129c-6265-407a-a208-cc16d20a6c01,body,True,True,False,0.0,6570.0
648,1a507308-c63a-4e02-8f32-3239a07dc578,left,True,True,False,0.0,5323.0
649,1a507308-c63a-4e02-8f32-3239a07dc578,right,True,True,False,0.0,5329.0
650,1a507308-c63a-4e02-8f32-3239a07dc578,body,True,True,False,0.0,5341.0
651,f5591ac5-311d-4fa8-9bad-029d7be9c491,left,True,True,False,0.0,5338.0
652,f5591ac5-311d-4fa8-9bad-029d7be9c491,right,True,True,False,0.0,5344.0
653,f5591ac5-311d-4fa8-9bad-029d7be9c491,body,True,True,False,0.0,5356.0
654,ab8a0899-a59f-42e4-8807-95b14056104b,left,True,True,False,0.0,5390.0
655,ab8a0899-a59f-42e4-8807-95b14056104b,right,True,True,False,0.0,5396.0
656,ab8a0899-a59f-42e4-8807-95b14056104b,body,True,True,False,0.0,5408.0
657,71e03be6-b497-4991-a121-9416dcc1a6e7,left,True,True,False,0.0,5641.0
658,71e03be6-b497-4991-a121-9416dcc1a6e7,right,True,True,False,0.0,5648.0
659,71e03be6-b497-4991-a121-9416dcc1a6e7,body,True,True,False,0.0,5660.0
660,d0ea3148-948d-4817-94f8-dcaf2342bbbe,left,True,True,False,0.0,5270.0
661,d0ea3148-948d-4817-94f8-dcaf2342bbbe,right,True,True,False,0.0,5277.0
662,d0ea3148-948d-4817-94f8-dcaf2342bbbe,body,True,True,False,0.0,5289.0
663,4aa1d525-5c7d-4c50-a147-ec53a9014812,left,True,True,False,0.0,4202.0
664,4aa1d525-5c7d-4c50-a147-ec53a9014812,right,True,True,False,0.0,4208.0
665,4aa1d525-5c7d-4c50-a147-ec53a9014812,body,True,True,False,0.0,4217.0
666,9b5a1754-ac99-4d53-97d3-35c2f6638507,left,True,True,False,0.0,4234.0
667,9b5a1754-ac99-4d53-97d3-35c2f6638507,right,True,True,False,0.0,4239.0
668,9b5a1754-ac99-4d53-97d3-35c2f6638507,body,True,True,False,0.0,4249.0
669,2c44a360-5a56-4971-8009-f469fb59de98,left,True,True,False,0.0,4117.0
670,2c44a360-5a56-4971-8009-f469fb59de98,right,True,True,False,0.0,4122.0
671,2c44a360-5a56-4971-8009-f469fb59de98,body,True,True,False,0.0,4131.0
672,3f6e25ae-c007-4dc3-aa77-450fd5705046,left,True,True,False,0.0,3214.0
673,3f6e25ae-c007-4dc3-aa77-450fd5705046,right,True,True,False,0.0,3218.0
674,3f6e25ae-c007-4dc3-aa77-450fd5705046,body,True,True,False,0.0,3225.0
675,113c5b6c-940e-4b21-b462-789b4c2be0e5,left,True,True,False,0.0,4047.0
676,113c5b6c-940e-4b21-b462-789b4c2be0e5,right,True,True,False,0.0,4052.0
677,113c5b6c-940e-4b21-b462-789b4c2be0e5,body,True,True,False,0.0,4061.0
678,0b7ee1b6-42db-46cd-a465-08f531366187,left,True,True,False,0.0,5065.0
679,0b7ee1b6-42db-46cd-a465-08f531366187,right,True,True,False,0.0,5071.0
680,0b7ee1b6-42db-46cd-a465-08f531366187,body,True,True,False,0.0,5082.0
681,a4a74102-2af5-45dc-9e41-ef7f5aed88be,left,True,True,False,0.0,3278.0
682,a4a74102-2af5-45dc-9e41-ef7f5aed88be,right,True,True,False,0.0,3282.0
683,a4a74102-2af5-45dc-9e41-ef7f5aed88be,body,True,True,False,0.0,3290.0
684,72cb5550-43b4-4ef0-add5-e4adfdfb5e02,left,True,True,False,0.0,6249.0
685,72cb5550-43b4-4ef0-add5-e4adfdfb5e02,right,True,True,False,0.0,6257.0
686,72cb5550-43b4-4ef0-add5-e4adfdfb5e02,body,True,True,False,0.0,6271.0
687,d0c91c3c-8cbb-4929-8657-31f18bffc294,left,True,True,False,0.0,3732.0
688,d0c91c3c-8cbb-4929-8657-31f18bffc294,right,True,True,False,0.0,3736.0
689,d0c91c3c-8cbb-4929-8657-31f18bffc294,body,True,True,False,0.0,3744.0
690,6f6d2c8e-28be-49f4-ae4d-06be2d3148c1,left,True,True,False,0.0,4177.0
691,6f6d2c8e-28be-49f4-ae4d-06be2d3148c1,right,True,True,False,0.0,4182.0
692,6f6d2c8e-28be-49f4-ae4d-06be2d3148c1,body,True,True,False,0.0,4192.0
693,88224abb-5746-431f-9c17-17d7ef806e6a,left,True,True,False,0.0,4695.0
694,88224abb-5746-431f-9c17-17d7ef806e6a,right,True,True,False,0.0,4700.0
695,88224abb-5746-431f-9c17-17d7ef806e6a,body,True,True,False,0.0,4711.0
696,7cec9792-b8f9-4878-be7e-f08103dc0323,left,True,True,False,0.0,4264.0
697,7cec9792-b8f9-4878-be7e-f08103dc0323,right,True,True,False,0.0,4269.0
698,7cec9792-b8f9-4878-be7e-f08103dc0323,body,True,True,False,0.0,4279.0
699,0802ced5-33a3-405e-8336-b65ebc5cb07c,left,True,True,False,0.0,3857.0
700,0802ced5-33a3-405e-8336-b65ebc5cb07c,right,True,True,False,0.0,3861.0
701,0802ced5-33a3-405e-8336-b65ebc5cb07c,body,True,True,False,0.0,3870.0
702,dd4da095-4a99-4bf3-9727-f735077dba66,left,True,True,True,-227986.0,6351.0
703,dd4da095-4a99-4bf3-9727-f735077dba66,right,True,True,False,0.0,511.0
704,dd4da095-4a99-4bf3-9727-f735077dba66,body,True,True,True,-76312.0,5103.0
705,e5fae088-ed96-4d9b-82f9-dfd13c259d52,left,True,True,False,0.0,360.0
706,e5fae088-ed96-4d9b-82f9-dfd13c259d52,right,True,True,True,311459.0,362.0
707,e5fae088-ed96-4d9b-82f9-dfd13c259d52,body,True,True,True,62258.0,362.0
708,21e16736-fd59-44c7-b938-9b1333d25da8,left,True,True,False,0.0,3965.0
709,21e16736-fd59-44c7-b938-9b1333d25da8,right,True,True,False,0.0,3979.0
710,21e16736-fd59-44c7-b938-9b1333d25da8,body,True,True,False,0.0,3977.0
711,53738f95-bd08-4d9d-9133-483fdb19e8da,left,True,True,False,0.0,2741.0
712,53738f95-bd08-4d9d-9133-483fdb19e8da,right,True,True,False,0.0,2751.0
713,53738f95-bd08-4d9d-9133-483fdb19e8da,body,True,True,False,0.0,2749.0
714,d33baf74-263c-4b37-a0d0-b79dcb80a764,left,True,True,False,0.0,3112.0
715,d33baf74-263c-4b37-a0d0-b79dcb80a764,right,True,True,False,0.0,3118.0
716,d33baf74-263c-4b37-a0d0-b79dcb80a764,body,True,True,False,0.0,3125.0
717,259927fd-7563-4b03-bc5d-17b4d0fa7a55,left,True,True,False,0.0,3586.0
718,259927fd-7563-4b03-bc5d-17b4d0fa7a55,right,True,True,False,0.0,3593.0
719,259927fd-7563-4b03-bc5d-17b4d0fa7a55,body,True,True,False,0.0,3601.0
720,510b1a50-825d-44ce-86f6-9678f5396e02,left,True,True,False,0.0,4817.0
721,510b1a50-825d-44ce-86f6-9678f5396e02,right,True,True,False,0.0,4839.0
722,510b1a50-825d-44ce-86f6-9678f5396e02,body,True,True,False,0.0,4847.0
723,193fe7a8-4eb5-4f3e-815a-0c45864ddd77,left,True,True,False,0.0,4281.0
724,193fe7a8-4eb5-4f3e-815a-0c45864ddd77,right,True,True,False,0.0,4300.0
725,193fe7a8-4eb5-4f3e-815a-0c45864ddd77,body,True,True,False,0.0,4308.0
726,ff4187b5-4176-4e39-8894-53a24b7cf36b,left,True,True,False,0.0,3933.0
727,ff4187b5-4176-4e39-8894-53a24b7cf36b,right,True,True,False,0.0,3951.0
728,ff4187b5-4176-4e39-8894-53a24b7cf36b,body,True,True,False,0.0,3958.0
729,465c44bd-2e67-4112-977b-36e1ac7e3f8c,left,True,True,False,0.0,2557.0
730,465c44bd-2e67-4112-977b-36e1ac7e3f8c,right,True,True,False,0.0,2569.0
731,465c44bd-2e67-4112-977b-36e1ac7e3f8c,body,True,True,False,0.0,2573.0
732,e49d8ee7-24b9-416a-9d04-9be33b655f40,left,True,True,False,0.0,2818.0
733,e49d8ee7-24b9-416a-9d04-9be33b655f40,right,True,True,False,0.0,2831.0
734,e49d8ee7-24b9-416a-9d04-9be33b655f40,body,True,True,False,0.0,2836.0
735,ee40aece-cffd-4edb-a4b6-155f158c666a,left,True,True,False,0.0,4949.0
736,ee40aece-cffd-4edb-a4b6-155f158c666a,right,True,True,False,0.0,4971.0
737,ee40aece-cffd-4edb-a4b6-155f158c666a,body,True,True,False,0.0,4980.0
738,f8d5c8b0-b931-4151-b86c-c471e2e80e5d,left,True,True,False,0.0,3857.0
739,f8d5c8b0-b931-4151-b86c-c471e2e80e5d,right,True,True,False,0.0,3874.0
740,f8d5c8b0-b931-4151-b86c-c471e2e80e5d,body,True,True,False,0.0,3881.0
741,cb2ad999-a6cb-42ff-bf71-1774c57e5308,left,True,True,False,0.0,4414.0
742,cb2ad999-a6cb-42ff-bf71-1774c57e5308,right,True,True,False,0.0,4423.0
743,cb2ad999-a6cb-42ff-bf71-1774c57e5308,body,True,True,False,0.0,4432.0
744,934dd7a4-fbdc-459c-8830-04fe9033bc28,left,True,True,False,0.0,4497.0
745,934dd7a4-fbdc-459c-8830-04fe9033bc28,right,True,True,False,0.0,4493.0
746,934dd7a4-fbdc-459c-8830-04fe9033bc28,body,True,True,False,0.0,4505.0
747,fe1fd79f-b051-411f-a0a9-2530a02cc78d,left,True,True,False,0.0,4153.0
748,fe1fd79f-b051-411f-a0a9-2530a02cc78d,right,True,True,False,0.0,4162.0
749,fe1fd79f-b051-411f-a0a9-2530a02cc78d,body,True,True,False,0.0,4171.0
750,4d8c7767-981c-4347-8e5e-5d5fffe38534,left,True,True,False,0.0,544.0
751,4d8c7767-981c-4347-8e5e-5d5fffe38534,right,True,True,True,699961.0,546.0
752,4d8c7767-981c-4347-8e5e-5d5fffe38534,body,True,True,False,0.0,545.0
753,1e45d992-c356-40e1-9be1-a506d944896f,left,True,True,False,0.0,6122.0
754,1e45d992-c356-40e1-9be1-a506d944896f,right,True,True,False,0.0,6145.0
755,1e45d992-c356-40e1-9be1-a506d944896f,body,True,True,False,0.0,6133.0
756,03063955-2523-47bd-ae57-f7489dd40f15,left,True,True,False,0.0,5960.0
757,03063955-2523-47bd-ae57-f7489dd40f15,right,True,True,False,0.0,5983.0
758,03063955-2523-47bd-ae57-f7489dd40f15,body,True,True,False,0.0,5971.0
759,768a371d-7e88-47f8-bf21-4a6a6570dd6e,left,True,True,False,0.0,4037.0
760,768a371d-7e88-47f8-bf21-4a6a6570dd6e,right,True,True,False,0.0,4052.0
761,768a371d-7e88-47f8-bf21-4a6a6570dd6e,body,True,True,False,0.0,4044.0
762,45ef6691-7b80-4a43-bd1a-85fc00851ae8,left,True,True,False,0.0,4664.0
763,45ef6691-7b80-4a43-bd1a-85fc00851ae8,right,True,True,False,0.0,4682.0
764,45ef6691-7b80-4a43-bd1a-85fc00851ae8,body,True,True,False,0.0,4672.0
765,fc14c0d6-51cf-48ba-b326-56ed5a9420c3,left,True,True,False,0.0,3806.0
766,fc14c0d6-51cf-48ba-b326-56ed5a9420c3,right,True,True,False,0.0,3821.0
767,fc14c0d6-51cf-48ba-b326-56ed5a9420c3,body,True,True,False,0.0,3813.0
768,7416f387-b302-4ca3-8daf-03b585a1b7ec,left,True,True,False,0.0,4640.0
769,7416f387-b302-4ca3-8daf-03b585a1b7ec,right,True,True,False,0.0,4657.0
770,7416f387-b302-4ca3-8daf-03b585a1b7ec,body,True,True,False,0.0,4648.0
771,1928bf72-2002-46a6-8930-728420402e01,left,True,True,False,0.0,5509.0
772,1928bf72-2002-46a6-8930-728420402e01,right,True,True,False,0.0,5530.0
773,1928bf72-2002-46a6-8930-728420402e01,body,True,True,False,0.0,5519.0
774,22e04698-b974-4805-b241-3b547dbf37bf,left,True,True,False,0.0,3849.0
775,22e04698-b974-4805-b241-3b547dbf37bf,right,True,True,False,0.0,3864.0
776,22e04698-b974-4805-b241-3b547dbf37bf,body,True,True,False,0.0,3856.0
777,7cb81727-2097-4b52-b480-c89867b5b34c,left,True,True,False,0.0,5093.0
778,7cb81727-2097-4b52-b480-c89867b5b34c,right,True,True,False,0.0,5113.0
779,7cb81727-2097-4b52-b480-c89867b5b34c,body,True,True,False,0.0,5102.0
780,f84045b0-ce09-4ace-9d11-5ea491620707,left,True,True,False,0.0,4772.0
781,f84045b0-ce09-4ace-9d11-5ea491620707,right,True,True,False,0.0,4790.0
782,f84045b0-ce09-4ace-9d11-5ea491620707,body,True,True,False,0.0,4780.0
783,239cdbb1-68e2-4eb0-91d8-ae5ae4001c7a,left,True,True,False,0.0,4472.0
784,239cdbb1-68e2-4eb0-91d8-ae5ae4001c7a,right,True,True,False,0.0,4489.0
785,239cdbb1-68e2-4eb0-91d8-ae5ae4001c7a,body,True,True,False,0.0,4480.0
786,75b6b132-d998-4fba-8482-961418ac957d,left,True,True,False,0.0,4528.0
787,75b6b132-d998-4fba-8482-961418ac957d,right,True,True,False,0.0,4545.0
788,75b6b132-d998-4fba-8482-961418ac957d,body,True,True,False,0.0,4536.0
789,032452e9-1886-449d-9c13-0f192572e19f,left,True,True,False,0.0,5029.0
790,032452e9-1886-449d-9c13-0f192572e19f,right,True,True,False,0.0,5049.0
791,032452e9-1886-449d-9c13-0f192572e19f,body,True,True,False,0.0,5038.0
792,56b57c38-2699-4091-90a8-aba35103155e,left,True,True,False,0.0,4000.0
793,56b57c38-2699-4091-90a8-aba35103155e,right,True,True,False,0.0,4016.0
794,56b57c38-2699-4091-90a8-aba35103155e,body,True,True,False,0.0,4007.0
795,91796ceb-e314-4859-9a1f-092f85cc846a,left,True,True,False,0.0,4804.0
796,91796ceb-e314-4859-9a1f-092f85cc846a,right,True,True,False,0.0,4822.0
797,91796ceb-e314-4859-9a1f-092f85cc846a,body,True,True,False,0.0,4812.0
798,6c6983ef-7383-4989-9183-32b1a300d17a,left,True,True,False,0.0,4260.0
799,6c6983ef-7383-4989-9183-32b1a300d17a,right,True,True,False,0.0,4276.0
800,6c6983ef-7383-4989-9183-32b1a300d17a,body,True,True,False,0.0,4267.0
801,eebacd5a-7dcd-4ba6-9dff-ec2a4d2f19e0,left,True,True,False,0.0,3969.0
802,eebacd5a-7dcd-4ba6-9dff-ec2a4d2f19e0,right,True,True,False,0.0,3985.0
803,eebacd5a-7dcd-4ba6-9dff-ec2a4d2f19e0,body,True,True,False,0.0,3976.0
804,671c7ea7-6726-4fbe-adeb-f89c2c8e489b,left,True,True,False,0.0,4845.0
805,671c7ea7-6726-4fbe-adeb-f89c2c8e489b,right,True,True,False,0.0,4863.0
806,671c7ea7-6726-4fbe-adeb-f89c2c8e489b,body,True,True,False,0.0,4854.0
807,6bb5da8f-6858-4fdd-96d9-c34b3b841593,left,True,True,False,0.0,4184.0
808,6bb5da8f-6858-4fdd-96d9-c34b3b841593,right,True,True,False,0.0,4200.0
809,6bb5da8f-6858-4fdd-96d9-c34b3b841593,body,True,True,False,0.0,4192.0
810,3638d102-e8b6-4230-8742-e548cd87a949,left,True,True,False,0.0,6080.0
811,3638d102-e8b6-4230-8742-e548cd87a949,right,True,True,False,0.0,6103.0
812,3638d102-e8b6-4230-8742-e548cd87a949,body,True,True,False,0.0,6091.0
813,f1db6257-85ef-4385-b415-2d078ec75df2,left,True,True,False,0.0,5347.0
814,f1db6257-85ef-4385-b415-2d078ec75df2,right,True,True,False,0.0,5367.0
815,f1db6257-85ef-4385-b415-2d078ec75df2,body,True,True,False,0.0,5356.0
816,d3a2b25e-46d3-4f0b-ade6-4e32255f4c35,left,True,True,False,0.0,5747.0
817,d3a2b25e-46d3-4f0b-ade6-4e32255f4c35,right,True,True,False,0.0,5769.0
818,d3a2b25e-46d3-4f0b-ade6-4e32255f4c35,body,True,True,False,0.0,5757.0
819,9545aa05-3945-4054-a5c3-a259f7209d61,left,True,True,False,0.0,4363.0
820,9545aa05-3945-4054-a5c3-a259f7209d61,right,True,True,False,0.0,4380.0
821,9545aa05-3945-4054-a5c3-a259f7209d61,body,True,True,False,0.0,4371.0
822,1425bd6f-c625-4f6a-b237-dc5bcfc42c87,left,True,True,False,0.0,5395.0
823,1425bd6f-c625-4f6a-b237-dc5bcfc42c87,right,True,True,False,0.0,5366.0
824,1425bd6f-c625-4f6a-b237-dc5bcfc42c87,body,True,True,False,0.0,5404.0
825,e6043c7d-8f6e-4b66-8309-2ec0abac0f79,left,True,True,False,0.0,5484.0
826,e6043c7d-8f6e-4b66-8309-2ec0abac0f79,right,True,True,False,0.0,5495.0
827,e6043c7d-8f6e-4b66-8309-2ec0abac0f79,body,True,True,False,0.0,5507.0
828,9b528ad0-4599-4a55-9148-96cc1d93fb24,left,True,True,False,0.0,4089.0
829,9b528ad0-4599-4a55-9148-96cc1d93fb24,right,True,True,False,0.0,4097.0
830,9b528ad0-4599-4a55-9148-96cc1d93fb24,body,True,True,False,0.0,4106.0
831,63c70ae8-4dfb-418b-b21b-f0b1e5fba6c9,left,True,True,False,0.0,5430.0
832,63c70ae8-4dfb-418b-b21b-f0b1e5fba6c9,right,True,True,False,0.0,5441.0
833,63c70ae8-4dfb-418b-b21b-f0b1e5fba6c9,body,True,True,False,0.0,5452.0
834,3e6a97d3-3991-49e2-b346-6948cb4580fb,left,True,True,False,0.0,3816.0
835,3e6a97d3-3991-49e2-b346-6948cb4580fb,right,True,True,False,0.0,3824.0
836,3e6a97d3-3991-49e2-b346-6948cb4580fb,body,True,True,False,0.0,3832.0
837,eacc49a9-f3a1-49f1-b87f-0972f90ee837,left,True,True,False,0.0,4638.0
838,eacc49a9-f3a1-49f1-b87f-0972f90ee837,right,True,True,False,0.0,4647.0
839,eacc49a9-f3a1-49f1-b87f-0972f90ee837,body,True,True,False,0.0,4657.0
840,5b49aca6-a6f4-4075-931a-617ad64c219c,left,True,True,False,0.0,4648.0
841,5b49aca6-a6f4-4075-931a-617ad64c219c,right,True,True,False,0.0,4657.0
842,5b49aca6-a6f4-4075-931a-617ad64c219c,body,True,True,False,0.0,4667.0
843,d901aff5-2250-467a-b4a1-0cb9729df9e2,left,True,True,False,0.0,3859.0
844,d901aff5-2250-467a-b4a1-0cb9729df9e2,right,True,True,False,0.0,3867.0
845,d901aff5-2250-467a-b4a1-0cb9729df9e2,body,True,True,False,0.0,3875.0
846,27ef44c0-acb2-4220-b776-477d0d5abd35,left,True,True,False,0.0,4788.0
847,27ef44c0-acb2-4220-b776-477d0d5abd35,right,True,True,False,0.0,4798.0
848,27ef44c0-acb2-4220-b776-477d0d5abd35,body,True,True,False,0.0,4808.0
849,1ca83b26-30fc-4350-a616-c38b7d00d240,left,True,True,False,0.0,4660.0
850,1ca83b26-30fc-4350-a616-c38b7d00d240,right,True,True,False,0.0,4670.0
851,1ca83b26-30fc-4350-a616-c38b7d00d240,body,True,True,False,0.0,4680.0
852,e0928e11-2b86-4387-a203-80c77fab5d52,left,True,True,False,0.0,4327.0
853,e0928e11-2b86-4387-a203-80c77fab5d52,right,True,True,False,0.0,4336.0
854,e0928e11-2b86-4387-a203-80c77fab5d52,body,True,True,False,0.0,4346.0
855,6c6b0d06-6039-4525-a74b-58cfaa1d3a60,left,True,True,False,0.0,6374.0
856,6c6b0d06-6039-4525-a74b-58cfaa1d3a60,right,True,True,False,0.0,6387.0
857,6c6b0d06-6039-4525-a74b-58cfaa1d3a60,body,True,True,False,0.0,6401.0
858,0f77ca5d-73c2-45bd-aa4c-4c5ed275dbde,left,True,True,False,0.0,6745.0
859,0f77ca5d-73c2-45bd-aa4c-4c5ed275dbde,right,True,True,False,0.0,6759.0
860,0f77ca5d-73c2-45bd-aa4c-4c5ed275dbde,body,True,True,False,0.0,6774.0
861,ae8787b1-4229-4d56-b0c2-566b61a25b77,left,True,True,False,0.0,5510.0
862,ae8787b1-4229-4d56-b0c2-566b61a25b77,right,True,True,False,0.0,5521.0
863,ae8787b1-4229-4d56-b0c2-566b61a25b77,body,True,True,False,0.0,5533.0
864,5139ce2c-7d52-44bf-8129-692d61dd6403,left,True,True,False,0.0,5245.0
865,5139ce2c-7d52-44bf-8129-692d61dd6403,right,True,True,False,0.0,5240.0
866,5139ce2c-7d52-44bf-8129-692d61dd6403,body,True,True,False,0.0,5254.0
867,49368f16-de69-4647-9a7a-761e94517821,left,True,True,False,0.0,4270.0
868,49368f16-de69-4647-9a7a-761e94517821,right,True,True,False,0.0,4266.0
869,49368f16-de69-4647-9a7a-761e94517821,body,True,True,False,0.0,4278.0
870,ebe090af-5922-4fcd-8fc6-17b8ba7bad6d,left,True,True,True,-148911.0,6925.0
871,ebe090af-5922-4fcd-8fc6-17b8ba7bad6d,right,True,True,True,-371951.0,6918.0
872,ebe090af-5922-4fcd-8fc6-17b8ba7bad6d,body,True,True,True,-74587.0,6937.0
873,d832d9f7-c96a-4f63-8921-516ba4a7b61f,left,True,True,False,0.0,1045.0
874,d832d9f7-c96a-4f63-8921-516ba4a7b61f,right,True,True,False,0.0,268.0
875,d832d9f7-c96a-4f63-8921-516ba4a7b61f,body,True,True,False,0.0,676.0
876,dcceebe5-4589-44df-a1c1-9fa33e779727,left,True,True,False,0.0,15104.0
877,dcceebe5-4589-44df-a1c1-9fa33e779727,right,True,True,False,0.0,2587.0
878,dcceebe5-4589-44df-a1c1-9fa33e779727,body,True,True,False,0.0,6491.0
879,cae5cd75-55e5-4277-8db3-cf4d6c5ff918,left,True,True,False,0.0,5157.0
880,cae5cd75-55e5-4277-8db3-cf4d6c5ff918,right,True,True,False,0.0,5153.0
881,cae5cd75-55e5-4277-8db3-cf4d6c5ff918,body,True,True,False,0.0,5166.0
882,4ef13091-1bc8-4f32-9619-107bdf48540c,left,True,True,False,0.0,4975.0
883,4ef13091-1bc8-4f32-9619-107bdf48540c,right,True,True,False,0.0,4970.0
884,4ef13091-1bc8-4f32-9619-107bdf48540c,body,True,True,False,0.0,4983.0
885,4ddb8a95-788b-48d0-8a0a-66c7c796da96,left,True,True,False,0.0,12573.0
886,4ddb8a95-788b-48d0-8a0a-66c7c796da96,right,True,True,False,0.0,2166.0
887,4ddb8a95-788b-48d0-8a0a-66c7c796da96,body,True,True,False,0.0,5426.0
888,f8041c1e-5ef4-4ae6-afec-ed82d7a74dc1,left,True,True,True,1004671.0,16.0
889,f8041c1e-5ef4-4ae6-afec-ed82d7a74dc1,right,True,True,False,0.0,383.0
890,f8041c1e-5ef4-4ae6-afec-ed82d7a74dc1,body,True,True,False,0.0,958.0
891,65f5c9b4-4440-48b9-b914-c593a5184a18,left,True,True,False,0.0,10904.0
892,65f5c9b4-4440-48b9-b914-c593a5184a18,right,True,True,False,0.0,1855.0
893,65f5c9b4-4440-48b9-b914-c593a5184a18,body,True,True,False,0.0,4653.0
894,a7763417-e0d6-4f2a-aa55-e382fd9b5fb8,left,True,True,False,0.0,6629.0
895,a7763417-e0d6-4f2a-aa55-e382fd9b5fb8,right,True,True,False,0.0,6623.0
896,a7763417-e0d6-4f2a-aa55-e382fd9b5fb8,body,True,True,False,0.0,6641.0
897,5285c561-80da-4563-8694-739da92e5dd0,left,True,True,False,0.0,4564.0
898,5285c561-80da-4563-8694-739da92e5dd0,right,True,True,False,0.0,4560.0
899,5285c561-80da-4563-8694-739da92e5dd0,body,True,True,False,0.0,4573.0
900,ff96bfe1-d925-4553-94b5-bf8297adf259,left,True,True,False,0.0,4559.0
901,ff96bfe1-d925-4553-94b5-bf8297adf259,right,True,True,False,0.0,4555.0
902,ff96bfe1-d925-4553-94b5-bf8297adf259,body,True,True,False,0.0,4578.0
903,a9138924-4395-4981-83d1-530f6ff7c8fc,left,True,True,False,0.0,5886.0
904,a9138924-4395-4981-83d1-530f6ff7c8fc,right,True,True,False,0.0,5880.0
905,a9138924-4395-4981-83d1-530f6ff7c8fc,body,True,True,False,0.0,5910.0
906,8c2f7f4d-7346-42a4-a715-4d37a5208535,left,True,True,True,-369.0,1802.0
907,8c2f7f4d-7346-42a4-a715-4d37a5208535,right,True,True,True,-918.0,1800.0
908,8c2f7f4d-7346-42a4-a715-4d37a5208535,body,True,True,True,-184.0,1810.0
909,09394481-8dd2-4d5c-9327-f2753ede92d7,left,True,True,False,0.0,5546.0
910,09394481-8dd2-4d5c-9327-f2753ede92d7,right,True,True,False,0.0,5541.0
911,09394481-8dd2-4d5c-9327-f2753ede92d7,body,True,True,False,0.0,5569.0
912,dc21e80d-97d7-44ca-a729-a8e3f9b14305,left,True,True,False,0.0,6443.0
913,dc21e80d-97d7-44ca-a729-a8e3f9b14305,right,True,True,False,0.0,6437.0
914,dc21e80d-97d7-44ca-a729-a8e3f9b14305,body,True,True,False,0.0,6470.0
915,25d1920e-a2af-4b6c-9f2e-fc6c65576544,left,True,True,False,0.0,8303.0
916,25d1920e-a2af-4b6c-9f2e-fc6c65576544,right,True,True,False,0.0,1433.0
917,25d1920e-a2af-4b6c-9f2e-fc6c65576544,body,True,True,False,0.0,3587.0
918,c728f6fd-58e2-448d-aefb-a72c637b604c,left,True,True,False,0.0,18.0
919,c728f6fd-58e2-448d-aefb-a72c637b604c,right,True,True,False,0.0,18.0
920,c728f6fd-58e2-448d-aefb-a72c637b604c,body,True,True,False,0.0,18.0
921,952870e5-f2a7-4518-9e6d-71585460f6fe,left,True,True,False,0.0,5234.0
922,952870e5-f2a7-4518-9e6d-71585460f6fe,right,True,True,False,0.0,5229.0
923,952870e5-f2a7-4518-9e6d-71585460f6fe,body,True,True,False,0.0,5256.0
924,f304211a-81b1-446f-a435-25e589fe3a5a,left,True,True,False,0.0,5514.0
925,f304211a-81b1-446f-a435-25e589fe3a5a,right,True,True,False,0.0,5509.0
926,f304211a-81b1-446f-a435-25e589fe3a5a,body,True,True,False,0.0,5537.0
927,73918ae1-e4fd-4c18-b132-00cb555b1ad2,left,True,True,False,0.0,4193.0
928,73918ae1-e4fd-4c18-b132-00cb555b1ad2,right,True,True,False,0.0,4189.0
929,73918ae1-e4fd-4c18-b132-00cb555b1ad2,body,True,True,False,0.0,4211.0
930,d2832a38-27f6-452d-91d6-af72d794136c,left,True,True,False,0.0,5031.0
931,d2832a38-27f6-452d-91d6-af72d794136c,right,True,True,False,0.0,5027.0
932,d2832a38-27f6-452d-91d6-af72d794136c,body,True,True,False,0.0,5040.0
933,0cc486c3-8c7b-494d-aa04-b70e2690bcba,left,True,True,False,0.0,4340.0
934,0cc486c3-8c7b-494d-aa04-b70e2690bcba,right,True,True,False,0.0,4336.0
935,0cc486c3-8c7b-494d-aa04-b70e2690bcba,body,True,True,False,0.0,4348.0
936,e9fc0a2d-c69d-44d1-9fa3-314782387cae,left,True,True,False,0.0,4838.0
937,e9fc0a2d-c69d-44d1-9fa3-314782387cae,right,True,True,False,0.0,4835.0
938,e9fc0a2d-c69d-44d1-9fa3-314782387cae,body,True,True,False,0.0,4847.0
939,af55d16f-0e31-4073-bdb5-26da54914aa2,left,True,True,False,0.0,7009.0
940,af55d16f-0e31-4073-bdb5-26da54914aa2,right,True,True,False,0.0,7003.0
941,af55d16f-0e31-4073-bdb5-26da54914aa2,body,True,True,False,0.0,7021.0
942,821f1883-27f3-411d-afd3-fb8241bbc39a,left,True,True,False,0.0,4202.0
943,821f1883-27f3-411d-afd3-fb8241bbc39a,right,True,True,False,0.0,4198.0
944,821f1883-27f3-411d-afd3-fb8241bbc39a,body,True,True,False,0.0,4209.0
945,69a0e953-a643-4f0e-bb26-dc65af3ea7d7,left,True,True,False,0.0,4641.0
946,69a0e953-a643-4f0e-bb26-dc65af3ea7d7,right,True,True,False,0.0,4637.0
947,69a0e953-a643-4f0e-bb26-dc65af3ea7d7,body,True,True,False,0.0,4649.0
948,86b6ba67-c1db-4333-add0-f8105ea6e363,left,True,True,False,0.0,4089.0
949,86b6ba67-c1db-4333-add0-f8105ea6e363,right,True,True,False,0.0,4086.0
950,86b6ba67-c1db-4333-add0-f8105ea6e363,body,True,True,False,0.0,4097.0
951,58b1e920-cfc8-467e-b28b-7654a55d0977,left,True,True,False,0.0,5035.0
952,58b1e920-cfc8-467e-b28b-7654a55d0977,right,True,True,False,0.0,5031.0
953,58b1e920-cfc8-467e-b28b-7654a55d0977,body,True,True,False,0.0,5044.0
954,3e7ae7c0-fe8b-487c-9354-036236fa1010,left,True,True,False,0.0,5408.0
955,3e7ae7c0-fe8b-487c-9354-036236fa1010,right,True,True,True,-813723.0,5424.0
956,3e7ae7c0-fe8b-487c-9354-036236fa1010,body,True,True,True,-162536.0,5417.0
957,5b44c40f-80f4-44fb-abfb-c7f19e27a6ca,left,True,True,False,0.0,4834.0
958,5b44c40f-80f4-44fb-abfb-c7f19e27a6ca,right,True,True,True,-801906.0,5346.0
959,5b44c40f-80f4-44fb-abfb-c7f19e27a6ca,body,True,True,True,-793824.0,26460.0
960,03cf52f6-fba6-4743-a42e-dd1ac3072343,left,True,True,False,0.0,4796.0
961,03cf52f6-fba6-4743-a42e-dd1ac3072343,right,True,True,True,-795526.0,5303.0
962,03cf52f6-fba6-4743-a42e-dd1ac3072343,body,True,True,True,-787513.0,26250.0
963,da188f2c-553c-4e04-879b-c9ea2d1b9a93,left,True,True,False,0.0,6084.0
964,da188f2c-553c-4e04-879b-c9ea2d1b9a93,right,True,True,True,-1009198.0,6727.0
965,da188f2c-553c-4e04-879b-c9ea2d1b9a93,body,True,True,True,-999027.0,33300.0
966,7f6b86f9-879a-4ea2-8531-294a221af5d0,left,True,True,False,0.0,6432.0
967,7f6b86f9-879a-4ea2-8531-294a221af5d0,right,True,True,False,0.0,6442.0
968,7f6b86f9-879a-4ea2-8531-294a221af5d0,body,True,True,False,0.0,6472.0
969,5adab0b7-dfd0-467d-b09d-43cb7ca5d59c,left,True,True,False,0.0,4836.0
970,5adab0b7-dfd0-467d-b09d-43cb7ca5d59c,right,True,True,False,0.0,4844.0
971,5adab0b7-dfd0-467d-b09d-43cb7ca5d59c,body,True,True,False,0.0,4867.0
972,49e0ab27-827a-4c91-bcaa-97eea27a1b8d,left,True,True,False,0.0,5453.0
973,49e0ab27-827a-4c91-bcaa-97eea27a1b8d,right,True,True,False,0.0,5461.0
974,49e0ab27-827a-4c91-bcaa-97eea27a1b8d,body,True,True,False,0.0,5487.0
975,edd22318-216c-44ff-bc24-49ce8be78374,left,True,True,False,0.0,5298.0
976,edd22318-216c-44ff-bc24-49ce8be78374,right,True,True,False,0.0,5306.0
977,edd22318-216c-44ff-bc24-49ce8be78374,body,True,True,False,0.0,5331.0
978,8db36de1-8f17-4446-b527-b5d91909b45a,left,True,True,False,0.0,8232.0
979,8db36de1-8f17-4446-b527-b5d91909b45a,right,True,True,True,-1228391.0,8189.0
980,8db36de1-8f17-4446-b527-b5d91909b45a,body,True,True,True,-246946.0,8231.0
981,1eac875c-feaa-4a30-b148-059b954b11d8,left,True,True,False,0.0,6872.0
982,1eac875c-feaa-4a30-b148-059b954b11d8,right,True,True,True,-1025500.0,6836.0
983,1eac875c-feaa-4a30-b148-059b954b11d8,body,True,True,True,-206155.0,6871.0
984,41431f53-69fd-4e3b-80ce-ea62e03bf9c7,left,True,True,False,0.0,5284.0
985,41431f53-69fd-4e3b-80ce-ea62e03bf9c7,right,True,True,True,-788484.0,5256.0
986,41431f53-69fd-4e3b-80ce-ea62e03bf9c7,body,True,True,True,-158510.0,5283.0
987,a66f1593-dafd-4982-9b66-f9554b6c86b5,left,True,True,False,0.0,6801.0
988,a66f1593-dafd-4982-9b66-f9554b6c86b5,right,True,True,True,-1014914.0,6766.0
989,a66f1593-dafd-4982-9b66-f9554b6c86b5,body,True,True,True,-204027.0,6800.0
990,a82800ce-f4e3-4464-9b80-4c3d6fade333,left,True,True,True,-358.0,5400.0
991,a82800ce-f4e3-4464-9b80-4c3d6fade333,right,True,True,True,-805780.0,5371.0
992,a82800ce-f4e3-4464-9b80-4c3d6fade333,body,True,True,True,-161985.0,5399.0
993,6a601cc5-7b79-4c75-b0e8-552246532f82,left,True,True,True,-60.0,6000.0
994,6a601cc5-7b79-4c75-b0e8-552246532f82,right,True,True,True,-895409.0,5969.0
995,6a601cc5-7b79-4c75-b0e8-552246532f82,body,True,True,True,-180004.0,6000.0
996,90e74228-fd1a-482f-bd56-05dbad132861,left,True,True,False,0.0,6390.0
997,90e74228-fd1a-482f-bd56-05dbad132861,right,True,True,True,-953551.0,6357.0
998,90e74228-fd1a-482f-bd56-05dbad132861,body,True,True,True,-191693.0,6389.0
999,b81e3e11-9a60-4114-b894-09f85074d9c3,left,True,True,True,-3090.0,5650.0
1000,b81e3e11-9a60-4114-b894-09f85074d9c3,right,True,True,True,-843137.0,5620.0
1001,b81e3e11-9a60-4114-b894-09f85074d9c3,body,True,True,True,-169495.0,5649.0
1002,8207abc6-6b23-4762-92b4-82e05bed5143,left,True,True,False,0.0,7412.0
1003,8207abc6-6b23-4762-92b4-82e05bed5143,right,True,True,True,-1113689.0,7424.0
1004,8207abc6-6b23-4762-92b4-82e05bed5143,body,True,True,True,-223239.0,7441.0
1005,20c112a1-8a42-44e0-a4cd-e5b932f7bda9,left,True,True,True,-51.0,4640.0
1006,20c112a1-8a42-44e0-a4cd-e5b932f7bda9,right,True,True,False,0.0,4634.0
1007,20c112a1-8a42-44e0-a4cd-e5b932f7bda9,body,True,True,False,0.0,4657.0
1008,549caacc-3bd7-40f1-913d-e94141816547,left,True,True,True,-177.0,5138.0
1009,549caacc-3bd7-40f1-913d-e94141816547,right,True,True,False,0.0,5132.0
1010,549caacc-3bd7-40f1-913d-e94141816547,body,True,True,False,0.0,5158.0
1011,6274dda8-3a59-4aa1-95f8-a8a549c46a26,left,True,True,True,-1702.0,5692.0
1012,6274dda8-3a59-4aa1-95f8-a8a549c46a26,right,True,True,False,0.0,5686.0
1013,6274dda8-3a59-4aa1-95f8-a8a549c46a26,body,True,True,False,0.0,5714.0
1014,ff48aa1d-ef30-4903-ac34-8c41b738c1b9,left,True,True,False,0.0,5785.0
1015,ff48aa1d-ef30-4903-ac34-8c41b738c1b9,right,True,True,False,0.0,5778.0
1016,ff48aa1d-ef30-4903-ac34-8c41b738c1b9,body,True,True,False,0.0,5807.0
1017,280ee768-f7b8-4c6c-9ea0-48ca75d6b6f3,left,True,True,False,0.0,6189.0
1018,280ee768-f7b8-4c6c-9ea0-48ca75d6b6f3,right,True,True,False,0.0,6181.0
1019,280ee768-f7b8-4c6c-9ea0-48ca75d6b6f3,body,True,True,False,0.0,6212.0
1020,c557324b-b95d-414c-888f-6ee1329a2329,left,True,True,False,0.0,5762.0
1021,c557324b-b95d-414c-888f-6ee1329a2329,right,True,True,False,0.0,5771.0
1022,c557324b-b95d-414c-888f-6ee1329a2329,body,True,True,False,0.0,5798.0
1023,5d01d14e-aced-4465-8f8e-9a1c674f62ec,left,True,True,False,0.0,5577.0
1024,5d01d14e-aced-4465-8f8e-9a1c674f62ec,right,True,True,False,0.0,5586.0
1025,5d01d14e-aced-4465-8f8e-9a1c674f62ec,body,True,True,False,0.0,5612.0
1026,e56541a5-a6d5-4750-b1fe-f6b5257bfe7c,left,True,True,False,0.0,5128.0
1027,e56541a5-a6d5-4750-b1fe-f6b5257bfe7c,right,True,True,False,0.0,5136.0
1028,e56541a5-a6d5-4750-b1fe-f6b5257bfe7c,body,True,True,False,0.0,5160.0
1029,81a78eac-9d36-4f90-a73a-7eb3ad7f770b,left,True,True,False,0.0,5820.0
1030,81a78eac-9d36-4f90-a73a-7eb3ad7f770b,right,True,True,False,0.0,5829.0
1031,81a78eac-9d36-4f90-a73a-7eb3ad7f770b,body,True,True,False,0.0,5856.0
1032,626126d5-eecf-4e9b-900e-ec29a17ece07,left,True,True,False,0.0,5857.0
1033,626126d5-eecf-4e9b-900e-ec29a17ece07,right,True,True,False,0.0,5866.0
1034,626126d5-eecf-4e9b-900e-ec29a17ece07,body,True,True,False,0.0,5893.0
1035,b69b86be-af7d-4ecf-8cbf-0cd356afa1bd,left,True,True,False,0.0,5433.0
1036,b69b86be-af7d-4ecf-8cbf-0cd356afa1bd,right,True,True,False,0.0,5442.0
1037,b69b86be-af7d-4ecf-8cbf-0cd356afa1bd,body,True,True,False,0.0,5467.0
1038,15763234-d21e-491f-a01b-1238eb96d389,left,True,True,False,0.0,6164.0
1039,15763234-d21e-491f-a01b-1238eb96d389,right,True,True,False,0.0,6173.0
1040,15763234-d21e-491f-a01b-1238eb96d389,body,True,True,False,0.0,6202.0
1041,e349a2e7-50a3-47ca-bc45-20d1899854ec,left,True,True,False,0.0,5594.0
1042,e349a2e7-50a3-47ca-bc45-20d1899854ec,right,True,True,False,0.0,5603.0
1043,e349a2e7-50a3-47ca-bc45-20d1899854ec,body,True,True,False,0.0,5642.0
1044,1ec23a70-b94b-4e9c-a0df-8c2151da3761,left,True,True,False,0.0,6454.0
1045,1ec23a70-b94b-4e9c-a0df-8c2151da3761,right,True,True,False,0.0,6464.0
1046,1ec23a70-b94b-4e9c-a0df-8c2151da3761,body,True,True,False,0.0,6510.0
1047,fcd49e34-f07b-441c-b2ac-cb8c462ec5ac,left,True,True,False,0.0,6208.0
1048,fcd49e34-f07b-441c-b2ac-cb8c462ec5ac,right,True,True,False,0.0,6218.0
1049,fcd49e34-f07b-441c-b2ac-cb8c462ec5ac,body,True,True,False,0.0,6262.0
1050,5522ac4b-0e41-4c53-836a-aaa17e82b9eb,left,True,True,False,0.0,5816.0
1051,5522ac4b-0e41-4c53-836a-aaa17e82b9eb,right,True,True,False,0.0,5826.0
1052,5522ac4b-0e41-4c53-836a-aaa17e82b9eb,body,True,True,False,0.0,5867.0
1053,993c7024-0abc-4028-ad30-d397ad55b084,left,True,True,False,0.0,4570.0
1054,993c7024-0abc-4028-ad30-d397ad55b084,right,True,True,False,0.0,4577.0
1055,993c7024-0abc-4028-ad30-d397ad55b084,body,True,True,False,0.0,4610.0
1056,fece187f-b47f-4870-a1d6-619afe942a7d,left,True,True,False,0.0,7353.0
1057,fece187f-b47f-4870-a1d6-619afe942a7d,right,True,True,False,0.0,7364.0
1058,fece187f-b47f-4870-a1d6-619afe942a7d,body,True,True,False,0.0,7416.0
1059,c7bd79c9-c47e-4ea5-aea3-74dda991b48e,left,True,True,False,0.0,6078.0
1060,c7bd79c9-c47e-4ea5-aea3-74dda991b48e,right,True,True,False,0.0,6088.0
1061,c7bd79c9-c47e-4ea5-aea3-74dda991b48e,body,True,True,False,0.0,6131.0
