region,combined_p-value,combined_sig,n_sessions,n_units_mean,values_std,values_median,frac_sig,values_median_sig,null_median_of_medians,,region,GLM fmoveR mean delta R^2,GLM fmoveL mean delta R^2,"GLM Difference of mean drsq, fmoveR - fmoveL",GLM 95th percentile of delta R^2 for fmoveR distribution,GLM 95th percentile of delta R^2 for fmoveL distribution,GLM 95th percentile of delta delta R^2 for choice fmoveR - fmoveL distribution,,[single-cell]Fraction of significant neuons,[single-cell] lower CL,[single-cell]Higher CL,,,,,acronym,name,nclus,p_var,amp_var,lat_var,p_euc,amp_euc,lat_euc
AAA,,,,,,,,,,,AAA,3.92E-05,6.85E-05,-2.93E-05,5.01E-04,5.17E-04,3.25E-04,,,,,,,,,AAA,Anterior amygdalar area,,,,,,,
ACAd,3.13E-09,TRUE,9,20.11111111,0.08879324153,0.6345436961,0.7777777778,0.6434051315,0.5229644374,,ACAd,7.07E-05,1.96E-04,-1.25E-04,1.38E-03,2.50E-03,9.66E-04,,0.116666667,0.076291219,0.175734501,,,,,ACAd,Anterior cingulate area dorsal part,243,0.0004997501249,0.2409377591,-0.04225352113,0.0004997501249,0.1631198993,-0.04436619718
ACAv,4.86E-02,TRUE,6,17.33333333,0.02989525308,0.5541704246,0.1666666667,0.5710658853,0.5135162464,,ACAv,-2.30E-04,-1.04E-04,-1.26E-04,7.02E-04,1.21E-03,1.10E-03,,0.119565217,0.066929431,0.20452231,,,,,ACAv,Anterior cingulate area ventral part,124,0.1989005497,0.1594160266,-0.15,0.0004997501249,0.183704173,-0.15
ACB,1.32E-05,TRUE,10,19.2,0.06675263409,0.5610835002,0.5,0.6201666667,0.5109123467,,ACB,1.83E-04,1.63E-04,2.00E-05,1.12E-03,1.29E-03,4.86E-04,,0.083333333,0.051517703,0.132061524,,,,,ACB,Nucleus accumbens,229,0.06846576712,0.1464064962,-0.03802816901,0.03248375812,0.1429177607,-0.04014084507
Acs5,,,,,,,,,,,Acs5,NaN,NaN,NaN,NaN,NaN,NaN,,,,,,,,,Acs5,Accessory trigeminal nucleus,,,,,,,
AD,,,,,,,,,,,AD,NaN,NaN,NaN,NaN,NaN,NaN,,,,,,,,,AD,Anterodorsal nucleus,,,,,,,
ADP,,,,,,,,,,,ADP,-2.12E-04,1.69E-04,-3.80E-04,6.77E-05,4.57E-04,-3.71E-04,,,,,,,,,ADP,Anterodorsal preoptic nucleus,,,,,,,
AHN,,,,,,,,,,,AHN,2.68E-04,2.22E-04,4.60E-05,4.60E-04,4.23E-04,5.55E-05,,,,,,,,,AHN,Anterior hypothalamic nucleus,,,,,,,
AId,5.37E-04,TRUE,6,24.5,0.04080414842,0.5716233629,0.3333333333,0.6159388739,0.5185262446,,AId,1.98E-04,3.02E-04,-1.04E-04,1.50E-03,1.64E-03,4.88E-04,,0.145454545,0.099149435,0.20838283,,,,,AId,Agranular insular area dorsal part,168,0.001499250375,0.2019737153,-0.05492957746,0.002498750625,0.1106501241,-0.02112676056
AIp,0.0003864896069,TRUE,3,19.66666667,0.0718602274,0.6322007289,0.6666666667,0.6764020886,0.5108779157,,AIp,1.11E-04,3.71E-04,-2.60E-04,5.55E-04,1.85E-03,2.55E-04,,0.06779661,0.015355319,0.227477649,,,,,AIp,Agranular insular area posterior part,,,,,,,
AIv,2.32E-04,TRUE,4,25.5,0.06232962809,0.5796252448,0.75,0.6058271446,0.5050303062,,AIv,5.01E-05,4.86E-05,1.47E-06,3.34E-04,6.30E-04,2.01E-04,,0.068627451,0.032771386,0.138112718,,,,,AIv,Agranular insular area ventral part,106,0.0009995002499,0.2401225878,-0.04436619718,0.0009995002499,0.2180319746,-0.04647887324
AM,1.19E-01,FALSE,3,22,0.02531409063,0.516130031,0.3333333333,0.5573471801,0.5036424047,,AM,7.83E-06,2.65E-05,-1.86E-05,5.52E-04,6.36E-04,3.59E-04,,0.090909091,0.040788611,0.190392508,,,,,AM,Anteromedial nucleus,,,,,,,
AMB,,,,,,,,,,,AMB,NaN,NaN,NaN,NaN,NaN,NaN,,,,,,,,,AMB,Nucleus ambiguus,,,,,,,
ANcr1,0.005886409244,TRUE,4,32.25,0.03592647092,0.601788643,0.25,0.6334714982,0.5229722615,,ANcr1,8.39E-05,2.28E-04,-1.44E-04,1.19E-03,1.52E-03,6.67E-04,,0.07751938,0.035150909,0.146108017,,,,,ANcr1,Crus 1,138,0.1059470265,0.1880461483,-0.05492957746,0.009995002499,0.2246781645,-0.03802816901
ANcr2,0.8542456854,FALSE,2,51.5,0.005088194573,0.4867121262,0,,0.4971861766,,ANcr2,1.27E-04,5.90E-05,6.85E-05,1.36E-03,1.30E-03,7.13E-04,,0.07,0.033427894,0.140757412,,,,,ANcr2,Crus 2,134,0.7851074463,0.1606745642,-0.03591549296,0.006996501749,0.2127186141,-0.03591549296
AOB,,,,,,,,,,,AOB,5.41E-03,8.07E-03,-2.66E-03,5.41E-03,8.07E-03,-2.66E-03,,,,,,,,,AOB,Accessory olfactory bulb,,,,,,,
AON,1.91E-03,TRUE,8,31.25,0.1053440208,0.5306368841,0.375,0.5804459626,0.5150141243,,AON,-5.31E-05,1.67E-05,-6.98E-05,3.26E-04,5.94E-04,3.54E-04,,0.078947368,5.46E-02,0.112814681,,,,,AON,Anterior olfactory nucleus,271,0.0004997501249,0.1774696923,-0.02957746479,0.0004997501249,0.0964089744,-0.03169014085
AP,,,,,,,,,,,AP,NaN,NaN,NaN,NaN,NaN,NaN,,,,,,,,,AP,Area postrema,,,,,,,
APN,6.64E-24,TRUE,22,20.04545455,0.1045452233,0.7210670131,0.9090909091,0.7247338636,0.5184853003,,APN,4.99E-04,6.29E-04,-1.30E-04,3.42E-03,3.48E-03,1.33E-03,,0.119587629,0.080979362,0.150390098,,,,,APN,Anterior pretectal nucleus,502,0.0004997501249,0.5306532368,-0.04014084507,0.0004997501249,0.5893257534,-0.05281690141
APr,,,,,,,,,,,APr,5.67E-04,-1.37E-04,7.04E-04,2.02E-03,-3.90E-05,2.25E-03,,,,,,,,,APr,Area prostriata,,,,,,,
ARH,,,,,,,,,,,ARH,NaN,NaN,NaN,NaN,NaN,NaN,,,,,,,,,ARH,Arcuate hypothalamic nucleus,,,,,,,
AT,,,,,,,,,,,AT,6.26E-04,1.37E-03,-7.43E-04,2.02E-03,2.92E-03,1.77E-04,,,,,,,,,AT,Anterior tegmental nucleus,,,,,,,
AUDd,,,,,,,,,,,AUDd,2.35E-04,1.20E-04,1.15E-04,1.06E-03,1.42E-03,1.45E-03,,,,,,,,,AUDd,Dorsal auditory area,,,,,,,
AUDp,1.35E-04,TRUE,4,24.25,0.02806616057,0.5981381108,0.75,0.6047131896,0.5188922746,,AUDp,-3.95E-04,-1.65E-04,-2.30E-04,7.20E-04,1.41E-03,7.80E-04,,0.092783505,0.039274906,0.176616858,,,,,AUDp,Primary auditory area,106,0.3813093453,0.1589322398,-0.1478873239,0.1674162919,0.1234690909,-0.15
AUDpo,,,,,,,,,,,AUDpo,-2.23E-04,3.58E-03,-3.81E-03,2.26E-03,7.55E-03,-1.43E-05,,,,,,,,,AUDpo,Posterior auditory area,,,,,,,
AUDv,8.85E-04,TRUE,4,23.75,0.04145414668,0.5736223726,0.5,0.607580999,0.5151064362,,AUDv,5.45E-04,9.36E-04,-3.90E-04,1.52E-03,2.29E-03,4.41E-04,,0.073684211,7.56E-05,0.224514024,,,,,AUDv,Ventral auditory area,,,,,,,
AV,1.08E-04,TRUE,4,20.75,0.07709626583,0.637119404,0.75,0.6918215131,0.5084062787,,AV,6.41E-04,4.43E-04,1.98E-04,2.25E-03,2.12E-03,1.64E-03,,0.125,0.026016088,0.378272714,,,,,AV,Anteroventral nucleus of thalamus,,,,,,,
AVP,,,,,,,,,,,AVP,6.74E-05,2.35E-04,-1.68E-04,1.70E-04,1.16E-03,2.64E-04,,,,,,,,,AVP,Anteroventral preoptic nucleus,,,,,,,
AVPV,,,,,,,,,,,AVPV,NaN,NaN,NaN,NaN,NaN,NaN,,,,,,,,,AVPV,Anteroventral periventricular nucleus,,,,,,,
B,,,,,,,,,,,B,NaN,NaN,NaN,NaN,NaN,NaN,,,,,,,,,B,Barrington's nucleus,,,,,,,
BA,,,,,,,,,,,BA,NaN,NaN,NaN,NaN,NaN,NaN,,,,,,,,,BA,Bed nucleus of the accessory olfactory tract,,,,,,,
BLA,0.1231010131,FALSE,4,18.75,0.03545933941,0.5421202526,0.25,0.5966662648,0.5079396949,,BLA,4.00E-05,-2.49E-05,6.49E-05,4.18E-04,2.00E-04,5.35E-04,,0.04,0.006603856,0.140363634,,,,,BLA,Basolateral amygdalar nucleus,115,0.7006496752,0.1182953512,-0.1478873239,0.07146426787,0.06811104869,-0.1478873239
BMA,6.67E-01,FALSE,6,20.16666667,0.02717140043,0.5170378992,0,,0.503175066,,BMA,-4.65E-05,-7.36E-05,2.71E-05,3.36E-04,3.12E-04,4.77E-04,,0.081081081,0.04121321,0.156450588,,,,,BMA,Basomedial amygdalar nucleus,152,0.327836082,0.1220186926,-0.1373239437,0.1289355322,0.06662481208,-0.0823943662
BST,0.0006777011306,TRUE,5,13.8,0.04315048594,0.5755694383,0.6,0.5779605174,0.5024553571,,BST,2.67E-04,2.15E-04,5.26E-05,1.57E-03,1.88E-03,8.76E-04,,0.043478261,0.013802321,0.128636879,,,,,BST,Bed nuclei of the stria terminalis,108,0.115942029,0.2480160838,-0.06338028169,0.02098950525,0.1551823987,-0.06126760563
CA1,4.91E-08,TRUE,28,24.10714286,0.04722516867,0.545451282,0.3214285714,0.5796538615,0.5134133161,,CA1,1.51E-03,1.26E-03,2.54E-04,1.49E-03,2.10E-03,8.65E-04,,0.081690141,0.056089801,0.10133569,,,,,CA1,Field CA1,1046,0.0004997501249,0.1322333079,-0.03169014085,0.0004997501249,0.101963521,-0.02957746479
CA2,,,,,,,,,,,CA2,1.11E-03,2.32E-03,-1.21E-03,6.41E-03,1.73E-02,9.24E-04,,,,,,,,,CA2,Field CA2,,,,,,,
CA3,0.0004935476646,TRUE,15,22.86666667,0.05201270251,0.5551463521,0.2,0.5725202429,0.5182588085,,CA3,3.76E-04,5.50E-04,-1.73E-04,2.30E-03,2.46E-03,8.18E-04,,0.06918239,0.033093047,0.1066561,,,,,CA3,Field CA3,523,0.001499250375,0.1106714201,-0.09295774648,0.003498250875,0.08893341403,-0.0676056338
CEA,0.2308455402,FALSE,4,26,0.02234919897,0.5237062643,0,,0.5054775336,,CEA,-1.23E-05,4.04E-06,-1.64E-05,2.30E-04,3.37E-04,3.38E-04,,0.031914894,0.010175995,0.095608653,,,,,CEA,Central amygdalar nucleus,127,0.9150424788,0.1213733019,-0.15,0.8050974513,0.08033879519,-0.1436619718
CENT2,1.05E-03,TRUE,4,16.75,0.05481993959,0.5980849288,0.5,0.6314077267,0.5116180657,,CENT2,2.40E-04,3.22E-04,-8.18E-05,1.17E-03,2.28E-03,1.22E-03,,0.194029851,0.114980636,0.308482447,,,,,CENT2,Lobule II,109,0.0004997501249,0.4549335997,-0.02957746479,0.0004997501249,0.4542138843,-0.02323943662
CENT3,3.11E-03,TRUE,3,24.33333333,0.1243609606,0.593474767,0.3333333333,0.8372976753,0.5296132623,,CENT3,4.91E-04,8.86E-04,-3.95E-04,2.39E-03,6.17E-03,1.59E-03,,0.054794521,0.015918066,0.148569813,,,,,CENT3,Lobule III,125,0.0004997501249,0.4710234354,-0.02112676056,0.0004997501249,0.3654596978,-0.02112676056
CL,,,,,,,,,,,CL,6.22E-04,2.76E-04,3.46E-04,2.71E-03,9.85E-04,1.77E-03,,,,,,,,,CL,Central lateral nucleus of the thalamus,,,,,,,
CLA,,,,,,,,,,,CLA,7.27E-06,1.60E-04,-1.53E-04,2.83E-04,1.08E-03,1.42E-04,,,,,,,,,CLA,Claustrum,,,,,,,
CLI,,,,,,,,,,,CLI,1.23E-03,2.13E-03,-8.98E-04,4.76E-03,8.90E-03,1.25E-03,,,,,,,,,CLI,Central linear nucleus raphe,,,,,,,
CM,,,,,,,,,,,CM,2.30E-04,3.30E-04,-9.94E-05,1.76E-03,2.12E-03,6.40E-04,,,,,,,,,CM,Central medial nucleus of the thalamus,,,,,,,
COAa,,,,,,,,,,,COAa,-1.59E-04,-4.43E-05,-1.15E-04,8.90E-05,3.54E-04,2.15E-04,,,,,,,,,COAa,Cortical amygdalar area anterior part,,,,,,,
COAp,8.47E-01,FALSE,2,23.5,0.001125139311,0.4953775203,0,,0.5219652971,,COAp,-2.40E-05,1.50E-05,-3.90E-05,2.23E-04,7.21E-04,3.40E-04,,0.028571429,0.006980746,0.109571381,,,,,COAp,Cortical amygdalar area posterior part,,,,,,,
COPY,2.10E-03,TRUE,2,14.5,0.07993281131,0.6450112603,1,0.6450112603,0.5097891882,,COPY,4.35E-04,3.89E-04,4.66E-05,3.32E-03,1.55E-03,1.94E-03,,0.379310345,0.218160881,0.572354332,,,,,COPY,Copula pyramidis,,,,,,,
CP,3.71E-38,TRUE,41,40.29268293,0.1028228972,0.6648294251,0.8780487805,0.6784386579,0.5189202786,,CP,4.54E-04,4.42E-04,1.25E-05,2.18E-03,2.52E-03,9.40E-04,,0.137001684,0.110982587,0.157588147,,,,,CP,Caudoputamen,1756,0.0004997501249,0.3547668814,-0.02746478873,0.0004997501249,0.2611868575,-0.02746478873
CS,2.87E-04,TRUE,2,16.5,0.033321622,0.7190827408,1,0.7190827408,0.5341201613,,CS,1.65E-03,1.05E-03,6.00E-04,5.93E-03,3.71E-03,4.27E-03,,0.212121212,0.000543901,0.871176816,,,,,CS,Superior central nucleus raphe,,,,,,,
CU,,,,,,,,,,,CU,NaN,NaN,NaN,NaN,NaN,NaN,,,,,,,,,CU,Cuneate nucleus,,,,,,,
CUL4 5,1.65E-07,TRUE,9,29,0.1241636758,0.6067293136,0.5555555556,0.6307418022,0.5122721645,,CUL4 5,3.06E-04,4.90E-04,-1.84E-04,1.55E-03,3.03E-03,8.58E-04,,0.102040816,0.049174224,0.166992946,,,,,CUL4 5,Lobules IV-V,300,0.0004997501249,0.5703527715,-0.0338028169,0.0004997501249,0.5883477542,-0.02535211268
CUN,,,,,,,,,,,CUN,-1.81E-06,2.08E-04,-2.10E-04,1.73E-03,1.48E-03,7.32E-04,,,,,,,,,CUN,Cuneiform nucleus,,,,,,,
DCO,8.01E-03,TRUE,2,15,0.1717195847,0.7155207253,0.5,0.8872403101,0.5230572258,,DCO,7.37E-04,7.94E-04,-5.78E-05,3.35E-03,2.50E-03,1.69E-03,,0.166666667,0.002232766,0.705270896,,,,,DCO,Dorsal cochlear nucleus,,,,,,,
DEC,,,,,,,,,,,DEC,3.04E-04,2.91E-04,1.27E-05,1.10E-03,1.07E-03,7.55E-04,,,,,,,,,DEC,Declive (VI),,,,,,,
DG,1.10E-02,TRUE,14,19.35714286,0.03181420397,0.5328151531,0.2142857143,0.5705474705,0.5131319235,,DG,6.91E-04,6.18E-04,7.29E-05,1.80E-03,2.39E-03,1.26E-03,,0.053030303,2.78E-02,0.093270992,,,,,DG,Dentate gyrus,569,0.0004997501249,0.1471203474,-0.04225352113,0.0004997501249,0.1153219386,-0.01478873239
DMH,,,,,,,,,,,DMH,4.52E-05,4.23E-05,2.91E-06,5.39E-04,3.31E-04,3.63E-04,,,,,,,,,DMH,Dorsomedial nucleus of the hypothalamus,,,,,,,
DMX,,,,,,,,,,,DMX,NaN,NaN,NaN,NaN,NaN,NaN,,,,,,,,,DMX,Dorsal motor nucleus of the vagus nerve,,,,,,,
DN,,,,,,,,,,,DN,4.07E-04,6.22E-04,-2.14E-04,2.08E-03,3.54E-03,1.28E-03,,,,,,,,,DN,Dentate nucleus,,,,,,,
DP,0.0325986174,TRUE,7,24.85714286,0.05438821172,0.5329280499,0.2857142857,0.614673174,0.5164434524,,DP,-2.31E-05,2.57E-05,-4.88E-05,2.60E-04,4.74E-04,2.64E-04,,0.096590909,0.051046359,0.158313289,,,,,DP,Dorsal peduncular area,199,0.04347826087,0.1364814614,-0.09295774648,0.1344327836,0.0786560901,-0.08873239437
DR,,,,,,,,,,,DR,2.47E-04,5.67E-04,-3.20E-04,1.40E-03,2.32E-03,1.05E-03,,,,,,,,,DR,Dorsal nucleus raphe,,,,,,,
DT,,,,,,,,,,,DT,2.25E-04,1.69E-04,5.66E-05,5.87E-04,7.78E-04,1.07E-03,,,,,,,,,DT,Dorsal terminal nucleus of the accessory optic tract,,,,,,,
DTN,,,,,,,,,,,DTN,3.83E-04,3.81E-04,2.24E-06,1.35E-03,6.17E-04,9.70E-04,,,,,,,,,DTN,Dorsal tegmental nucleus,,,,,,,
ECT,1.66E-01,FALSE,4,13.5,0.02409583068,0.5130195742,0,,0.4976907231,,ECT,-5.57E-05,-3.61E-07,-5.54E-05,2.17E-04,4.29E-04,2.82E-04,,0.037037037,0.000358791,0.193472433,,,,,ECT,Ectorhinal area,,,,,,,
ECU,,,,,,,,,,,ECU,9.82E-04,-7.17E-05,1.05E-03,2.40E-03,7.25E-05,2.34E-03,,,,,,,,,ECU,External cuneate nucleus,,,,,,,
ENTl,3.57E-01,FALSE,7,35.28571429,0.02526060115,0.508898974,0,,0.5016573579,,ENTl,-7.42E-06,-2.35E-05,1.61E-05,4.64E-04,3.07E-04,4.58E-04,,0.06402439,0.029507753,0.089514322,,,,,ENTl,Entorhinal area lateral part,265,0.3133433283,0.1283375426,-0.15,0.06796601699,0.05917419037,-0.03802816901
ENTm,0.06942450113,FALSE,5,36.4,0.03428224446,0.5341330425,0.2,0.5819154108,0.5030107527,,ENTm,5.47E-05,-9.38E-05,1.48E-04,6.14E-04,5.61E-04,9.84E-04,,0.038095238,0.019086897,0.074594135,,,,,ENTm,Entorhinal area medial part dorsal zone,194,0.06496751624,0.1859379647,-0.1457746479,0.183908046,0.1080295459,-0.1478873239
EPd,5.65E-01,FALSE,3,17,0.01046787216,0.4971832057,0,,0.496540959,,EPd,-1.15E-04,5.05E-06,-1.20E-04,7.99E-05,4.42E-04,1.92E-04,,0.039215686,0.000810146,0.234494222,,,,,EPd,Endopiriform nucleus dorsal part,,,,,,,
EPv,9.59E-02,FALSE,2,22,0.01711406888,0.5241682615,0.5,0.5412823303,0.5053231521,,EPv,-4.69E-05,-3.15E-05,-1.54E-05,5.71E-04,1.15E-03,6.81E-04,,,,,,,,,EPv,Endopiriform nucleus ventral part,,,,,,,
Eth,9.62E-09,TRUE,9,19.11111111,0.05343262517,0.5770029844,0.7777777778,0.5915413534,0.5091805676,,Eth,8.58E-04,9.04E-04,-4.65E-05,3.72E-03,4.44E-03,1.09E-03,,0.081395349,0.048615747,0.13318286,,,,,Eth,Ethmoid nucleus of the thalamus,206,0.0004997501249,0.4083668184,-0.02746478873,0.0004997501249,0.2690980905,-0.02957746479
EW,,,,,,,,,,,EW,6.00E-04,2.10E-04,3.90E-04,6.00E-04,2.10E-04,3.90E-04,,,,,,,,,EW,Edinger-Westphal nucleus,,,,,,,
FC,,,,,,,,,,,FC,1.30E-03,1.57E-03,-2.68E-04,4.81E-03,5.62E-03,1.67E-04,,,,,,,,,FC,Fasciola cinerea,,,,,,,
FL,,,,,,,,,,,FL,1.29E-03,1.98E-04,1.10E-03,5.68E-03,1.37E-03,4.33E-03,,,,,,,,,FL,Flocculus,,,,,,,
FN,,,,,,,,,,,FN,2.02E-03,3.00E-03,-9.79E-04,5.96E-03,9.21E-03,1.43E-03,,,,,,,,,FN,Fastigial nucleus,,,,,,,
FOTU,,,,,,,,,,,FOTU,1.25E-04,4.69E-05,7.84E-05,7.83E-04,2.20E-04,8.05E-04,,,,,,,,,FOTU,Folium-tuber vermis (VII),,,,,,,
FRP,0.006092977229,TRUE,2,15.5,0.07230691107,0.6406753466,0.5,0.7129822577,0.5173813002,,FRP,2.63E-04,2.23E-04,3.97E-05,2.30E-03,1.90E-03,5.76E-04,,,,,,,,,FRP,Frontal pole cerebral cortex,,,,,,,
FS,,,,,,,,,,,FS,3.78E-04,5.41E-04,-1.64E-04,1.69E-03,2.42E-03,1.09E-04,,,,,,,,,FS,Fundus of striatum,,,,,,,
GPe,7.34E-08,TRUE,5,17.6,0.0466490801,0.6870833333,1,0.6870833333,0.5192559713,,GPe,6.91E-04,9.08E-04,-2.17E-04,3.17E-03,4.45E-03,1.50E-03,,0.238636364,0.148927661,0.350034654,,,,,GPe,Globus pallidus external segment,105,0.0004997501249,0.412770548,-0.01901408451,0.0004997501249,0.4407185513,-0.01901408451
GPi,,,,,,,,,,,GPi,5.63E-04,3.62E-04,2.01E-04,2.33E-03,1.63E-03,2.04E-03,,,,,,,,,GPi,Globus pallidus internal segment,,,,,,,
GR,,,,,,,,,,,GR,NaN,NaN,NaN,NaN,NaN,NaN,,,,,,,,,GR,Gracile nucleus,,,,,,,
GRN,1.57E-06,TRUE,6,15.5,0.1236215936,0.797316522,0.8333333333,0.8165070981,0.5514437421,,GRN,1.31E-03,2.82E-03,-1.51E-03,6.43E-03,1.36E-02,2.78E-03,,0.311827957,0.107675475,0.524785133,,,,,GRN,Gigantocellular reticular nucleus,131,0.0004997501249,1.850879614,-0.02957746479,0.0004997501249,1.696010099,-0.02957746479
GU,,,,,,,,,,,GU,1.46E-04,1.12E-04,3.37E-05,1.09E-03,1.16E-03,6.90E-04,,,,,,,,,GU,Gustatory areas,,,,,,,
HATA,,,,,,,,,,,HATA,-7.59E-05,-2.04E-05,-5.54E-05,4.87E-04,8.48E-04,4.68E-04,,,,,,,,,HATA,Hippocampo-amygdalar transition area,,,,,,,
I5,,,,,,,,,,,I5,1.90E-03,2.32E-03,-4.12E-04,3.84E-03,3.68E-03,1.74E-03,,,,,,,,,I5,Intertrigeminal nucleus,,,,,,,
IA,,,,,,,,,,,IA,1.98E-04,-4.65E-05,2.44E-04,1.20E-03,1.00E-04,1.28E-03,,,,,,,,,IA,Intercalated amygdalar nucleus,,,,,,,
IAD,,,,,,,,,,,IAD,-9.86E-06,-3.48E-05,2.49E-05,4.14E-04,2.07E-04,2.18E-04,,,,,,,,,IAD,Interanterodorsal nucleus of the thalamus,,,,,,,
IAM,,,,,,,,,,,IAM,-1.28E-04,-5.03E-05,-7.77E-05,8.15E-05,1.56E-04,6.59E-05,,,,,,,,,IAM,Interanteromedial nucleus of the thalamus,,,,,,,
IC,5.39E-02,FALSE,4,13,0.04527096311,0.5269706703,0.25,0.6229128725,0.5148882986,,IC,2.04E-04,2.97E-04,-9.30E-05,1.52E-03,2.24E-03,1.03E-03,,0.096153846,0.039731142,0.214781407,,,,,IC,Inferior colliculus,117,0.01049475262,0.2232758017,-0.08450704225,0.0299850075,0.2310728192,-0.01056338028
ICB,,,,,,,,,,,ICB,1.25E-03,6.59E-04,5.90E-04,3.83E-03,2.63E-03,1.90E-03,,,,,,,,,ICB,Infracerebellar nucleus,,,,,,,
IF,,,,,,,,,,,IF,5.28E-03,5.39E-03,-1.05E-04,1.25E-02,1.15E-02,8.80E-03,,,,,,,,,IF,Interfascicular nucleus raphe,,,,,,,
IG,,,,,,,,,,,IG,2.06E-03,7.86E-03,-5.80E-03,4.04E-03,2.10E-02,1.59E-03,,,,,,,,,IG,Induseum griseum,,,,,,,
IGL,,,,,,,,,,,IGL,-9.68E-05,-9.65E-05,-3.32E-07,1.49E-05,-4.14E-05,6.08E-05,,,,,,,,,IGL,Intergeniculate leaflet of the lateral geniculate complex,,,,,,,
III,,,,,,,,,,,III,3.90E-04,1.08E-03,-6.92E-04,1.07E-03,4.19E-03,7.28E-04,,,,,,,,,III,Oculomotor nucleus,,,,,,,
ILA,5.04E-04,TRUE,7,32,0.06414219132,0.5491217726,0.4285714286,0.5948721983,0.5141254962,,ILA,8.12E-05,1.23E-04,-4.16E-05,6.23E-04,8.55E-04,3.89E-04,,0.142857143,0.102657595,0.195371068,,,,,ILA,Infralimbic area,226,0.3578210895,0.1166946114,-0.1225352113,0.02348825587,0.09329253759,-0.111971831
IMD,,,,,,,,,,,IMD,NaN,NaN,NaN,NaN,NaN,NaN,,,,,,,,,IMD,Intermediodorsal nucleus of the thalamus,,,,,,,
IntG,,,,,,,,,,,IntG,3.73E-04,6.50E-04,-2.77E-04,1.02E-03,1.57E-03,-4.36E-05,,,,,,,,,IntG,Intermediate geniculate nucleus,,,,,,,
IO,,,,,,,,,,,IO,NaN,NaN,NaN,NaN,NaN,NaN,,,,,,,,,IO,Inferior olivary complex,,,,,,,
IP,0.001457614962,TRUE,2,62.5,0.07679582696,0.7331369122,1,0.7331369122,0.5249209948,,IP,3.76E-04,3.32E-04,4.36E-05,1.89E-03,1.84E-03,6.76E-04,,0.096,0.055022289,0.162255712,,,,,IP,Interposed nucleus,174,0.0004997501249,0.9396201698,-0.02535211268,0.0004997501249,1.022000612,-0.01901408451
IPN,,,,,,,,,,,IPN,4.36E-04,6.18E-04,-1.82E-04,6.36E-04,8.77E-04,-1.22E-04,,,,,,,,,IPN,Interpeduncular nucleus,,,,,,,
IRN,2.13E-05,TRUE,5,13.2,0.1147985488,0.6651034566,0.6,0.7676087746,0.5349555614,,IRN,1.35E-03,9.45E-05,1.25E-03,7.85E-03,4.31E-03,6.16E-03,,0.348484848,0.219402237,0.510971318,,,,,IRN,Intermediate reticular nucleus,173,0.0004997501249,1.297837762,-0.02957746479,0.0004997501249,1.302167068,-0.0338028169
ISN,,,,,,,,,,,ISN,NaN,NaN,NaN,NaN,NaN,NaN,,,,,,,,,ISN,Inferior salivatory nucleus,,,,,,,
IV,,,,,,,,,,,IV,NaN,NaN,NaN,NaN,NaN,NaN,,,,,,,,,IV,Trochlear nucleus,,,,,,,
LA,,,,,,,,,,,LA,-1.39E-04,-2.74E-05,-1.12E-04,6.18E-05,2.75E-04,2.24E-04,,,,,,,,,LA,Lateral amygdalar nucleus,,,,,,,
LAV,,,,,,,,,,,LAV,7.18E-04,8.04E-04,-8.62E-05,2.95E-03,3.61E-03,1.42E-03,,,,,,,,,LAV,Lateral vestibular nucleus,,,,,,,
LC,,,,,,,,,,,LC,NaN,NaN,NaN,NaN,NaN,NaN,,,,,,,,,LC,Locus ceruleus,,,,,,,
LD,4.20E-07,TRUE,7,23.71428571,0.05290608524,0.5898496241,0.7142857143,0.6196909236,0.5072194783,,LD,1.37E-04,2.67E-04,-1.30E-04,1.25E-03,1.63E-03,5.27E-04,,0.108433735,0.069157072,0.166038047,,,,,LD,Lateral dorsal nucleus of thalamus,223,0.0004997501249,0.214487052,-0.01901408451,0.0004997501249,0.2025025826,-0.03802816901
LDT,,,,,,,,,,,LDT,-2.72E-04,-5.01E-04,2.29E-04,1.15E-03,9.44E-06,1.18E-03,,,,,,,,,LDT,Laterodorsal tegmental nucleus,,,,,,,
LGd,1.93E-10,TRUE,12,20.5,0.06761382913,0.5891675007,0.75,0.5978873239,0.5072861732,,LGd,1.72E-04,2.15E-04,-4.32E-05,1.06E-03,1.25E-03,6.67E-04,,0.060283688,0.03772384,0.095002946,,,,,LGd,Dorsal part of the lateral geniculate complex,295,0.008995502249,0.1349908356,-0.09295774648,0.08595702149,0.0888501404,-0.09718309859
LGv,0.0005402570548,TRUE,2,19,0.009936766472,0.6238712831,1,0.6238712831,0.5171173552,,LGv,-9.08E-05,-7.54E-05,-1.54E-05,2.59E-04,7.72E-04,6.01E-04,,0.105263158,0.038750154,0.255587082,,,,,LGv,Ventral part of the lateral geniculate complex,,,,,,,
LH,,,,,,,,,,,LH,4.08E-04,2.28E-04,1.80E-04,1.83E-03,1.08E-03,1.25E-03,,,,,,,,,LH,Lateral habenula,,,,,,,
LHA,0.1148373599,FALSE,2,17.5,0.03390277548,0.5226049191,0.5,0.5565076945,0.5032323271,,LHA,1.26E-04,5.40E-05,7.24E-05,6.32E-04,4.58E-04,4.93E-04,,0.057142857,0.013609562,0.210246346,,,,,LHA,Lateral hypothalamic area,,,,,,,
LIN,,,,,,,,,,,LIN,1.37E-04,-8.16E-05,2.19E-04,3.43E-04,-7.06E-06,4.99E-04,,,,,,,,,LIN,Linear nucleus of the medulla,,,,,,,
LING,,,,,,,,,,,LING,1.59E-03,-1.68E-04,1.75E-03,5.16E-03,-3.17E-05,5.24E-03,,,,,,,,,LING,Lingula (I),,,,,,,
LM,,,,,,,,,,,LM,8.48E-05,9.77E-04,-8.92E-04,9.09E-04,4.33E-03,9.14E-05,,,,,,,,,LM,Lateral mammillary nucleus,,,,,,,
LP,5.78E-20,TRUE,32,25.84375,0.08637343839,0.5726919965,0.625,0.6444350407,0.5067001078,,LP,1.42E-04,1.63E-04,-2.10E-05,1.12E-03,1.21E-03,7.40E-04,,0.080097087,0.063391339,0.100731845,,,,,LP,Lateral posterior nucleus of the thalamus,968,0.0004997501249,0.1008939578,-0.08450704225,0.0004997501249,0.06555759071,-0.06549295775
LPO,,,,,,,,,,,LPO,1.19E-03,2.02E-03,-8.36E-04,3.98E-03,6.08E-03,8.89E-04,,,,,,,,,LPO,Lateral preoptic area,,,,,,,
LRN,,,,,,,,,,,LRN,4.47E-04,2.04E-04,2.43E-04,2.18E-03,9.16E-04,1.39E-03,,,,,,,,,LRN,Lateral reticular nucleus,,,,,,,
LSc,,,,,,,,,,,LSc,2.18E-04,3.56E-04,-1.39E-04,1.49E-03,1.51E-03,3.33E-04,,,,,,,,,LSc,Lateral septal nucleus caudal (caudodorsal) part,,,,,,,
LSr,3.58E-04,TRUE,21,35.28571429,0.05792826393,0.5390502587,0.1904761905,0.619289213,0.5078082994,,LSr,5.36E-05,1.29E-04,-7.51E-05,8.59E-04,1.09E-03,5.73E-04,,0.070666667,0.041935412,0.085910834,,,,,LSr,Lateral septal nucleus rostral (rostroventral) part,780,0.1579210395,0.06747839077,-0.1436619718,0.1709145427,0.06910849116,-0.1014084507
LSv,1.08E-02,TRUE,3,18.66666667,0.01274656666,0.5628283867,0.6666666667,0.5646976265,0.4977726373,,LSv,-1.62E-05,8.66E-05,-1.03E-04,3.43E-04,7.02E-04,2.56E-04,,0.089285714,0.011603679,0.27114151,,,,,LSv,Lateral septal nucleus ventral part,106,0.1874062969,0.2205197749,-0.1225352113,0.05247376312,0.1202739547,-0.1204225352
LT,,,,,,,,,,,LT,NaN,NaN,NaN,NaN,NaN,NaN,,,,,,,,,LT,Lateral terminal nucleus of the accessory optic tract,,,,,,,
MA,,,,,,,,,,,MA,2.79E-06,8.74E-05,-8.46E-05,2.49E-04,1.29E-03,6.51E-04,,,,,,,,,MA,Magnocellular nucleus,,,,,,,
MA3,,,,,,,,,,,MA3,NaN,NaN,NaN,NaN,NaN,NaN,,,,,,,,,MA3,Medial accesory oculomotor nucleus,,,,,,,
MARN,,,,,,,,,,,MARN,1.41E-03,2.42E-03,-1.01E-03,3.35E-03,6.00E-03,1.07E-03,,,,,,,,,MARN,Magnocellular reticular nucleus,,,,,,,
MD,1.04E-07,TRUE,11,28.09090909,0.04139558199,0.5897222222,0.6363636364,0.5912123958,0.5161606697,,MD,1.83E-04,1.79E-04,4.22E-06,1.35E-03,1.44E-03,7.75E-04,,0.087378641,0.060513463,0.124589041,,,,,MD,Mediodorsal nucleus of thalamus,368,0.0004997501249,0.1855181861,-0.02535211268,0.0004997501249,0.1425276338,-0.02535211268
MDRN,4.43E-01,FALSE,2,10,0.03831666254,5.36E-01,0,,0.5356303061,,MDRN,3.24E-04,1.61E-04,1.63E-04,1.70E-03,1.03E-03,7.58E-04,,0.05,0.006109171,0.310658703,,,,,MDRN,Medullary reticular nucleus,,,,,,,
MEA,0.4628426419,FALSE,4,23.75,0.009226256561,0.5062680734,0,,0.500108671,,MEA,-5.82E-05,-2.02E-05,-3.80E-05,3.47E-04,3.19E-04,3.66E-04,,0.094736842,0.049607477,0.173429813,,,,,MEA,Medial amygdalar nucleus,138,0.7846076962,0.1396317373,-0.09929577465,0.02948525737,0.0935743174,-0.06971830986
MEPO,,,,,,,,,,,MEPO,NaN,NaN,NaN,NaN,NaN,NaN,,,,,,,,,MEPO,Median preoptic nucleus,,,,,,,
MG,4.23E-05,TRUE,7,18.71428571,0.04753938278,0.5910493559,0.5714285714,0.5975636318,0.5110042965,,MG,1.44E-04,2.14E-04,-7.01E-05,9.98E-04,1.34E-03,7.54E-04,,0.06870229,0.035910711,0.127477914,,,,,MG,Medial geniculate complex,166,0.0004997501249,0.2138283058,-0.09084507042,0.0004997501249,0.2103187304,-0.01267605634
MH,,,,,,,,,,,MH,-6.32E-05,1.70E-06,-6.49E-05,6.95E-05,4.00E-04,2.40E-04,,,,,,,,,MH,Medial habenula,,,,,,,
MM,,,,,,,,,,,MM,3.11E-05,5.23E-05,-2.12E-05,2.98E-04,3.15E-04,1.99E-04,,,,,,,,,MM,Medial mammillary nucleus,,,,,,,
MOB,,,,,,,,,,,MOB,-1.94E-04,-1.71E-04,-2.34E-05,5.12E-05,1.20E-04,4.12E-04,,,,,,,,,MOB,Main olfactory bulb,,,,,,,
MOp,2.71E-18,TRUE,23,42.43478261,0.1035800385,0.6458580501,0.6956521739,0.6914360007,0.5227272727,,MOp,2.89E-04,4.98E-04,-2.09E-04,1.54E-03,2.68E-03,6.98E-04,,0.136410256,0.09856319,0.159418948,,,,,MOp,Primary motor area,994,0.0004997501249,0.3501701238,-0.02112676056,0.0004997501249,0.2460324952,-0.02323943662
MOs,3.57E-20,TRUE,24,34.25,0.1199448251,0.6912944373,0.75,0.7208102489,0.5286605777,,MOs,3.14E-04,3.49E-04,-3.47E-05,1.75E-03,2.39E-03,7.92E-04,,0.144705882,0.098283609,0.166042263,,,,,MOs,Secondary motor area,861,0.0004997501249,0.3260370697,-0.0338028169,0.0004997501249,0.2260773615,-0.03802816901
MPN,,,,,,,,,,,MPN,2.36E-05,-3.05E-04,3.29E-04,2.36E-05,-3.05E-04,3.29E-04,,,,,,,,,MPN,Medial preoptic nucleus,,,,,,,
MPO,0.1112318141,FALSE,2,11.5,0.004713563044,0.5491613202,0,,0.5119398812,,MPO,1.01E-05,7.98E-05,-6.97E-05,3.71E-04,4.82E-04,2.78E-04,,0.086956522,0.010439036,0.369341007,,,,,MPO,Medial preoptic area,,,,,,,
MPT,,,,,,,,,,,MPT,NaN,NaN,NaN,NaN,NaN,NaN,,,,,,,,,MPT,Medial pretectal area,,,,,,,
MRN,7.38E-34,TRUE,30,16.46666667,0.1065279736,0.7037299308,0.9333333333,0.7081160482,0.5221523995,,MRN,8.23E-04,9.19E-04,-9.57E-05,4.52E-03,5.42E-03,2.38E-03,,0.207100592,0.148665403,0.243418794,,,,,MRN,Midbrain reticular nucleus,684,0.0004997501249,0.7044963422,-0.0338028169,0.0004997501249,0.6427581165,-0.0338028169
MS,6.16E-03,TRUE,3,13.66666667,0.03274691887,0.5630485528,0.3333333333,0.6078051537,0.5042124542,,MS,2.95E-04,4.91E-04,-1.96E-04,1.33E-03,1.92E-03,3.22E-04,,0.12195122,0.050275183,0.267077503,,,,,MS,Medial septal nucleus,,,,,,,
MT,,,,,,,,,,,MT,NaN,NaN,NaN,NaN,NaN,NaN,,,,,,,,,MT,Medial terminal nucleus of the accessory optic tract,,,,,,,
MV,2.40E-04,TRUE,3,18,0.07256930677,0.6169561112,0.6666666667,0.6810011192,0.5204577268,,MV,7.47E-04,4.41E-04,3.06E-04,5.11E-03,2.35E-03,2.39E-03,,0.148148148,0.074638235,0.27271961,,,,,MV,Medial vestibular nucleus,124,0.0004997501249,1.005207422,-0.0338028169,0.0004997501249,0.8154609946,-0.0338028169
NB,,,,,,,,,,,NB,-2.32E-04,-2.37E-04,4.59E-06,2.45E-04,1.99E-03,1.44E-03,,,,,,,,,NB,Nucleus of the brachium of the inferior colliculus,,,,,,,
NDB,,,,,,,,,,,NDB,-2.14E-05,-1.27E-04,1.05E-04,8.44E-04,4.83E-04,8.62E-04,,,,,,,,,NDB,Diagonal band nucleus,,,,,,,
NI,,,,,,,,,,,NI,1.93E-04,4.91E-04,-2.97E-04,9.43E-04,1.77E-03,4.76E-04,,,,,,,,,NI,Nucleus incertus,,,,,,,
NLL,,,,,,,,,,,NLL,2.72E-04,1.53E-04,1.19E-04,1.43E-03,7.10E-04,1.36E-03,,,,,,,,,NLL,Nucleus of the lateral lemniscus,,,,,,,
NLOT,,,,,,,,,,,NLOT,NaN,NaN,NaN,NaN,NaN,NaN,,,,,,,,,NLOT,Nucleus of the lateral olfactory tract,,,,,,,
NOD,0.2257264582,FALSE,2,13,0.001184311923,0.5196110159,0,,0.5047635309,,NOD,4.01E-04,1.74E-04,2.27E-04,2.90E-03,1.61E-03,1.03E-03,,,,,,,,,NOD,Nodulus (X),,,,,,,
NOT,,,,,,,,,,,NOT,2.48E-04,3.52E-04,-1.05E-04,1.38E-03,1.46E-03,9.18E-04,,,,,,,,,NOT,Nucleus of the optic tract,,,,,,,
NPC,,,,,,,,,,,NPC,6.24E-04,6.02E-04,2.20E-05,1.72E-03,3.57E-03,1.90E-03,,,,,,,,,NPC,Nucleus of the posterior commissure,,,,,,,
NR,,,,,,,,,,,NR,NaN,NaN,NaN,NaN,NaN,NaN,,,,,,,,,NR,Nucleus of Roller,,,,,,,
NTB,,,,,,,,,,,NTB,NaN,NaN,NaN,NaN,NaN,NaN,,,,,,,,,NTB,Nucleus of the trapezoid body,,,,,,,
NTS,,,,,,,,,,,NTS,2.81E-04,2.05E-05,2.61E-04,1.65E-03,1.62E-03,1.57E-03,,,,,,,,,NTS,Nucleus of the solitary tract,,,,,,,
OP,,,,,,,,,,,OP,4.49E-04,6.40E-04,-1.91E-04,2.59E-03,2.77E-03,1.54E-03,,,,,,,,,OP,Olivary pretectal nucleus,,,,,,,
ORBl,7.24E-05,TRUE,6,23,0.08582330083,0.5883373786,0.5,0.6264154324,0.5212905879,,ORBl,1.82E-04,2.77E-04,-9.47E-05,1.35E-03,1.43E-03,5.45E-04,,0.099526066,0.03175958,0.132362105,,,,,ORBl,Orbital area lateral part,140,0.01149425287,0.1232037982,-0.08873239437,0.2658670665,0.08952619246,-0.09084507042
ORBm,0.003800368301,TRUE,4,44.5,0.1234600104,0.5596143099,0.5,0.6982014559,0.5096577953,,ORBm,3.31E-04,3.55E-04,-2.44E-05,1.23E-03,2.62E-03,4.64E-04,,0.115606936,0.075575851,0.172876422,,,,,ORBm,Orbital area medial part,200,0.007496251874,0.1580154255,-0.07816901408,0.05097451274,0.09602867726,-0.08028169014
ORBv,,,,,,,,,,,ORBv,NaN,NaN,NaN,NaN,NaN,NaN,,,,,,,,,ORBv,Orbital area ventral part,,,,,,,
ORBvl,1.01E-06,TRUE,5,75.2,0.1187634965,0.6560427856,0.8,0.7164658373,0.5252580913,,ORBvl,1.54E-04,2.97E-04,-1.43E-04,8.90E-04,1.81E-03,4.18E-04,,0.098404255,0.040851106,0.151543621,,,,,ORBvl,Orbital area ventrolateral part,386,0.0004997501249,0.1750242738,-0.03591549296,0.0004997501249,0.1019938383,-0.0338028169
OT,0.002516072447,TRUE,3,12,0.02689980888,0.5658309376,0.6666666667,0.575771506,0.5002315067,,OT,2.34E-04,1.31E-04,1.03E-04,1.46E-03,1.57E-03,9.70E-04,,0.083333333,0.026030868,0.236187895,,,,,OT,Olfactory tubercle,,,,,,,
P5,,,,,,,,,,,P5,1.77E-03,4.06E-04,1.37E-03,2.15E-03,5.75E-04,1.91E-03,,,,,,,,,P5,Peritrigeminal zone,,,,,,,
PA,0.1042246934,FALSE,3,19,0.02814213365,0.5075047619,0.3333333333,0.5571829212,0.5126967029,,PA,-6.57E-05,-2.62E-05,-3.95E-05,2.06E-04,3.09E-04,2.08E-04,,0.068965517,0.021359637,0.187846903,,,,,PA,Posterior amygdalar nucleus,,,,,,,
Pa4,,,,,,,,,,,Pa4,-8.58E-05,2.87E-03,-2.96E-03,-8.58E-05,2.87E-03,-2.96E-03,,,,,,,,,Pa4,Paratrochlear nucleus,,,,,,,
Pa5,,,,,,,,,,,Pa5,NaN,NaN,NaN,NaN,NaN,NaN,,,,,,,,,Pa5,Paratrigeminal nucleus,,,,,,,
PAA,0.02210991489,TRUE,2,22,0.06787166286,0.5675030252,0.5,0.6353746881,0.5066885889,,PAA,-6.53E-05,-6.42E-05,-1.17E-06,1.25E-04,2.21E-04,1.97E-04,,,,,,,,,PAA,Piriform-amygdalar area,,,,,,,
PAG,1.04E-09,TRUE,10,15.1,0.06218633963,0.608373512,0.9,0.6088694623,0.5123078572,,PAG,3.59E-04,2.53E-04,1.06E-04,2.66E-03,3.09E-03,2.34E-03,,0.154411765,0.080010969,0.243142811,,,,,PAG,Periaqueductal gray,245,0.0004997501249,0.3098367295,-0.01056338028,0.0004997501249,0.247138269,-0.008450704225
PAR,6.58E-05,TRUE,5,13.8,0.03719904825,0.5481246803,0.6,0.6111177729,0.5054678195,,PAR,3.40E-04,1.35E-04,2.05E-04,1.52E-03,1.23E-03,1.18E-03,,0.057971014,0.021539999,0.146775674,,,,,PAR,Parasubiculum,,,,,,,
PARN,5.96E-05,TRUE,3,12.66666667,0.04844183161,0.6765487421,1,0.6765487421,0.5381931443,,PARN,1.06E-03,6.06E-04,4.49E-04,3.79E-03,3.75E-03,2.71E-03,,0.157894737,0.070739472,0.315923979,,,,,PARN,Parvicellular reticular nucleus,,,,,,,
PAS,,,,,,,,,,,PAS,NaN,NaN,NaN,NaN,NaN,NaN,,,,,,,,,PAS,Parasolitary nucleus,,,,,,,
PB,0.02830670219,TRUE,2,16,0.05537880439,0.5792592392,0.5,0.6346380436,0.5217768949,,PB,5.77E-04,4.86E-04,9.06E-05,3.11E-03,3.34E-03,1.86E-03,,0.09375,0.024541775,0.271649594,,,,,PB,Parabrachial nucleus,,,,,,,
PBG,,,,,,,,,,,PBG,2.28E-04,4.09E-04,-1.81E-04,1.24E-03,2.21E-03,1.50E-03,,,,,,,,,PBG,Parabigeminal nucleus,,,,,,,
PC5,,,,,,,,,,,PC5,NaN,NaN,NaN,NaN,NaN,NaN,,,,,,,,,PC5,Parvicellular motor 5 nucleus,,,,,,,
PCG,,,,,,,,,,,PCG,-4.04E-05,1.23E-03,-1.28E-03,1.73E-03,9.00E-03,1.00E-03,,,,,,,,,PCG,Pontine central gray,,,,,,,
PCN,0.001011887375,TRUE,2,12,0.04942228684,0.609442384,1,0.609442384,0.5089018171,,PCN,4.00E-04,1.73E-04,2.27E-04,1.30E-03,1.07E-03,1.14E-03,,0.166666667,0.060512281,0.383105529,,,,,PCN,Paracentral nucleus,,,,,,,
PDTg,,,,,,,,,,,PDTg,7.65E-04,1.59E-04,6.06E-04,1.13E-03,4.58E-04,1.13E-03,,,,,,,,,PDTg,Posterodorsal tegmental nucleus,,,,,,,
PeF,,,,,,,,,,,PeF,1.83E-04,1.99E-04,-1.60E-05,9.29E-04,1.53E-03,4.42E-04,,,,,,,,,PeF,Perifornical nucleus,,,,,,,
PERI,,,,,,,,,,,PERI,-5.44E-05,6.25E-05,-1.17E-04,4.49E-07,3.40E-04,1.75E-05,,,,,,,,,PERI,Perirhinal area,,,,,,,
PF,,,,,,,,,,,PF,4.70E-04,7.77E-04,-3.08E-04,4.06E-03,3.50E-03,5.66E-04,,,,,,,,,PF,Parafascicular nucleus,,,,,,,
PFL,,,,,,,,,,,PFL,5.15E-04,6.43E-05,4.51E-04,2.64E-03,9.59E-04,1.96E-03,,,,,,,,,PFL,Paraflocculus,,,,,,,
PG,,,,,,,,,,,PG,2.52E-03,4.38E-03,-1.86E-03,2.52E-03,4.38E-03,-1.86E-03,,,,,,,,,PG,Pontine gray,,,,,,,
PGRN,,,,,,,,,,,PGRN,2.01E-03,7.96E-04,1.21E-03,8.81E-03,3.42E-03,7.17E-03,,,,,,,,,PGRN,Paragigantocellular reticular nucleus,,,,,,,
PH,,,,,,,,,,,PH,-9.76E-05,-2.35E-05,-7.41E-05,-3.59E-05,-7.39E-06,-6.57E-06,,,,,,,,,PH,Posterior hypothalamic nucleus,,,,,,,
PIL,,,,,,,,,,,PIL,3.75E-04,7.55E-04,-3.80E-04,1.10E-03,2.57E-03,3.40E-04,,,,,,,,,PIL,Posterior intralaminar thalamic nucleus,,,,,,,
PIR,5.72E-04,TRUE,10,32.3,0.05442215602,0.5268275706,0.5,0.5581985838,0.5029988177,,PIR,-4.26E-05,3.20E-05,-7.46E-05,2.63E-04,5.82E-04,3.60E-04,,0.07120743,0.047700136,0.105021857,,,,,PIR,Piriform area,386,0.02848575712,0.09349230149,-0.06971830986,0.371814093,0.06051774545,-0.1309859155
PL,1.72E-08,TRUE,8,32.375,0.1281598102,0.6991884755,0.75,0.7492041868,0.5222080973,,PL,5.06E-04,5.51E-04,-4.58E-05,2.83E-03,4.11E-03,1.00E-03,,0.135245902,0.070876097,0.19648353,,,,,PL,Prelimbic area,288,0.0004997501249,0.3498093376,-0.03802816901,0.0004997501249,0.2922273876,-0.02535211268
PMd,,,,,,,,,,,PMd,NaN,NaN,NaN,NaN,NaN,NaN,,,,,,,,,PMd,Dorsal premammillary nucleus,,,,,,,
PMR,,,,,,,,,,,PMR,NaN,NaN,NaN,NaN,NaN,NaN,,,,,,,,,PMR,Paramedian reticular nucleus,,,,,,,
PMv,,,,,,,,,,,PMv,NaN,NaN,NaN,NaN,NaN,NaN,,,,,,,,,PMv,Ventral premammillary nucleus,,,,,,,
PN,,,,,,,,,,,PN,NaN,NaN,NaN,NaN,NaN,NaN,,,,,,,,,PN,Paranigral nucleus,,,,,,,
PO,3.94E-12,TRUE,29,36.86206897,0.06794844454,0.5557179487,0.4482758621,0.6142610409,0.5113189884,,PO,3.94E-05,1.28E-04,-8.84E-05,9.50E-04,1.21E-03,6.12E-04,,0.103383459,0.074785565,0.118827944,,,,,PO,Posterior complex of the thalamus,1210,0.0004997501249,0.1948623067,-0.02112676056,0.0004997501249,0.1615171303,-0.01901408451
POL,0.00013092043,TRUE,5,14.2,0.06991900186,0.566233544,0.6,0.6139606605,0.5030006719,,POL,2.54E-04,3.58E-04,-1.04E-04,1.18E-03,1.82E-03,7.22E-04,,0.225352113,0.115439292,0.342745138,,,,,POL,Posterior limiting nucleus of the thalamus,,,,,,,
POST,2.60E-04,TRUE,3,12.33333333,0.03538014182,0.5843657108,0.6666666667,0.6105150165,0.5031954887,,POST,3.07E-04,4.88E-04,-1.81E-04,1.75E-03,3.92E-03,3.22E-03,,0.095238095,0.021838929,0.331678464,,,,,POST,Postsubiculum,,,,,,,
PoT,0.0001602855201,TRUE,5,18.6,0.04205312752,0.5904795118,0.6,0.6196708993,0.50620389,,PoT,2.02E-04,2.60E-04,-5.78E-05,1.05E-03,1.82E-03,6.14E-04,,0.053763441,0.022291891,0.124029867,,,,,PoT,Posterior triangular thalamic nucleus,136,0.0004997501249,0.3199154749,-0.0338028169,0.0004997501249,0.3262746292,-0.01056338028
PP,,,,,,,,,,,PP,-1.47E-04,-7.47E-05,-7.23E-05,-1.47E-04,-7.47E-05,-7.23E-05,,,,,,,,,PP,Peripeduncular nucleus,,,,,,,
PPN,2.87E-04,TRUE,2,15,0.03931431562,0.7185664144,1,0.7185664144,0.5221336063,,PPN,9.18E-04,9.80E-04,-6.22E-05,5.23E-03,3.82E-03,3.45E-03,,0.166666667,0.010603296,0.514205256,,,,,PPN,Pedunculopontine nucleus,,,,,,,
PPT,,,,,,,,,,,PPT,4.61E-04,1.09E-03,-6.32E-04,1.75E-03,4.25E-03,4.02E-04,,,,,,,,,PPT,Posterior pretectal nucleus,,,,,,,
PPY,,,,,,,,,,,PPY,NaN,NaN,NaN,NaN,NaN,NaN,,,,,,,,,PPY,Parapyramidal nucleus,,,,,,,
PR,,,,,,,,,,,PR,1.19E-04,-6.76E-05,1.87E-04,7.07E-04,2.38E-04,1.04E-03,,,,,,,,,PR,Perireunensis nucleus,,,,,,,
PRE,0.03083366746,TRUE,2,20.5,0.0809871549,0.5527820267,0.5,0.6337691816,0.5062037713,,PRE,4.72E-06,5.30E-04,-5.25E-04,3.56E-04,3.94E-03,3.01E-04,,0.097560976,0.035971866,0.23851038,,,,,PRE,Presubiculum,,,,,,,
PRM,0.00280827523,TRUE,3,25,0.07090905707,0.6662393162,0.6666666667,0.6675514763,0.519244868,,PRM,5.91E-04,4.15E-05,5.50E-04,3.23E-03,8.48E-04,3.08E-03,,0.121621622,0.063212309,0.222686721,,,,,PRM,Paramedian lobule,127,0.005497251374,0.2574566563,-0.07394366197,0.001499250375,0.2683973202,-0.07394366197
PRNc,2.87E-04,TRUE,2,22,0.06210669058,0.7586295353,1,0.7586295353,0.5246065982,,PRNc,5.35E-04,1.15E-05,5.23E-04,7.04E-03,5.24E-03,6.85E-03,,0.340909091,0.214058273,0.495535897,,,,,PRNc,Pontine reticular nucleus caudal part,,,,,,,
PRNr,3.25E-10,TRUE,7,19.57142857,0.05478948929,0.6701508247,1,0.6701508247,0.5298832117,,PRNr,8.98E-04,1.14E-03,-2.44E-04,3.15E-03,4.86E-03,1.55E-03,,0.151315789,0.102337106,0.218041868,,,,,PRNr,Pontine reticular nucleus,142,0.0004997501249,0.3715263587,-0.111971831,0.001499250375,0.3722785847,-0.1204225352
ProS,0.09601932917,FALSE,7,25,0.03072154106,0.5325484925,0.1428571429,0.5903962264,0.524632025,,ProS,2.85E-04,2.18E-04,6.79E-05,2.25E-03,2.03E-03,7.66E-04,,0.074285714,0.043455477,0.124150087,,,,,ProS,Prosubiculum,200,0.04747626187,0.145853103,-0.1183098592,0.023988006,0.124828907,-0.02112676056
PRP,,,,,,,,,,,PRP,3.62E-04,9.33E-04,-5.71E-04,1.47E-03,3.28E-03,9.82E-05,,,,,,,,,PRP,Nucleus prepositus,,,,,,,
PS,,,,,,,,,,,PS,-3.63E-06,2.25E-04,-2.29E-04,3.88E-04,5.74E-04,2.12E-04,,,,,,,,,PS,Parastrial nucleus,,,,,,,
PSTN,,,,,,,,,,,PSTN,NaN,NaN,NaN,NaN,NaN,NaN,,,,,,,,,PSTN,Parasubthalamic nucleus,,,,,,,
PSV,,,,,,,,,,,PSV,6.20E-04,4.25E-04,1.94E-04,2.57E-03,1.85E-03,1.21E-03,,,,,,,,,PSV,Principal sensory nucleus of the trigeminal,,,,,,,
PT,,,,,,,,,,,PT,-9.47E-05,7.40E-05,-1.69E-04,-9.47E-05,7.40E-05,-1.69E-04,,,,,,,,,PT,Parataenial nucleus,,,,,,,
PVa,,,,,,,,,,,PVa,NaN,NaN,NaN,NaN,NaN,NaN,,,,,,,,,PVa,Periventricular hypothalamic nucleus anterior part,,,,,,,
PVH,,,,,,,,,,,PVH,5.05E-04,9.93E-04,-4.87E-04,1.12E-03,1.99E-03,-2.46E-04,,,,,,,,,PVH,Paraventricular hypothalamic nucleus,,,,,,,
PVHd,,,,,,,,,,,PVHd,-1.16E-04,-1.97E-04,8.08E-05,-4.21E-05,-1.72E-04,1.88E-04,,,,,,,,,PVHd,Paraventricular hypothalamic nucleus descending division,,,,,,,
PVi,,,,,,,,,,,PVi,NaN,NaN,NaN,NaN,NaN,NaN,,,,,,,,,PVi,Periventricular hypothalamic nucleus intermediate part,,,,,,,
PVp,,,,,,,,,,,PVp,NaN,NaN,NaN,NaN,NaN,NaN,,,,,,,,,PVp,Periventricular hypothalamic nucleus posterior part,,,,,,,
PVpo,,,,,,,,,,,PVpo,NaN,NaN,NaN,NaN,NaN,NaN,,,,,,,,,PVpo,Periventricular hypothalamic nucleus preoptic part,,,,,,,
PVT,0.009751738739,TRUE,4,14.75,0.03032571174,0.5483807577,0.25,0.5840558173,0.5043171768,,PVT,-2.84E-06,-1.10E-05,8.12E-06,1.87E-04,4.10E-04,3.37E-04,,0.118644068,0.044561427,0.233833736,,,,,PVT,Paraventricular nucleus of the thalamus,,,,,,,
PYR,,,,,,,,,,,PYR,7.19E-04,6.86E-04,3.24E-05,4.05E-03,2.42E-03,3.08E-03,,,,,,,,,PYR,Pyramus (VIII),,,,,,,
RCH,,,,,,,,,,,RCH,NaN,NaN,NaN,NaN,NaN,NaN,,,,,,,,,RCH,Retrochiasmatic area,,,,,,,
RE,,,,,,,,,,,RE,-4.11E-04,-1.76E-04,-2.35E-04,1.58E-05,3.80E-05,2.22E-04,,,,,,,,,RE,Nucleus of reuniens,,,,,,,
RH,,,,,,,,,,,RH,3.55E-04,4.16E-05,3.13E-04,1.38E-03,3.12E-04,1.08E-03,,,,,,,,,RH,Rhomboid nucleus,,,,,,,
RL,,,,,,,,,,,RL,4.31E-03,1.54E-03,2.76E-03,1.31E-02,4.30E-03,8.90E-03,,,,,,,,,RL,Rostral linear nucleus raphe,,,,,,,
RM,,,,,,,,,,,RM,NaN,NaN,NaN,NaN,NaN,NaN,,,,,,,,,RM,Nucleus raphe magnus,,,,,,,
RN,2.06E-05,TRUE,5,14.6,0.09342656307,0.6562091503,0.6,0.717780094,0.5327601469,,RN,9.29E-04,8.35E-04,9.32E-05,3.14E-03,5.02E-03,7.73E-03,,0.214285714,0.101949291,0.338764733,,,,,RN,Red nucleus,,,,,,,
RO,,,,,,,,,,,RO,2.74E-05,-4.00E-05,6.74E-05,2.74E-05,-4.00E-05,6.74E-05,,,,,,,,,RO,Nucleus raphe obscurus,,,,,,,
RPA,,,,,,,,,,,RPA,NaN,NaN,NaN,NaN,NaN,NaN,,,,,,,,,RPA,Nucleus raphe pallidus,,,,,,,
RPF,,,,,,,,,,,RPF,1.32E-03,3.78E-03,-2.46E-03,4.28E-03,1.36E-02,2.37E-03,,,,,,,,,RPF,Retroparafascicular nucleus,,,,,,,
RPO,,,,,,,,,,,RPO,NaN,NaN,NaN,NaN,NaN,NaN,,,,,,,,,RPO,Nucleus raphe pontis,,,,,,,
RR,,,,,,,,,,,RR,1.45E-03,2.45E-04,1.21E-03,4.51E-03,1.49E-03,4.42E-03,,,,,,,,,RR,Midbrain reticular nucleus retrorubral area,,,,,,,
RSPagl,0.003132549309,TRUE,6,22.66666667,0.04618889358,0.5714103582,0.5,0.615970214,0.5194608124,,RSPagl,2.99E-04,3.82E-04,-8.34E-05,1.65E-03,1.79E-03,4.84E-04,,0.051470588,0.010597727,0.129914838,,,,,RSPagl,Retrosplenial area lateral agranular part,169,0.01949025487,0.1671779599,-0.04647887324,0.0009995002499,0.1312886281,-0.03802816901
RSPd,0.4126301855,FALSE,7,17.14285714,0.03241358753,0.5461751918,0,,0.5235943407,,RSPd,7.49E-05,1.20E-04,-4.49E-05,1.06E-03,1.32E-03,5.99E-04,,0.072164948,0.034463495,0.144919687,,,,,RSPd,Retrosplenial area dorsal part,168,0.4742628686,0.1275899149,-0.1183098592,0.5027486257,0.09144027774,-0.1225352113
RSPv,9.76E-09,TRUE,9,19.44444444,0.08849046817,0.5847372781,0.7777777778,0.5848277489,0.5055743607,,RSPv,2.73E-04,2.29E-04,4.40E-05,1.48E-03,1.55E-03,8.39E-04,,0.12,0.055808124,0.192267204,,,,,RSPv,Retrosplenial area ventral part,228,0.0004997501249,0.216182505,-0.04647887324,0.0004997501249,0.15527046,-0.04436619718
RT,0.0001205064294,TRUE,3,12.33333333,0.05862586927,0.6312589221,1,0.6312589221,0.503783902,,RT,1.48E-03,1.01E-03,4.70E-04,4.81E-03,3.54E-03,4.22E-03,,0.098765432,0.052711371,0.378126671,,,,,RT,Reticular nucleus of the thalamus,102,0.0004997501249,0.7800780087,-0.02112676056,0.0004997501249,0.9658334364,-0.02323943662
SAG,,,,,,,,,,,SAG,2.40E-04,2.08E-04,3.26E-05,1.11E-03,7.08E-04,1.11E-03,,,,,,,,,SAG,Nucleus sagulum,,,,,,,
SBPV,,,,,,,,,,,SBPV,NaN,NaN,NaN,NaN,NaN,NaN,,,,,,,,,SBPV,Subparaventricular zone,,,,,,,
SCH,,,,,,,,,,,SCH,NaN,NaN,NaN,NaN,NaN,NaN,,,,,,,,,SCH,Suprachiasmatic nucleus,,,,,,,
SCm,5.53E-25,TRUE,24,19.95833333,0.1173997589,0.7034886578,0.875,0.7115013697,0.5223019185,,SCm,6.84E-04,7.28E-04,-4.36E-05,4.17E-03,4.64E-03,2.65E-03,,0.199579832,0.131675676,0.233583337,,,,,SCm,Superior colliculus motor related,522,0.0004997501249,0.5310852688,-0.03169014085,0.0004997501249,0.5190983346,-0.03802816901
SCs,,,,,,,,,,,SCs,2.49E-04,2.10E-04,3.88E-05,1.66E-03,1.87E-03,1.45E-03,,,,,,,,,SCs,Superior colliculus sensory related,,,,,,,
SF,,,,,,,,,,,SF,1.71E-04,1.00E-05,1.61E-04,1.16E-03,1.49E-03,1.20E-03,,,,,,,,,SF,Septofimbrial nucleus,,,,,,,
SFO,,,,,,,,,,,SFO,NaN,NaN,NaN,NaN,NaN,NaN,,,,,,,,,SFO,Subfornical organ,,,,,,,
SG,,,,,,,,,,,SG,NaN,NaN,NaN,NaN,NaN,NaN,,,,,,,,,SG,Supragenual nucleus,,,,,,,
SGN,0.0007174403633,TRUE,5,12.8,0.06304526891,0.5629830696,0.6,0.6472940543,0.5062057611,,SGN,-3.70E-07,1.27E-04,-1.27E-04,4.98E-04,8.98E-04,5.04E-04,,0.0625,0.023203191,0.157611047,,,,,SGN,Suprageniculate nucleus,,,,,,,
SH,,,,,,,,,,,SH,-3.22E-05,7.98E-06,-4.02E-05,1.75E-05,1.04E-05,1.20E-05,,,,,,,,,SH,Septohippocampal nucleus,,,,,,,
SI,5.86E-05,TRUE,5,12.8,0.04289574278,0.5970750579,0.8,0.6084335926,0.5204509716,,SI,3.42E-04,2.07E-04,1.35E-04,2.79E-03,1.90E-03,1.18E-03,,0.140625,0.055401417,0.267686941,,,,,SI,Substantia innominata,132,0.1274362819,0.1580433124,-0.1267605634,0.04147926037,0.1508012442,-0.1288732394
SIM,3.10E-08,TRUE,6,28.5,0.07773123562,0.6726036127,1,0.6726036127,0.5294057881,,SIM,5.52E-04,4.44E-04,1.08E-04,3.17E-03,4.32E-03,2.22E-03,,0.152046784,0.099283528,0.217886985,,,,,SIM,Simple lobule,203,0.0004997501249,0.5376034976,-0.04225352113,0.0004997501249,0.4253382296,-0.05915492958
SLC,,,,,,,,,,,SLC,NaN,NaN,NaN,NaN,NaN,NaN,,,,,,,,,SLC,Subceruleus nucleus,,,,,,,
SLD,,,,,,,,,,,SLD,NaN,NaN,NaN,NaN,NaN,NaN,,,,,,,,,SLD,Sublaterodorsal nucleus,,,,,,,
SMT,5.73E-03,TRUE,2,25,0.04681952471,0.5948603901,0.5,0.6416799148,0.508153161,,SMT,1.60E-03,1.82E-04,1.42E-03,2.05E-03,1.21E-03,1.42E-03,,0.08,0.029600684,0.198645215,,,,,SMT,Submedial nucleus of the thalamus,,,,,,,
SNc,,,,,,,,,,,SNc,1.50E-03,1.97E-03,-4.66E-04,4.38E-03,6.22E-03,1.21E-03,,,,,,,,,SNc,Substantia nigra compact part,,,,,,,
SNr,,,,,,,,,,,SNr,1.69E-03,1.75E-03,-6.07E-05,5.81E-03,6.78E-03,3.77E-03,,,,,,,,,SNr,Substantia nigra reticular part,,,,,,,
SO,,,,,,,,,,,SO,NaN,NaN,NaN,NaN,NaN,NaN,,,,,,,,,SO,Supraoptic nucleus,,,,,,,
SOC,,,,,,,,,,,SOC,1.16E-03,1.89E-03,-7.28E-04,3.06E-03,6.70E-03,4.39E-04,,,,,,,,,SOC,Superior olivary complex,,,,,,,
SPA,,,,,,,,,,,SPA,1.71E-04,6.64E-05,1.04E-04,7.78E-04,2.26E-04,5.70E-04,,,,,,,,,SPA,Subparafascicular area,,,,,,,
SPF,,,,,,,,,,,SPF,1.24E-03,1.13E-03,1.12E-04,4.66E-03,6.67E-03,3.49E-03,,,,,,,,,SPF,Subparafascicular nucleus,,,,,,,
SPIV,,,,,,,,,,,SPIV,1.17E-03,7.88E-04,3.84E-04,5.02E-03,3.24E-03,2.68E-03,,,,,,,,,SPIV,Spinal vestibular nucleus,,,,,,,
SPVC,,,,,,,,,,,SPVC,3.05E-04,-7.34E-05,3.78E-04,1.86E-03,3.04E-04,1.73E-03,,,,,,,,,SPVC,Spinal nucleus of the trigeminal caudal part,,,,,,,
SPVI,0.09782435453,FALSE,3,11.33333333,0.09831179879,0.5240277778,0.3333333333,0.6965426357,0.4978972868,,SPVI,3.51E-04,4.31E-04,-8.02E-05,2.31E-03,1.99E-03,1.13E-03,,0.205882353,0.097242601,0.382934129,,,,,SPVI,Spinal nucleus of the trigeminal interpolar part,,,,,,,
SPVO,,,,,,,,,,,SPVO,2.68E-04,1.66E-04,1.02E-04,1.83E-03,1.07E-03,1.59E-03,,,,,,,,,SPVO,Spinal nucleus of the trigeminal oral part,,,,,,,
SSp-bfd,6.20E-09,TRUE,10,21.2,0.05574737529,0.5861936991,0.6,0.6687335548,0.5178606697,,SSp-bfd,3.56E-04,2.46E-04,1.10E-04,2.45E-03,2.05E-03,1.54E-03,,0.109243697,0.074294161,0.156378508,,,,,SSp-bfd,Primary somatosensory area barrel field,264,0.0004997501249,0.2502654497,-0.02112676056,0.0004997501249,0.2343253196,-0.02323943662
SSp-ll,0.000695256917,TRUE,3,28.66666667,0.04509512864,0.6164679443,0.6666666667,0.6293965352,0.5298439402,,SSp-ll,7.31E-04,1.02E-03,-2.87E-04,3.24E-03,4.49E-03,1.01E-03,,0.111111111,0.001350708,0.594960497,,,,,SSp-ll,Primary somatosensory area lower limb,104,0.00299850075,0.1966071035,-0.01056338028,0.0004997501249,0.1240669904,-0.02535211268
SSp-m,0.00257456743,TRUE,6,24.33333333,0.06741748642,0.5595378201,0.3333333333,0.6552872975,0.516535184,,SSp-m,1.96E-04,2.30E-04,-3.32E-05,1.54E-03,1.18E-03,9.23E-04,,0.130136986,0.084253044,0.195669877,,,,,SSp-m,Primary somatosensory area mouth,156,0.01499250375,0.1819755341,-0.09507042254,0.0004997501249,0.1992283138,-0.006338028169
SSp-n,0.004637075369,TRUE,2,13,0.0451371419,0.6341732029,0.5,0.6793103448,0.5139279649,,SSp-n,2.78E-05,-9.19E-06,3.70E-05,4.75E-05,8.98E-04,8.37E-04,,0.076923077,0.017974097,0.275054481,,,,,SSp-n,Primary somatosensory area nose,,,,,,,
SSp-tr,0.001012712868,TRUE,6,23.33333333,0.08524137313,0.576982395,0.3333333333,0.6865994737,0.5188788138,,SSp-tr,5.56E-04,8.73E-04,-3.18E-04,3.09E-03,4.40E-03,1.03E-03,,0.125827815,0.063220374,0.196387569,,,,,SSp-tr,Primary somatosensory area trunk,174,0.0009995002499,0.1993695527,-0.04647887324,0.0004997501249,0.1958288007,-0.04436619718
SSp-ul,3.16E-05,TRUE,4,23.5,0.1365134371,0.6928171741,0.75,0.7109807755,0.5326223092,,SSp-ul,2.09E-03,7.26E-04,1.37E-03,9.61E-03,4.44E-03,6.27E-03,,0.127659574,0.015500637,0.280951771,,,,,SSp-ul,Primary somatosensory area upper limb,128,0.0004997501249,0.7336894285,-0.02957746479,0.0004997501249,0.7241862876,-0.0338028169
SSp-un,,,,,,,,,,,SSp-un,1.30E-03,1.44E-03,-1.44E-04,5.68E-03,5.20E-03,3.28E-03,,,,,,,,,SSp-un,Primary somatosensory area unassigned,,,,,,,
SSs,1.27E-04,TRUE,6,37.16666667,0.09280604041,0.5836965717,0.5,0.6795362799,0.5206754015,,SSs,8.19E-04,5.46E-04,2.73E-04,3.23E-03,2.82E-03,1.15E-03,,0.071748879,0.044298568,0.114177035,,,,,SSs,Supplemental somatosensory area,236,0.0004997501249,0.201688345,-0.0676056338,0.031984008,0.1781360871,-0.03802816901
STN,,,,,,,,,,,STN,1.44E-03,-3.16E-05,1.47E-03,5.07E-03,7.40E-05,5.22E-03,,,,,,,,,STN,Subthalamic nucleus,,,,,,,
SUB,4.41E-04,TRUE,6,44.66666667,0.05434523621,0.5878745869,0.5,0.6088212635,0.5191465353,,SUB,2.52E-04,2.43E-04,9.16E-06,1.36E-03,1.61E-03,9.68E-04,,0.078358209,0.051543764,0.117395629,,,,,SUB,Subiculum,352,0.0004997501249,0.1936478876,-0.05492957746,0.0004997501249,0.1685232491,-0.01901408451
SubG,,,,,,,,,,,SubG,NaN,NaN,NaN,NaN,NaN,NaN,,,,,,,,,SubG,Subgeniculate nucleus,,,,,,,
SUM,,,,,,,,,,,SUM,3.38E-03,1.32E-03,2.06E-03,3.38E-03,1.32E-03,2.06E-03,,,,,,,,,SUM,Supramammillary nucleus,,,,,,,
SUT,,,,,,,,,,,SUT,5.09E-04,1.82E-04,3.27E-04,3.38E-03,5.17E-03,6.08E-03,,,,,,,,,SUT,Supratrigeminal nucleus,,,,,,,
SUV,,,,,,,,,,,SUV,8.80E-04,7.64E-04,1.15E-04,4.27E-03,4.19E-03,4.19E-03,,,,,,,,,SUV,Superior vestibular nucleus,,,,,,,
TEa,0.002075124113,TRUE,4,27.5,0.04424847776,0.5707496221,0.75,0.5900946593,0.5194424374,,TEa,1.53E-05,7.16E-05,-5.63E-05,4.68E-04,6.48E-04,2.96E-04,,0.107692308,0.064506007,0.174401372,,,,,TEa,Temporal association areas,141,0.6491754123,0.09477115222,-0.1246478873,0.2978510745,0.0744405152,-0.01267605634
TM,,,,,,,,,,,TM,NaN,NaN,NaN,NaN,NaN,NaN,,,,,,,,,TM,Tuberomammillary nucleus,,,,,,,
TR,,,,,,,,,,,TR,-1.16E-04,-3.36E-05,-8.27E-05,8.78E-05,3.46E-04,2.91E-04,,,,,,,,,TR,Postpiriform transition area,,,,,,,
TRN,,,,,,,,,,,TRN,1.03E-03,1.49E-03,-4.62E-04,5.91E-03,5.17E-03,2.30E-03,,,,,,,,,TRN,Tegmental reticular nucleus,,,,,,,
TRS,,,,,,,,,,,TRS,2.90E-04,2.79E-04,1.11E-05,2.05E-03,1.15E-03,1.07E-03,,,,,,,,,TRS,Triangular nucleus of septum,,,,,,,
TTd,0.04613496611,TRUE,6,26.66666667,0.02702037859,0.5399556929,0,,0.5067386729,,TTd,-2.20E-05,6.37E-05,-8.57E-05,4.02E-04,6.10E-04,3.40E-04,,0.040462428,0.019308906,0.082832913,,,,,TTd,Taenia tecta dorsal part,188,0.2323838081,0.1032606548,-0.15,0.1249375312,0.08307918485,-0.05492957746
TTv,,,,,,,,,,,TTv,NaN,NaN,NaN,NaN,NaN,NaN,,,,,,,,,TTv,Taenia tecta ventral part,,,,,,,
TU,,,,,,,,,,,TU,-9.02E-06,2.70E-05,-3.60E-05,3.31E-04,1.74E-04,2.28E-04,,,,,,,,,TU,Tuberal nucleus,,,,,,,
UVU,,,,,,,,,,,UVU,3.43E-04,5.79E-04,-2.37E-04,1.18E-03,2.30E-03,2.37E-04,,,,,,,,,UVU,Uvula (IX),,,,,,,
V,,,,,,,,,,,V,2.13E-04,5.94E-05,1.53E-04,2.75E-03,2.65E-03,2.82E-03,,,,,,,,,V,Motor nucleus of trigeminal,,,,,,,
VAL,9.37E-05,TRUE,5,23,0.1145801692,0.5971433577,0.6,0.6949078727,0.5162535808,,VAL,6.51E-04,6.58E-04,-7.59E-06,3.68E-03,2.68E-03,1.12E-03,,0.182608696,0.121648009,0.264904901,,,,,VAL,Ventral anterior-lateral complex of the thalamus,127,0.0004997501249,0.3944221789,-0.03169014085,0.0004997501249,0.3181237126,-0.03169014085
VCO,,,,,,,,,,,VCO,1.65E-03,1.28E-03,3.70E-04,6.77E-03,3.81E-03,2.71E-03,,,,,,,,,VCO,Ventral cochlear nucleus,,,,,,,
VeCB,,,,,,,,,,,VeCB,8.11E-04,7.02E-04,1.09E-04,4.80E-03,3.67E-03,1.93E-03,,,,,,,,,VeCB,Vestibulocerebellar nucleus,,,,,,,
VI,,,,,,,,,,,VI,NaN,NaN,NaN,NaN,NaN,NaN,,,,,,,,,VI,Abducens nucleus,,,,,,,
VII,,,,,,,,,,,VII,6.64E-04,1.21E-04,5.43E-04,1.66E-03,1.94E-03,2.27E-03,,,,,,,,,VII,Facial motor nucleus,,,,,,,
VISa,2.80E-12,TRUE,25,23.88,0.04293080908,0.5740604891,0.52,0.6074178404,0.5193117831,,VISa,2.87E-04,2.40E-04,4.70E-05,1.53E-03,1.37E-03,1.05E-03,,0.077586207,0.058389516,0.102407779,,,,,VISa,Anterior area,611,0.0004997501249,0.1182872257,-0.05070422535,0.0004997501249,0.1770342315,-0.04436619718
VISal,,,,,,,,,,,VISal,1.48E-04,7.69E-05,7.08E-05,7.30E-04,3.89E-04,6.00E-04,,,,,,,,,VISal,Anterolateral visual area,,,,,,,
VISam,0.0003048938788,TRUE,8,23,0.05634578168,0.5938326633,0.25,0.6815715326,0.5315705538,,VISam,3.17E-04,3.01E-04,1.54E-05,1.88E-03,2.03E-03,1.23E-03,,0.092391304,0.040008769,0.154232664,,,,,VISam,Anteromedial visual area,223,0.9470264868,0.08085318375,-0.15,0.9665167416,0.1079585513,-0.15
VISC,0.004637075369,TRUE,2,23,0.0271771312,0.5849201675,0.5,0.6120972987,0.5131176637,,VISC,1.36E-04,-8.02E-05,2.16E-04,4.51E-04,1.68E-04,7.00E-04,,0.065217391,0.020526241,0.188488091,,,,,VISC,Visceral area,,,,,,,
VISl,0.00802301956,TRUE,5,18.8,0.02929784724,0.5451304415,0.4,0.5845406396,0.5122496021,,VISl,1.93E-04,1.07E-04,8.52E-05,1.77E-03,1.02E-03,8.07E-04,,0.010869565,0.001489059,0.07491039,,,,,VISl,Lateral visual area,,,,,,,
VISli,0.01643403909,TRUE,2,21.5,0.05315628812,0.5757438947,0.5,0.6289001829,0.5174874729,,VISli,6.95E-05,2.03E-07,6.93E-05,6.91E-04,1.75E-04,5.37E-04,,0.105263158,0.038750154,0.255587083,,,,,VISli,Laterointermediate area,,,,,,,
VISp,5.12E-08,TRUE,14,25.28571429,0.0596986634,0.5879733634,0.5,0.6452032956,0.5170642744,,VISp,3.33E-04,5.20E-04,-1.87E-04,7.87E-04,1.33E-03,4.45E-04,,0.072674419,0.037829056,0.108619054,,,,,VISp,Primary visual area,394,0.1629185407,0.1029531402,-0.06971830986,0.1904047976,0.06496202948,-0.0676056338
VISpl,,,,,,,,,,,VISpl,3.28E-04,9.62E-05,2.32E-04,1.73E-03,1.12E-03,1.28E-03,,,,,,,,,VISpl,Posterolateral visual area,,,,,,,
VISpm,7.78E-04,TRUE,3,30.66666667,0.1171499609,0.6822877403,0.6666666667,0.7395252402,0.5043669919,,VISpm,5.33E-05,1.78E-04,-1.24E-04,6.21E-04,1.22E-03,4.05E-04,,0.043478261,0.016197748,0.111497802,,,,,VISpm,posteromedial visual area,114,0.07096451774,0.1842498955,-0.1352112676,0.06946526737,0.0892755075,-0.1373239437
VISpor,2.11E-02,TRUE,2,41,0.003392865484,0.5578084499,0.5,0.5612013154,0.5048434157,,VISpor,-4.47E-06,2.88E-05,-3.33E-05,7.29E-04,7.74E-04,8.82E-04,,,,,,,,,VISpor,Postrhinal area,,,,,,,
VISrl,0.0002872852112,TRUE,2,21,0.02434937736,0.6208181797,1,0.6208181797,0.5207454584,,VISrl,6.49E-04,1.11E-03,-4.56E-04,3.03E-03,3.89E-03,5.41E-04,,0.095238095,0.035132006,0.233311709,,,,,VISrl,Rostrolateral visual area,,,,,,,
VLPO,,,,,,,,,,,VLPO,NaN,NaN,NaN,NaN,NaN,NaN,,,,,,,,,VLPO,Ventrolateral preoptic nucleus,,,,,,,
VM,0.0002872852112,TRUE,2,11,0.04788063519,0.7137735002,1,0.7137735002,0.513343191,,VM,1.09E-03,9.98E-04,9.12E-05,7.11E-03,3.79E-03,1.70E-03,,0.090909091,0.017100188,0.335332062,,,,,VM,Ventral medial nucleus of the thalamus,,,,,,,
VMH,,,,,,,,,,,VMH,-4.63E-04,-2.44E-05,-4.39E-04,-4.63E-04,-2.44E-05,-4.39E-04,,,,,,,,,VMH,Ventromedial hypothalamic nucleus,,,,,,,
VMPO,,,,,,,,,,,VMPO,NaN,NaN,NaN,NaN,NaN,NaN,,,,,,,,,VMPO,Ventromedial preoptic nucleus,,,,,,,
VPL,1.26E-09,TRUE,7,21.28571429,0.07005627215,0.6486756863,1,0.6486756863,0.5149216125,,VPL,5.36E-04,3.81E-04,1.54E-04,2.50E-03,1.88E-03,1.63E-03,,0.100628931,0.050716803,0.162267387,,,,,VPL,Ventral posterolateral nucleus of the thalamus,203,0.0004997501249,0.3662228442,-0.02535211268,0.0004997501249,0.3172649019,-0.02535211268
VPLpc,,,,,,,,,,,VPLpc,1.65E-04,9.83E-05,6.70E-05,9.54E-04,6.65E-04,9.97E-04,,,,,,,,,VPLpc,Ventral posterolateral nucleus of the thalamus parvicellular part,,,,,,,
VPM,3.46E-12,TRUE,18,28.22222222,0.0821699394,0.6014797211,0.6111111111,0.6504229481,0.517565925,,VPM,2.32E-04,3.10E-04,-7.73E-05,1.59E-03,1.87E-03,7.66E-04,,0.118,0.0773627,0.151544286,,,,,VPM,Ventral posteromedial nucleus of the thalamus,573,0.0004997501249,0.2332262621,-0.02746478873,0.0004997501249,0.1895884378,-0.02746478873
VPMpc,,,,,,,,,,,VPMpc,1.28E-04,7.91E-05,4.85E-05,1.29E-03,1.23E-03,1.21E-03,,,,,,,,,VPMpc,Ventral posteromedial nucleus of the thalamus parvicellular part,,,,,,,
VTA,,,,,,,,,,,VTA,1.94E-04,1.49E-05,1.79E-04,2.13E-03,1.49E-03,6.41E-04,,,,,,,,,VTA,Ventral tegmental area,,,,,,,
VTN,,,,,,,,,,,VTN,2.58E-05,9.93E-05,-7.35E-05,8.19E-04,4.64E-04,3.69E-04,,,,,,,,,VTN,Ventral tegmental nucleus,,,,,,,
x,,,,,,,,,,,x,3.30E-05,5.40E-04,-5.07E-04,5.58E-04,1.70E-03,-1.95E-04,,,,,,,,,x,Nucleus x,,,,,,,
Xi,,,,,,,,,,,Xi,NaN,NaN,NaN,NaN,NaN,NaN,,,,,,,,,Xi,Xiphoid thalamic nucleus,,,,,,,
XII,,,,,,,,,,,XII,2.71E-04,3.60E-04,-8.91E-05,4.43E-04,6.65E-04,7.55E-05,,,,,,,,,XII,Hypoglossal nucleus,,,,,,,
y,,,,,,,,,,,y,4.98E-03,1.56E-04,4.83E-03,4.98E-03,1.56E-04,4.83E-03,,,,,,,,,y,Nucleus y,,,,,,,
ZI,7.34E-08,TRUE,5,11,0.02795639243,0.6453326891,1,0.6453326891,0.5030721202,,ZI,8.06E-04,8.14E-04,-7.74E-06,4.60E-03,5.25E-03,2.64E-03,,0.168539326,0.10351751,0.262446418,,,,,ZI,Zona incerta,174,0.0004997501249,0.5265263251,-0.03802816901,0.0004997501249,0.3983912737,-0.03802816901