region,combined_p-value,combined_sig,n_sessions,n_units_mean,values_std,values_median,frac_sig,values_median_sig,null_median_of_medians,,,GLM Right stimulus mean delta R^2,GLM Left stimulus mean delta R^2,"GLM Difference of mean drsq, Right - Left",GLM 95th percentile of delta R^2 for stimulus right distribution,GLM 95th percentile of delta R^2 for stimulus left distribution,GLM 95th percentile of delta delta R^2 for stimulus right - left,,"[Single-cell]Fraction of significant neuons [post-stim[50,100]ms]",[single-cell]Lower CL,[single-cell]Higher CL,,,acronym,name,nclus,p_var,amp_var,lat_var,p_euc,amp_euc,lat_euc
AAA,,,,,,,,,,,,1.16E-03,3.15E-04,8.50E-04,5.25E-03,1.49E-03,3.76E-03,,,,,,,AAA,Anterior amygdalar area,,,,,,,
ACAd,4.16E-04,TRUE,9,20.11111111,0.04888415655,0.5402649969,0.4444444444,0.5767558506,0.5107418415,,,1.17E-03,1.10E-03,7.52E-05,5.82E-03,6.34E-03,5.77E-03,,0.066298343,0.037888189,0.113498531,,,ACAd,Anterior cingulate area dorsal part,243,0.0004997501249,0.1753732117,0.1225352113,0.0004997501249,0.1043625959,0.1225352113
ACAv,0.5510825327,FALSE,6,17.33333333,0.02484589455,0.5156590139,0,,0.5111829765,,,4.53E-04,-4.19E-05,4.95E-04,2.86E-03,3.96E-03,5.70E-03,,0.086538462,0.045288907,0.159097554,,,ACAv,Anterior cingulate area ventral part,124,0.07246376812,0.1661457532,0.05915492958,0.5552223888,0.1227046344,0.006338028169
ACB,0.7078752115,FALSE,10,19.2,0.02504840676,0.5029990658,0.1,0.5683176329,0.5079184174,,,1.17E-03,7.41E-04,4.25E-04,6.86E-03,4.18E-03,2.07E-03,,0.057291667,0.019007174,0.109401293,,,ACB,Nucleus accumbens,228,0.1334332834,0.1155493673,0.1035211268,0.5657171414,0.07541238691,0.01267605634
Acs5,,,,,,,,,,,,NaN,NaN,NaN,NaN,NaN,NaN,,,,,,,Acs5,Accessory trigeminal nucleus,,,,,,,
AD,,,,,,,,,,,,NaN,NaN,NaN,NaN,NaN,NaN,,,,,,,AD,Anterodorsal nucleus,,,,,,,
ADP,,,,,,,,,,,,-1.53E-04,1.09E-03,-1.24E-03,1.05E-06,2.15E-03,-3.48E-05,,,,,,,ADP,Anterodorsal preoptic nucleus,,,,,,,
AHN,,,,,,,,,,,,1.21E-04,-1.86E-05,1.40E-04,1.90E-04,1.52E-04,2.42E-04,,,,,,,AHN,Anterior hypothalamic nucleus,,,,,,,
AId,0.1976820415,FALSE,6,24.5,0.01670928912,0.5271227248,0,,0.513780714,,,1.31E-03,1.51E-03,-1.96E-04,4.99E-03,6.06E-03,2.70E-03,,0.068027211,0.036799447,0.122387508,,,AId,Agranular insular area dorsal part,170,0.8165917041,0.09084996488,0.01267605634,0.6916541729,0.108539346,0.0676056338
AIp,0.7213108409,FALSE,3,19.66666667,0.004198388985,0.5089330025,0,,0.5052390082,,,9.65E-04,7.99E-04,1.66E-04,6.02E-03,3.29E-03,4.64E-03,,,,,,,AIp,Agranular insular area posterior part,,,,,,,
AIv,0.2416980972,FALSE,4,25.5,0.03053458178,0.5120933627,0.25,0.5552743943,0.5066842819,,,8.00E-04,3.83E-04,4.17E-04,2.12E-03,7.64E-04,2.36E-03,,0.029411765,0.009386622,0.088347878,,,AIv,Agranular insular area ventral part,105,0.3783108446,0.1269676085,0,0.3188405797,0.07623031933,0
AM,0.1357529009,FALSE,3,22,0.03439507347,0.5200182399,0.3333333333,0.5587172887,0.5033295901,,,6.60E-04,3.84E-04,2.75E-04,3.42E-03,2.67E-03,2.30E-03,,0.090909091,0.040788614,0.190392522,,,AM,Anteromedial nucleus,,,,,,,
AMB,,,,,,,,,,,,NaN,NaN,NaN,NaN,NaN,NaN,,,,,,,AMB,Nucleus ambiguus,,,,,,,
ANcr1,0.06137081591,FALSE,4,32.25,0.05793218878,0.5471844715,0.25,0.6393670151,0.5269388293,,,1.73E-04,7.54E-04,-5.81E-04,1.39E-03,3.59E-03,8.94E-04,,0.07751938,0.041966574,0.138826904,,,ANcr1,Crus 1,138,0.01699150425,0.1807958259,0.07394366197,0.0299850075,0.1548255663,0.1161971831
ANcr2,,,,,,,,,,,,2.62E-04,8.02E-05,1.82E-04,2.32E-03,1.62E-03,1.71E-03,,,,,,,ANcr2,Crus 2,134,0.4877561219,0.1052797826,0.004225352113,0.6216891554,0.1198710741,0.008450704225
AOB,,,,,,,,,,,,2.26E-02,2.78E-02,-5.26E-03,2.26E-02,2.78E-02,-5.26E-03,,,,,,,AOB,Accessory olfactory bulb,,,,,,,
AON,0.2377722619,FALSE,7,28.57142857,0.03122087303,0.5236973775,0,,0.5149378251,,,1.36E-04,7.35E-04,-6.00E-04,9.56E-04,1.34E-03,6.82E-04,,0.06,0.036402147,0.097349804,,,AON,Anterior olfactory nucleus,270,0.006996501749,0.1146113418,0.002112676056,0.0009995002499,0.07237778868,0.01267605634
AP,,,,,,,,,,,,NaN,NaN,NaN,NaN,NaN,NaN,,,,,,,AP,Area postrema,,,,,,,
APN,3.36E-09,TRUE,22,20.04545455,0.04377339018,0.5537584344,0.4545454545,0.5993031977,0.5120307354,,,1.99E-03,1.91E-03,7.44E-05,8.57E-03,8.43E-03,7.24E-03,,0.060324826,0.041350676,0.087213372,,,APN,Anterior pretectal nucleus,498,0.0004997501249,0.1641624706,0.08873239437,0.0004997501249,0.2278648302,0.114084507
APr,,,,,,,,,,,,1.84E-04,-2.58E-04,4.41E-04,1.01E-03,-2.76E-05,1.44E-03,,,,,,,APr,Area prostriata,,,,,,,
ARH,,,,,,,,,,,,NaN,NaN,NaN,NaN,NaN,NaN,,,,,,,ARH,Arcuate hypothalamic nucleus,,,,,,,
AT,,,,,,,,,,,,1.59E-03,1.58E-03,7.47E-06,3.95E-03,4.23E-03,2.87E-03,,,,,,,AT,Anterior tegmental nucleus,,,,,,,
AUDd,,,,,,,,,,,,2.28E-03,1.43E-03,8.48E-04,1.07E-02,6.51E-03,4.19E-03,,,,,,,AUDd,Dorsal auditory area,,,,,,,
AUDp,0.4828494111,FALSE,4,24.25,0.03949626992,0.4990934305,0,,0.5155635411,,,2.30E-03,2.09E-03,2.12E-04,1.04E-02,7.84E-03,3.64E-03,,0.072164948,0.034463493,0.144919683,,,AUDp,Primary auditory area,106,0.6096951524,0.1750379375,0.05704225352,0.8830584708,0.09478106713,0.09507042254
AUDpo,,,,,,,,,,,,3.14E-03,6.34E-03,-3.20E-03,6.39E-03,1.57E-02,6.78E-04,,,,,,,AUDpo,Posterior auditory area,,,,,,,
AUDv,0.4489739377,FALSE,4,23.75,0.0166503576,0.5166903534,0,,0.5109792875,,,3.33E-03,2.89E-03,4.35E-04,1.20E-02,1.05E-02,2.84E-03,,0.073684211,0.035190287,0.147833822,,,AUDv,Ventral auditory area,101,0.07446276862,0.1285632058,0,0.4402798601,0.1244150554,0.04014084507
AV,0.01989517295,TRUE,4,20.75,0.04161133043,0.5301390218,0.5,0.5730630686,0.5053548103,,,9.98E-04,5.58E-04,4.40E-04,3.26E-03,2.37E-03,2.19E-03,,0.053571429,0.016939691,0.15678477,,,AV,Anteroventral nucleus of thalamus,,,,,,,
AVP,,,,,,,,,,,,9.76E-06,-1.07E-05,2.04E-05,2.42E-04,2.49E-04,3.18E-04,,,,,,,AVP,Anteroventral preoptic nucleus,,,,,,,
AVPV,,,,,,,,,,,,NaN,NaN,NaN,NaN,NaN,NaN,,,,,,,AVPV,Anteroventral periventricular nucleus,,,,,,,
B,,,,,,,,,,,,NaN,NaN,NaN,NaN,NaN,NaN,,,,,,,B,Barrington's nucleus,,,,,,,
BA,,,,,,,,,,,,NaN,NaN,NaN,NaN,NaN,NaN,,,,,,,BA,Bed nucleus of the accessory olfactory tract,,,,,,,
BLA,0.9277462749,FALSE,6,17.33333333,0.03712295934,0.4902536435,0,,0.50616664,,,6.20E-05,1.62E-04,-9.99E-05,6.80E-04,1.17E-03,6.97E-04,,0.070588235,0.023778227,0.151544596,,,BLA,Basolateral amygdalar nucleus,115,0.8155922039,0.1226046369,0,0.383808096,0.0511103894,0
BMA,0.9358270227,FALSE,6,20.16666667,0.01434098149,0.5022192872,0,,0.5075209966,,,1.33E-04,2.59E-05,1.07E-04,7.41E-04,1.07E-03,7.71E-04,,0.063063063,0.030110298,0.12734433,,,BMA,Basomedial amygdalar nucleus,152,0.8555722139,0.1021228784,0.004225352113,0.8035982009,0.05892423255,0.01478873239
BST,0.3796759487,FALSE,5,13.8,0.03642640687,0.482406865,0,,0.5051795735,,,9.82E-04,1.39E-03,-4.06E-04,2.71E-03,5.83E-03,2.80E-03,,0.057971014,0.017610939,0.15615371,,,BST,Bed nuclei of the stria terminalis,107,0.0009995002499,0.2386091263,0.1204225352,0.0004997501249,0.169274256,0.1246478873
CA1,0.01786421429,TRUE,28,24.10714286,0.04664953403,0.5224978801,0.1428571429,0.5785037176,0.5117268538,,,1.90E-03,1.49E-03,4.13E-04,3.74E-03,4.12E-03,2.46E-03,,0.066878981,0.043608603,0.086321059,,,CA1,Field CA1,1046,0.1029485257,0.06498976352,0.05704225352,0.0004997501249,0.07734131594,0.1352112676
CA2,,,,,,,,,,,,8.92E-04,2.33E-03,-1.44E-03,6.17E-03,9.84E-03,2.61E-03,,,,,,,CA2,Field CA2,,,,,,,
CA3,0.1623799245,FALSE,15,22.86666667,0.02567202751,0.5144783183,0.06666666667,0.5625377214,0.5106948085,,,8.45E-04,9.96E-04,-1.51E-04,4.39E-03,5.78E-03,2.63E-03,,0.056603774,0.035886125,0.088188014,,,CA3,Field CA3,522,0.09645177411,0.08832479334,0.04014084507,0.02748625687,0.05281623313,0.0338028169
CEA,0.4068455693,FALSE,4,26,0.02441188288,0.5133838663,0,,0.5070309105,,,3.09E-04,4.19E-04,-1.10E-04,2.55E-03,1.61E-03,1.06E-03,,0.042553191,0.015855741,0.109214502,,,CEA,Central amygdalar nucleus,127,0.3533233383,0.1405369422,0.07394366197,0.5722138931,0.09638046858,0.02957746479
CENT2,0.473426081,FALSE,4,16.75,0.03146205219,0.5244246206,0,,0.5125427855,,,1.45E-03,1.08E-03,3.72E-04,6.89E-03,4.58E-03,3.87E-03,,0.044776119,0.014207229,0.132291687,,,CENT2,Lobule II,109,0.2618690655,0.1822784979,0,0.6381809095,0.1936430601,0.04436619718
CENT3,0.03175297452,TRUE,2,19.5,0.0540381275,0.5668331586,0.5,0.6208712861,0.5229880806,,,2.90E-03,4.42E-03,-1.52E-03,1.20E-02,2.21E-02,4.61E-03,,0.02739726,6.70E-03,0.105248147,,,CENT3,Lobule III,125,0.0004997501249,0.2257805697,0.1288732394,0.001499250375,0.2074021928,0.1288732394
CL,,,,,,,,,,,,1.54E-03,7.45E-04,7.97E-04,7.44E-03,3.28E-03,5.89E-03,,,,,,,CL,Central lateral nucleus of the thalamus,,,,,,,
CLA,,,,,,,,,,,,1.50E-03,2.24E-03,-7.36E-04,8.40E-03,8.13E-03,2.45E-03,,,,,,,CLA,Claustrum,,,,,,,
CLI,,,,,,,,,,,,1.25E-03,2.33E-03,-1.08E-03,5.26E-03,1.22E-02,3.24E-03,,,,,,,CLI,Central linear nucleus raphe,,,,,,,
CM,,,,,,,,,,,,1.96E-03,9.31E-04,1.03E-03,7.04E-03,3.39E-03,5.44E-03,,,,,,,CM,Central medial nucleus of the thalamus,,,,,,,
COAa,,,,,,,,,,,,7.41E-05,-3.92E-05,1.13E-04,6.84E-04,1.73E-04,9.51E-04,,,,,,,COAa,Cortical amygdalar area anterior part,,,,,,,
COAp,3.54E-01,FALSE,3,20,0.03466673148,0.5095599805,0,,0.5066801619,,,4.56E-05,1.01E-04,-5.55E-05,4.55E-04,7.81E-04,4.64E-04,,0.066666667,0.008820312,0.257386974,,,COAp,Cortical amygdalar area posterior part,,,,,,,
COPY,0.1285375021,FALSE,2,14.5,0.0340970742,0.5200882414,0.5,0.5541853156,0.5032463882,,,1.26E-03,2.32E-03,-1.06E-03,4.53E-03,1.59E-02,2.76E-03,,,,,,,COPY,Copula pyramidis,,,,,,,
CP,7.07E-11,TRUE,41,40.29268293,0.05446968716,0.5389740566,0.2926829268,0.6037991255,0.5116874567,,,2.69E-03,2.09E-03,6.03E-04,1.32E-02,8.12E-03,9.01E-03,,0.074580485,0.056737661,0.086190241,,,CP,Caudoputamen,1752,0.0004997501249,0.1127564105,0.1077464789,0.0004997501249,0.08030545212,0.08873239437
CS,0.004822545452,TRUE,2,16.5,0.06798154928,0.6195663561,0.5,0.6875479054,0.5216262943,,,1.96E-03,2.45E-03,-4.94E-04,6.57E-03,1.11E-02,2.21E-03,,,,,,,CS,Superior central nucleus raphe,,,,,,,
CU,,,,,,,,,,,,NaN,NaN,NaN,NaN,NaN,NaN,,,,,,,CU,Cuneate nucleus,,,,,,,
CUL4 5,0.2843001309,FALSE,8,30.875,0.05207226782,0.5150383507,0.125,0.6046296296,0.5178685978,,,4.89E-04,8.07E-04,-3.18E-04,4.10E-03,6.00E-03,1.50E-03,,0.048979592,0.021553735,0.096593021,,,CUL4 5,Lobules IV-V,298,0.001499250375,0.168774606,0.1056338028,0.2673663168,0.2092760566,0.1056338028
CUN,,,,,,,,,,,,1.19E-03,1.94E-03,-7.49E-04,6.52E-03,6.49E-03,3.25E-03,,,,,,,CUN,Cuneiform nucleus,,,,,,,
DCO,0.196433631,FALSE,2,15,0.02209018063,0.540093355,0,,0.5120389212,,,6.21E-03,7.54E-03,-1.33E-03,1.51E-02,3.41E-02,4.86E-03,,,,,,,DCO,Dorsal cochlear nucleus,,,,,,,
DEC,,,,,,,,,,,,1.17E-03,9.42E-04,2.28E-04,4.98E-03,3.27E-03,4.11E-03,,,,,,,DEC,Declive (VI),,,,,,,
DG,0.7453300652,FALSE,15,18.8,0.02410333484,0.4965653435,0.06666666667,0.5498165786,0.5053500847,,,1.09E-03,9.80E-04,1.13E-04,4.53E-03,4.03E-03,1.72E-03,,0.049242424,0.0287324,0.08313987,,,DG,Dentate gyrus,571,0.003498250875,0.09167243879,0.0676056338,0.003498250875,0.07181298033,0.1373239437
DMH,,,,,,,,,,,,3.20E-04,4.37E-04,-1.18E-04,1.46E-03,2.28E-03,4.69E-04,,,,,,,DMH,Dorsomedial nucleus of the hypothalamus,,,,,,,
DMX,,,,,,,,,,,,NaN,NaN,NaN,NaN,NaN,NaN,,,,,,,DMX,Dorsal motor nucleus of the vagus nerve,,,,,,,
DN,,,,,,,,,,,,2.90E-03,6.47E-03,-3.57E-03,1.05E-02,2.57E-02,7.56E-03,,,,,,,DN,Dentate nucleus,,,,,,,
DP,0.1847387494,FALSE,7,24.57142857,0.03015844516,0.5309552858,0.1428571429,0.5561461187,0.5083817829,,,2.02E-04,1.98E-04,4.08E-06,1.33E-03,1.48E-03,7.06E-04,,0.068181818,0.038971683,0.116628621,,,DP,Dorsal peduncular area,199,0.5387306347,0.1051998162,0.01267605634,0.2803598201,0.05817121925,0.02323943662
DR,,,,,,,,,,,,2.37E-03,1.21E-03,1.16E-03,8.90E-03,4.80E-03,5.45E-03,,,,,,,DR,Dorsal nucleus raphe,,,,,,,
DT,,,,,,,,,,,,9.13E-04,1.80E-03,-8.91E-04,2.21E-03,3.42E-03,1.47E-03,,,,,,,DT,Dorsal terminal nucleus of the accessory optic tract,,,,,,,
DTN,,,,,,,,,,,,1.85E-03,1.26E-03,5.89E-04,6.28E-03,3.11E-03,3.17E-03,,,,,,,DTN,Dorsal tegmental nucleus,,,,,,,
ECT,0.9606038832,FALSE,4,13.5,0.02111110604,0.4777799581,0,,0.5034075769,,,5.74E-06,8.54E-05,-7.97E-05,4.93E-04,1.16E-03,4.28E-04,,0.037037037,0.000732831,0.17378114,,,ECT,Ectorhinal area,,,,,,,
ECU,,,,,,,,,,,,-1.31E-04,7.44E-04,-8.74E-04,-4.33E-05,1.86E-03,-8.28E-05,,,,,,,ECU,External cuneate nucleus,,,,,,,
ENTl,0.3359739482,FALSE,7,35.28571429,0.0342827136,0.4968239745,0.1428571429,0.5650207707,0.5089406371,,,1.51E-04,2.37E-04,-8.61E-05,1.09E-03,2.06E-03,8.48E-04,,0.036437247,0.019004425,0.068740712,,,ENTl,Entorhinal area lateral part,264,0.008495752124,0.1362026397,0.0823943662,0.3473263368,0.05346131223,0.08661971831
ENTm,0.528388192,FALSE,5,36.4,0.01582411064,0.5034148936,0,,0.5061973684,,,4.23E-04,1.23E-03,-8.10E-04,2.93E-03,7.74E-03,1.45E-03,,0.065934066,2.50E-02,0.109150563,,,ENTm,Entorhinal area medial part dorsal zone,193,0.06396801599,0.1503780383,0.002112676056,0.09295352324,0.1216436967,0.01267605634
EPd,0.5665570198,FALSE,3,17,0.01188936991,0.5117162689,0,,0.4997942911,,,9.16E-05,1.85E-04,-9.32E-05,4.91E-04,5.59E-04,3.71E-04,,0.019607843,0.002623633,0.131989924,,,EPd,Endopiriform nucleus dorsal part,,,,,,,
EPv,0.5660488121,FALSE,2,22,0.01258094784,0.506890202,0,,0.5081324821,,,2.40E-04,6.66E-04,-4.26E-04,1.21E-03,4.38E-03,9.70E-04,,,,,,,EPv,Endopiriform nucleus ventral part,,,,,,,
Eth,0.01054653483,TRUE,9,19.11111111,0.03668445844,0.5335036311,0.2222222222,0.5885814261,0.5110081301,,,1.62E-03,1.09E-03,5.36E-04,7.65E-03,5.42E-03,5.35E-03,,0.069767442,0.039884149,0.119259698,,,Eth,Ethmoid nucleus of the thalamus,206,0.3003498251,0.119805403,0.02535211268,0.01549225387,0.07252248293,0.02323943662
EW,,,,,,,,,,,,3.42E-03,1.26E-03,2.16E-03,3.42E-03,1.26E-03,2.16E-03,,,,,,,EW,Edinger-Westphal nucleus,,,,,,,
FC,,,,,,,,,,,,4.76E-04,1.42E-03,-9.43E-04,1.99E-03,4.60E-03,2.21E-04,,,,,,,FC,Fasciola cinerea,,,,,,,
FL,,,,,,,,,,,,1.20E-03,3.26E-03,-2.06E-03,5.78E-03,1.39E-02,1.45E-04,,,,,,,FL,Flocculus,,,,,,,
FN,,,,,,,,,,,,2.14E-02,4.97E-03,1.65E-02,4.09E-02,1.00E-02,3.98E-02,,,,,,,FN,Fastigial nucleus,,,,,,,
FOTU,,,,,,,,,,,,2.06E-04,-1.00E-05,2.17E-04,4.15E-03,4.12E-04,3.75E-03,,,,,,,FOTU,Folium-tuber vermis (VII),,,,,,,
FRP,0.4845655967,FALSE,2,15.5,0.02056692234,0.5088311312,0,,0.5102126352,,,1.10E-03,5.59E-04,5.45E-04,4.48E-03,3.21E-03,3.01E-03,,,,,,,FRP,Frontal pole cerebral cortex,,,,,,,
FS,,,,,,,,,,,,1.99E-03,7.89E-04,1.20E-03,1.06E-02,2.41E-03,9.33E-03,,,,,,,FS,Fundus of striatum,,,,,,,
GPe,2.82E-03,TRUE,5,17.6,0.05217763983,0.5590262172,0.4,0.6368054984,0.5168902565,,,2.75E-03,2.62E-03,1.26E-04,9.78E-03,1.08E-02,9.69E-03,,0.056818182,0.023552931,0.130773706,,,GPe,Globus pallidus external segment,105,0.0004997501249,0.4292552365,0.1225352113,0.0004997501249,0.3992108641,0.09084507042
GPi,,,,,,,,,,,,7.68E-03,1.61E-03,6.08E-03,4.59E-02,7.47E-03,4.16E-02,,,,,,,GPi,Globus pallidus internal segment,,,,,,,
GR,,,,,,,,,,,,NaN,NaN,NaN,NaN,NaN,NaN,,,,,,,GR,Gracile nucleus,,,,,,,
GRN,3.85E-04,TRUE,6,15.5,0.06788484153,0.5737271536,0.5,0.6402704786,0.5299544869,,,5.80E-03,3.92E-03,1.88E-03,2.62E-02,1.89E-02,2.47E-02,,0.053763441,0.003633571,0.116099626,,,GRN,Gigantocellular reticular nucleus,131,0.0004997501249,0.4690186594,0.1309859155,0.0004997501249,0.5009029748,0.1309859155
GU,,,,,,,,,,,,1.16E-03,4.15E-04,7.48E-04,8.07E-03,2.50E-03,7.11E-03,,,,,,,GU,Gustatory areas,,,,,,,
HATA,,,,,,,,,,,,-1.07E-04,-1.79E-04,7.20E-05,4.08E-04,3.77E-04,1.42E-03,,,,,,,HATA,Hippocampo-amygdalar transition area,,,,,,,
I5,,,,,,,,,,,,1.65E-03,3.99E-03,-2.34E-03,5.12E-03,8.35E-03,4.67E-04,,,,,,,I5,Intertrigeminal nucleus,,,,,,,
IA,,,,,,,,,,,,1.22E-04,1.01E-04,2.01E-05,7.39E-04,6.77E-04,5.66E-04,,,,,,,IA,Intercalated amygdalar nucleus,,,,,,,
IAD,,,,,,,,,,,,2.13E-04,9.00E-05,1.23E-04,7.72E-04,7.81E-04,8.35E-04,,,,,,,IAD,Interanterodorsal nucleus of the thalamus,,,,,,,
IAM,,,,,,,,,,,,8.90E-05,1.35E-03,-1.26E-03,4.41E-04,3.80E-03,-2.02E-04,,,,,,,IAM,Interanteromedial nucleus of the thalamus,,,,,,,
IC,0.1722883974,FALSE,3,13.33333333,0.03326005718,0.5432152936,0,,0.5193693121,,,1.09E-03,1.79E-03,-6.95E-04,4.57E-03,9.78E-03,2.04E-03,,0.076923077,0.028479264,0.191525694,,,IC,Inferior colliculus,117,0.1894052974,0.1822039721,0.03591549296,0.2578710645,0.1506218858,0.03591549296
ICB,,,,,,,,,,,,9.59E-04,1.17E-03,-2.09E-04,5.75E-03,7.56E-03,5.81E-03,,,,,,,ICB,Infracerebellar nucleus,,,,,,,
IF,,,,,,,,,,,,4.21E-03,3.00E-03,1.20E-03,9.41E-03,7.41E-03,6.47E-03,,,,,,,IF,Interfascicular nucleus raphe,,,,,,,
IG,,,,,,,,,,,,6.77E-03,1.15E-02,-4.72E-03,1.85E-02,2.58E-02,-1.32E-03,,,,,,,IG,Induseum griseum,,,,,,,
IGL,,,,,,,,,,,,1.01E-03,2.37E-04,7.70E-04,2.83E-03,1.16E-03,1.79E-03,,,,,,,IGL,Intergeniculate leaflet of the lateral geniculate complex,,,,,,,
III,,,,,,,,,,,,1.04E-03,6.06E-03,-5.02E-03,3.21E-03,2.39E-02,7.26E-04,,,,,,,III,Oculomotor nucleus,,,,,,,
ILA,0.005092025588,TRUE,7,32,0.02713483205,0.5418356164,0.2857142857,0.5784608254,0.5096591901,,,6.09E-04,5.99E-04,1.08E-05,3.54E-03,2.73E-03,1.15E-03,,0.071428571,0.044099234,0.113680363,,,ILA,Infralimbic area,229,0.06996501749,0.1091102248,0.02323943662,0.04797601199,0.07617638311,0
IMD,,,,,,,,,,,,NaN,NaN,NaN,NaN,NaN,NaN,,,,,,,IMD,Intermediodorsal nucleus of the thalamus,,,,,,,
IntG,,,,,,,,,,,,-9.84E-05,4.63E-04,-5.62E-04,1.79E-04,1.27E-03,-2.30E-04,,,,,,,IntG,Intermediate geniculate nucleus,,,,,,,
IO,,,,,,,,,,,,NaN,NaN,NaN,NaN,NaN,NaN,,,,,,,IO,Inferior olivary complex,,,,,,,
IP,0.01507231201,TRUE,2,62.5,0.04043334527,0.5755945293,0.5,0.6160278746,0.5196131763,,,1.48E-03,6.94E-04,7.86E-04,5.34E-03,5.95E-03,4.02E-03,,,,,,,IP,Interposed nucleus,174,0.007996001999,0.1536207968,0.114084507,0.009995002499,0.2527730913,0.114084507
IPN,,,,,,,,,,,,3.58E-04,5.28E-04,-1.69E-04,6.45E-04,1.18E-03,1.95E-04,,,,,,,IPN,Interpeduncular nucleus,,,,,,,
IRN,0.001253102244,TRUE,5,13.2,0.05646836047,0.5587696928,0.6,0.5871111111,0.5188267615,,,4.94E-03,4.00E-03,9.36E-04,2.74E-02,1.65E-02,2.05E-02,,0.151515152,0.054367156,0.294175883,,,IRN,Intermediate reticular nucleus,172,0.0004997501249,0.252386567,0.1288732394,0.0004997501249,0.3086977005,0.1288732394
ISN,,,,,,,,,,,,NaN,NaN,NaN,NaN,NaN,NaN,,,,,,,ISN,Inferior salivatory nucleus,,,,,,,
IV,,,,,,,,,,,,NaN,NaN,NaN,NaN,NaN,NaN,,,,,,,IV,Trochlear nucleus,,,,,,,
LA,,,,,,,,,,,,9.92E-06,-4.47E-05,5.46E-05,5.13E-04,3.77E-04,6.30E-04,,,,,,,LA,Lateral amygdalar nucleus,,,,,,,
LAV,,,,,,,,,,,,2.04E-03,9.91E-04,1.05E-03,8.22E-03,3.16E-03,7.72E-03,,,,,,,LAV,Lateral vestibular nucleus,,,,,,,
LC,,,,,,,,,,,,NaN,NaN,NaN,NaN,NaN,NaN,,,,,,,LC,Locus ceruleus,,,,,,,
LD,0.1712018794,FALSE,7,23.71428571,0.01581621841,0.5323905724,0,,0.5078333638,,,3.80E-04,6.59E-04,-2.78E-04,2.32E-03,3.48E-03,1.94E-03,,0.06626506,0.028058095,0.119800984,,,LD,Lateral dorsal nucleus of thalamus,223,0.0004997501249,0.1720633704,0.06126760563,0.1304347826,0.1234648664,0.1035211268
LDT,,,,,,,,,,,,2.06E-03,3.08E-03,-1.03E-03,4.85E-03,7.22E-03,2.53E-03,,,,,,,LDT,Laterodorsal tegmental nucleus,,,,,,,
LGd,4.86E-04,TRUE,11,21.36363636,0.1080101802,0.5452983643,0.3636363636,0.6307015712,0.5076537433,,,1.31E-03,3.30E-04,9.80E-04,4.13E-03,1.73E-03,3.35E-03,,0.117886179,0.024445987,0.132770345,,,LGd,Dorsal part of the lateral geniculate complex,295,0.0004997501249,0.2183206375,0.03802816901,0.0004997501249,0.2220067308,0.0338028169
LGv,4.82E-03,TRUE,2,19,0.04914105963,0.5832126299,0.5,0.6323536896,0.5054463109,,,5.50E-04,7.71E-04,-2.21E-04,4.81E-03,2.45E-03,1.46E-03,,,,,,,LGv,Ventral part of the lateral geniculate complex,,,,,,,
LH,,,,,,,,,,,,1.39E-04,7.91E-05,6.03E-05,1.62E-03,9.99E-04,1.31E-03,,,,,,,LH,Lateral habenula,,,,,,,
LHA,0.1384777291,FALSE,2,17.5,0.008906562767,0.5279301318,0,,0.506025386,,,3.83E-04,3.48E-04,3.51E-05,2.28E-03,2.51E-03,1.19E-03,,,,,,,LHA,Lateral hypothalamic area,,,,,,,
LIN,,,,,,,,,,,,1.36E-03,2.39E-03,-1.03E-03,2.45E-03,3.69E-03,-8.13E-04,,,,,,,LIN,Linear nucleus of the medulla,,,,,,,
LING,,,,,,,,,,,,1.70E-04,4.42E-03,-4.25E-03,6.47E-04,1.54E-02,2.04E-04,,,,,,,LING,Lingula (I),,,,,,,
LM,,,,,,,,,,,,7.08E-03,5.68E-03,1.40E-03,2.49E-02,1.92E-02,5.63E-03,,,,,,,LM,Lateral mammillary nucleus,,,,,,,
LP,1.24E-11,TRUE,32,25.84375,0.08350326596,0.5318796545,0.40625,0.6413393939,0.506284094,,,9.43E-04,5.01E-04,4.41E-04,4.56E-03,2.65E-03,3.11E-03,,0.08131068,0.04588208,0.09503863,,,LP,Lateral posterior nucleus of the thalamus,968,0.0004997501249,0.1132747724,0.04647887324,0.0004997501249,0.07209829478,0.04436619718
LPO,,,,,,,,,,,,1.21E-03,8.58E-04,3.55E-04,3.25E-03,2.41E-03,2.85E-03,,,,,,,LPO,Lateral preoptic area,,,,,,,
LRN,,,,,,,,,,,,1.53E-03,2.70E-03,-1.16E-03,8.38E-03,1.10E-02,2.46E-03,,,,,,,LRN,Lateral reticular nucleus,,,,,,,
LSc,,,,,,,,,,,,1.78E-04,3.92E-04,-2.13E-04,9.90E-04,2.66E-03,3.83E-04,,,,,,,LSc,Lateral septal nucleus caudal (caudodorsal) part,,,,,,,
LSr,0.4594916241,FALSE,22,34.59090909,0.02214362002,0.5092327492,0,,0.5045745648,,,3.30E-04,3.94E-04,-6.46E-05,2.18E-03,2.58E-03,1.00E-03,,0.080157687,0.058270798,0.099258337,,,LSr,Lateral septal nucleus rostral (rostroventral) part,780,0.3893053473,0.05518971599,0.01478873239,0.0004997501249,0.09950738715,0.09507042254
LSv,0.9949126511,FALSE,3,18.66666667,0.01353728917,0.4710683761,0,,0.4991235758,,,2.51E-04,2.50E-04,1.57E-06,1.28E-03,1.65E-03,7.20E-04,,0.071428571,0.026473078,0.17871152,,,LSv,Lateral septal nucleus ventral part,106,0.7116441779,0.1597346813,0.05281690141,0.8380809595,0.1383511111,0.004225352113
LT,,,,,,,,,,,,NaN,NaN,NaN,NaN,NaN,NaN,,,,,,,LT,Lateral terminal nucleus of the accessory optic tract,,,,,,,
MA,,,,,,,,,,,,1.11E-03,3.24E-04,7.83E-04,3.15E-03,1.61E-03,2.73E-03,,,,,,,MA,Magnocellular nucleus,,,,,,,
MA3,,,,,,,,,,,,NaN,NaN,NaN,NaN,NaN,NaN,,,,,,,MA3,Medial accesory oculomotor nucleus,,,,,,,
MARN,,,,,,,,,,,,6.04E-03,1.48E-03,4.57E-03,2.11E-02,6.51E-03,1.86E-02,,,,,,,MARN,Magnocellular reticular nucleus,,,,,,,
MD,0.02873003057,TRUE,11,28.09090909,0.03281588274,0.5226109823,0.09090909091,0.5932484802,0.5105931245,,,9.28E-04,6.23E-04,3.05E-04,4.79E-03,3.57E-03,3.13E-03,,0.093851133,0.065906361,0.131970668,,,MD,Mediodorsal nucleus of thalamus,370,0.5652173913,0.08784170562,0.04436619718,0.6716641679,0.06573187107,0.04436619718
MDRN,0.6801012507,FALSE,2,10,0.001702176049,0.513781503,0,,0.52013056,,,7.51E-04,1.04E-03,-2.86E-04,2.25E-03,5.19E-03,1.98E-03,,,,,,,MDRN,Medullary reticular nucleus,,,,,,,
MEA,9.17E-01,FALSE,4,23.75,0.03067483955,0.4945240514,0,,0.5024210583,,,-3.36E-05,-3.20E-05,-1.58E-06,4.40E-04,2.75E-04,4.25E-04,,0.126315789,0.030983559,0.2103817,,,MEA,Medial amygdalar nucleus,138,0.8230884558,0.154052504,0.002112676056,0.6751624188,0.06176139773,0.0338028169
MEPO,,,,,,,,,,,,NaN,NaN,NaN,NaN,NaN,NaN,,,,,,,MEPO,Median preoptic nucleus,,,,,,,
MG,0.02370990192,TRUE,7,18.71428571,0.05553192054,0.5397764018,0.1428571429,0.660903192,0.5097657089,,,5.87E-04,6.57E-04,-6.99E-05,2.34E-03,3.47E-03,1.57E-03,,0.038167939,0.015844109,0.089097757,,,MG,Medial geniculate complex,166,0.08145927036,0.1217775082,0.004225352113,0.4982508746,0.08354755698,0.01056338028
MH,,,,,,,,,,,,3.08E-04,5.76E-05,2.50E-04,1.23E-03,4.50E-04,9.27E-04,,,,,,,MH,Medial habenula,,,,,,,
MM,,,,,,,,,,,,3.70E-04,9.85E-04,-6.14E-04,1.03E-03,3.11E-03,4.35E-04,,,,,,,MM,Medial mammillary nucleus,,,,,,,
MOB,,,,,,,,,,,,-2.63E-04,-1.28E-04,-1.35E-04,2.16E-04,4.56E-04,6.60E-04,,,,,,,MOB,Main olfactory bulb,,,,,,,
MOp,0.00666477307,TRUE,23,42.43478261,0.03725585805,0.5303571429,0.1739130435,0.5873546151,0.5171851667,,,1.07E-03,1.56E-03,-4.86E-04,5.10E-03,6.55E-03,2.87E-03,,0.061538462,0.046123405,0.078912982,,,MOp,Primary motor area,997,0.0219890055,0.05880362305,0.1436619718,0.03948025987,0.0400586329,0.02112676056
MOs,2.36E-06,TRUE,24,34.25,0.04410246735,0.5475201914,0.2916666667,0.5762867647,0.5190928053,,,1.67E-03,1.06E-03,6.08E-04,6.19E-03,4.61E-03,4.57E-03,,0.054878049,0.037837174,0.074415644,,,MOs,Secondary motor area,861,0.0004997501249,0.1419872153,0.1204225352,0.0004997501249,0.1211404319,0.1161971831
MPN,,,,,,,,,,,,1.36E-04,-2.58E-04,3.95E-04,1.36E-04,-2.58E-04,3.94E-04,,,,,,,MPN,Medial preoptic nucleus,,,,,,,
MPO,0.4699957167,FALSE,2,11.5,0.01430325839,0.5158039541,0,,0.509704649,,,9.77E-05,1.71E-04,-7.29E-05,7.15E-04,1.05E-03,4.56E-04,,,,,,,MPO,Medial preoptic area,,,,,,,
MPT,,,,,,,,,,,,NaN,NaN,NaN,NaN,NaN,NaN,,,,,,,MPT,Medial pretectal area,,,,,,,
MRN,8.41E-09,TRUE,30,16.26666667,0.06703018734,0.5549354701,0.3666666667,0.5948773449,0.5142531244,,,3.37E-03,3.95E-03,-5.81E-04,1.54E-02,1.79E-02,1.15E-02,,0.110375276,0.061147407,0.131774278,,,MRN,Midbrain reticular nucleus,680,0.0004997501249,0.2039286387,0.1161971831,0.0004997501249,0.1976727205,0.08661971831
MS,0.05989356204,FALSE,3,13.66666667,0.03246097514,0.5469883041,0.3333333333,0.5469883041,0.5043233083,,,7.51E-04,8.55E-04,-1.04E-04,2.65E-03,2.21E-03,1.59E-03,,0.048780488,0.001014234,0.281554574,,,MS,Medial septal nucleus,,,,,,,
MT,,,,,,,,,,,,NaN,NaN,NaN,NaN,NaN,NaN,,,,,,,MT,Medial terminal nucleus of the accessory optic tract,,,,,,,
MV,0.3457439442,FALSE,3,18,0.0283143601,0.5238890514,0,,0.51056698,,,1.52E-03,1.77E-03,-2.55E-04,6.98E-03,8.44E-03,4.18E-03,,0.055555556,0.017553297,0.162244376,,,MV,Medial vestibular nucleus,124,0.02898550725,0.2157017087,0.1288732394,0.01149425287,0.2243524831,0.1352112676
NB,,,,,,,,,,,,1.26E-03,-5.32E-04,1.79E-03,5.48E-03,1.54E-03,5.55E-03,,,,,,,NB,Nucleus of the brachium of the inferior colliculus,,,,,,,
NDB,,,,,,,,,,,,7.53E-04,4.90E-04,2.63E-04,3.39E-03,1.75E-03,3.32E-03,,,,,,,NDB,Diagonal band nucleus,,,,,,,
NI,,,,,,,,,,,,8.60E-04,8.56E-04,3.77E-06,1.68E-03,1.86E-03,1.11E-03,,,,,,,NI,Nucleus incertus,,,,,,,
NLL,,,,,,,,,,,,3.72E-04,6.27E-04,-2.56E-04,1.94E-03,3.63E-03,2.35E-03,,,,,,,NLL,Nucleus of the lateral lemniscus,,,,,,,
NLOT,,,,,,,,,,,,NaN,NaN,NaN,NaN,NaN,NaN,,,,,,,NLOT,Nucleus of the lateral olfactory tract,,,,,,,
NOD,0.05398871722,FALSE,2,13,0.0526843403,0.5255798686,0.5,0.5782642089,0.5045191443,,,3.87E-04,9.97E-04,-6.10E-04,1.56E-03,1.65E-03,1.06E-03,,,,,,,NOD,Nodulus (X),,,,,,,
NOT,,,,,,,,,,,,1.55E-03,5.64E-04,9.90E-04,7.85E-03,2.39E-03,7.16E-03,,,,,,,NOT,Nucleus of the optic tract,,,,,,,
NPC,,,,,,,,,,,,2.50E-03,-1.87E-03,4.37E-03,7.24E-03,7.60E-03,6.74E-03,,,,,,,NPC,Nucleus of the posterior commissure,,,,,,,
NR,,,,,,,,,,,,NaN,NaN,NaN,NaN,NaN,NaN,,,,,,,NR,Nucleus of Roller,,,,,,,
NTB,,,,,,,,,,,,NaN,NaN,NaN,NaN,NaN,NaN,,,,,,,NTB,Nucleus of the trapezoid body,,,,,,,
NTS,,,,,,,,,,,,1.19E-03,1.76E-03,-5.73E-04,3.14E-03,8.53E-03,2.93E-04,,,,,,,NTS,Nucleus of the solitary tract,,,,,,,
OP,,,,,,,,,,,,1.35E-03,9.30E-04,4.17E-04,7.81E-03,4.37E-03,7.65E-03,,,,,,,OP,Olivary pretectal nucleus,,,,,,,
ORBl,0.9725098515,FALSE,6,23,0.02565338443,0.4972929309,0,,0.5151345069,,,1.52E-03,1.23E-03,2.91E-04,5.50E-03,8.44E-03,3.00E-03,,0.065217391,0.034081086,0.121229499,,,ORBl,Orbital area lateral part,140,0.007496251874,0.1629094288,0.07605633803,0.003498250875,0.1163602343,0.1225352113
ORBm,0.4728930314,FALSE,3,48.33333333,0.04425646276,0.4917014441,0,,0.5078342491,,,1.02E-03,3.28E-04,6.89E-04,4.15E-03,2.75E-03,2.21E-03,,0.052023121,0.027161832,0.097362605,,,ORBm,Orbital area medial part,201,0.6226886557,0.102328424,0.03169014085,0.1829085457,0.08825919295,0.0823943662
ORBv,,,,,,,,,,,,NaN,NaN,NaN,NaN,NaN,NaN,,,,,,,ORBv,Orbital area ventral part,,,,,,,
ORBvl,0.003250673947,TRUE,5,75.2,0.05049712799,0.5316166322,0.4,0.6150683248,0.5124269121,,,1.09E-03,1.58E-03,-4.84E-04,4.38E-03,3.97E-03,2.59E-03,,0.045212766,0.025719757,0.076989347,,,ORBvl,Orbital area ventrolateral part,385,0.0004997501249,0.1212559064,0.1373239437,0.0004997501249,0.06015872972,0.1330985915
OT,0.8119167383,FALSE,2,10,0.00720417192,0.4860782409,0,,0.5042543548,,,2.08E-03,7.94E-04,1.29E-03,9.57E-03,4.92E-03,6.78E-03,,0.111111111,0.02257133,0.314791153,,,OT,Olfactory tubercle,,,,,,,
P5,,,,,,,,,,,,-5.05E-04,3.14E-03,-3.65E-03,2.00E-04,5.26E-03,-8.26E-04,,,,,,,P5,Peritrigeminal zone,,,,,,,
PA,0.9331627856,FALSE,3,19,0.01398865575,0.4980900868,0,,0.5208625117,,,-1.89E-06,-8.73E-06,6.83E-06,4.84E-04,3.25E-04,3.59E-04,,0.01754386,0.002360781,0.118751766,,,PA,Posterior amygdalar nucleus,,,,,,,
Pa4,,,,,,,,,,,,7.08E-04,3.76E-03,-3.05E-03,7.08E-04,3.76E-03,-3.05E-03,,,,,,,Pa4,Paratrochlear nucleus,,,,,,,
Pa5,,,,,,,,,,,,NaN,NaN,NaN,NaN,NaN,NaN,,,,,,,Pa5,Paratrigeminal nucleus,,,,,,,
PAA,0.8250199777,FALSE,2,22,0.004446584096,0.4946733977,0,,0.5064493458,,,-3.83E-05,3.62E-05,-7.45E-05,2.36E-04,2.91E-04,2.82E-04,,,,,,,PAA,Piriform-amygdalar area,,,,,,,
PAG,0.0001328795288,TRUE,10,15.1,0.0470538758,0.5500375404,0.4,0.5806386902,0.5134370722,,,1.76E-03,1.51E-03,2.52E-04,7.54E-03,6.99E-03,5.22E-03,,0.066176471,0.034584531,0.122951431,,,PAG,Periaqueductal gray,243,0.01949025487,0.111834558,0.02957746479,0.06996501749,0.08209785944,0.01267605634
PAR,0.0126214833,TRUE,5,13.8,0.03373114405,0.53436457,0.2,0.592165493,0.5043299328,,,7.80E-04,1.04E-03,-2.58E-04,5.24E-03,5.13E-03,1.95E-03,,0.072463768,0.030001419,0.164813515,,,PAR,Parasubiculum,,,,,,,
PARN,0.02675538062,TRUE,3,12.66666667,0.03401738923,0.5546492331,0.3333333333,0.6135478446,0.5300372787,,,2.69E-03,3.30E-03,-6.13E-04,1.30E-02,1.16E-02,7.28E-03,,,,,,,PARN,Parvicellular reticular nucleus,,,,,,,
PAS,,,,,,,,,,,,NaN,NaN,NaN,NaN,NaN,NaN,,,,,,,PAS,Parasolitary nucleus,,,,,,,
PB,0.1331051454,FALSE,2,16,0.02239583333,0.5644097222,0,,0.5312556685,,,7.67E-04,7.95E-04,-2.80E-05,4.70E-03,5.04E-03,3.65E-03,,,,,,,PB,Parabrachial nucleus,,,,,,,
PBG,,,,,,,,,,,,4.88E-05,3.21E-03,-3.16E-03,1.07E-03,1.27E-02,9.91E-04,,,,,,,PBG,Parabigeminal nucleus,,,,,,,
PC5,,,,,,,,,,,,NaN,NaN,NaN,NaN,NaN,NaN,,,,,,,PC5,Parvicellular motor 5 nucleus,,,,,,,
PCG,,,,,,,,,,,,1.63E-03,5.58E-03,-3.95E-03,5.36E-03,2.05E-02,2.28E-03,,,,,,,PCG,Pontine central gray,,,,,,,
PCN,0.06716548868,FALSE,2,12,0.0226583561,0.5352291819,0.5,0.557887538,0.501634045,,,1.83E-03,1.57E-03,2.58E-04,4.14E-03,8.56E-03,2.38E-03,,,,,,,PCN,Paracentral nucleus,,,,,,,
PDTg,,,,,,,,,,,,2.24E-03,1.11E-03,1.13E-03,3.00E-03,2.43E-03,2.12E-03,,,,,,,PDTg,Posterodorsal tegmental nucleus,,,,,,,
PeF,,,,,,,,,,,,7.34E-04,2.30E-04,5.03E-04,2.90E-03,1.25E-03,2.68E-03,,,,,,,PeF,Perifornical nucleus,,,,,,,
PERI,,,,,,,,,,,,1.09E-03,-5.67E-05,1.15E-03,4.44E-03,2.76E-04,4.77E-03,,,,,,,PERI,Perirhinal area,,,,,,,
PF,,,,,,,,,,,,5.36E-03,1.87E-03,3.49E-03,2.87E-02,8.26E-03,2.30E-02,,,,,,,PF,Parafascicular nucleus,,,,,,,
PFL,,,,,,,,,,,,1.41E-03,9.34E-04,4.72E-04,4.12E-03,5.45E-03,1.66E-03,,,,,,,PFL,Paraflocculus,,,,,,,
PG,,,,,,,,,,,,1.89E-03,1.99E-03,-1.04E-04,1.89E-03,1.99E-03,-1.04E-04,,,,,,,PG,Pontine gray,,,,,,,
PGRN,,,,,,,,,,,,1.10E-02,1.97E-03,9.08E-03,5.09E-02,9.59E-03,4.90E-02,,,,,,,PGRN,Paragigantocellular reticular nucleus,,,,,,,
PH,,,,,,,,,,,,2.53E-04,-1.50E-04,4.03E-04,5.98E-04,-9.17E-05,7.06E-04,,,,,,,PH,Posterior hypothalamic nucleus,,,,,,,
PIL,,,,,,,,,,,,4.29E-04,6.65E-04,-2.36E-04,1.34E-03,4.99E-03,4.50E-03,,,,,,,PIL,Posterior intralaminar thalamic nucleus,,,,,,,
PIR,9.41E-02,FALSE,10,32.3,0.02907939757,0.5212052531,0.2,0.5586974367,0.5051694832,,,3.06E-04,1.05E-04,2.01E-04,2.21E-03,1.09E-03,8.56E-04,,0.058823529,0.037766944,0.090515653,,,PIR,Piriform area,386,0.3828085957,0.088024556,0,0.9865067466,0.05367397695,0
PL,0.01568465464,TRUE,8,32.375,0.04229593086,0.5325203976,0.25,0.5968178873,0.5145251838,,,1.97E-03,1.79E-03,1.83E-04,6.49E-03,7.92E-03,4.16E-03,,0.098814229,0.064800061,0.145050898,,,PL,Prelimbic area,290,0.0004997501249,0.1867309177,0.1288732394,0.006496751624,0.1609780077,0.1183098592
PMd,,,,,,,,,,,,NaN,NaN,NaN,NaN,NaN,NaN,,,,,,,PMd,Dorsal premammillary nucleus,,,,,,,
PMR,,,,,,,,,,,,NaN,NaN,NaN,NaN,NaN,NaN,,,,,,,PMR,Paramedian reticular nucleus,,,,,,,
PMv,,,,,,,,,,,,NaN,NaN,NaN,NaN,NaN,NaN,,,,,,,PMv,Ventral premammillary nucleus,,,,,,,
PN,,,,,,,,,,,,NaN,NaN,NaN,NaN,NaN,NaN,,,,,,,PN,Paranigral nucleus,,,,,,,
PO,0.0634506742,FALSE,29,36.86206897,0.03919379436,0.5181120351,0.1034482759,0.5854019038,0.510005095,,,5.21E-04,3.42E-04,1.79E-04,2.78E-03,1.88E-03,2.06E-03,,0.061090226,0.048174987,0.077187129,,,PO,Posterior complex of the thalamus,1208,0.0004997501249,0.0752804023,0.05915492958,0.011994003,0.04564951363,0.06126760563
POL,0.004118319295,TRUE,5,14.2,0.05976620338,0.5394393413,0.4,0.5964528481,0.5031877729,,,8.43E-04,9.17E-04,-7.36E-05,4.16E-03,3.19E-03,2.74E-03,,0.056338028,0.020939563,0.142846855,,,POL,Posterior limiting nucleus of the thalamus,,,,,,,
POST,1.33E-01,FALSE,3,12.33333333,0.008111723475,0.5276770316,0,,0.5035639413,,,1.13E-03,5.86E-04,5.46E-04,5.85E-03,4.84E-03,6.10E-03,,,,,,,POST,Postsubiculum,,,,,,,
PoT,0.3197740857,FALSE,5,18.6,0.03632730076,0.5300613497,0,,0.5146316186,,,8.60E-04,7.59E-04,1.01E-04,3.79E-03,4.44E-03,3.01E-03,,0.107526882,0.058355724,0.189779907,,,PoT,Posterior triangular thalamic nucleus,135,0.08345827086,0.1770223531,0.01267605634,0.06696651674,0.1347778583,0.006338028169
PP,,,,,,,,,,,,-1.04E-04,-3.18E-04,2.14E-04,-1.04E-04,-3.18E-04,2.14E-04,,,,,,,PP,Peripeduncular nucleus,,,,,,,
PPN,0.02803787393,TRUE,2,15,0.03993319606,0.5644239368,0.5,0.6043571329,0.521394082,,,5.26E-03,5.67E-03,-4.03E-04,2.38E-02,3.27E-02,9.49E-03,,,,,,,PPN,Pedunculopontine nucleus,,,,,,,
PPT,,,,,,,,,,,,8.85E-04,-1.19E-04,1.00E-03,4.73E-03,3.35E-03,7.40E-03,,,,,,,PPT,Posterior pretectal nucleus,,,,,,,
PPY,,,,,,,,,,,,NaN,NaN,NaN,NaN,NaN,NaN,,,,,,,PPY,Parapyramidal nucleus,,,,,,,
PR,,,,,,,,,,,,1.20E-04,9.54E-05,2.51E-05,6.91E-04,6.79E-04,4.62E-04,,,,,,,PR,Perireunensis nucleus,,,,,,,
PRE,0.3093256545,FALSE,2,20.5,0.005081983238,0.5217559449,0,,0.5067910386,,,3.83E-04,1.51E-03,-1.13E-03,2.91E-03,6.97E-03,1.79E-04,,,,,,,PRE,Presubiculum,,,,,,,
PRM,0.6539888798,FALSE,3,24.66666667,0.01997400594,0.5237672584,0,,0.515785124,,,1.75E-03,7.62E-04,9.87E-04,1.02E-02,5.89E-03,4.52E-03,,0.040540541,0.012884231,0.120325435,,,PRM,Paramedian lobule,128,0.08295852074,0.2015956453,0.1225352113,0.1099450275,0.1671120506,0.01478873239
PRNc,0.0002872852112,TRUE,2,22,0.002413417964,0.6121541587,1,0.6121541587,0.5148034406,,,3.53E-03,9.35E-03,-5.82E-03,1.57E-02,4.58E-02,1.28E-02,,,,,,,PRNc,Pontine reticular nucleus caudal part,,,,,,,
PRNr,1.60E-03,TRUE,7,19.57142857,0.04502105789,0.5762177711,0.4285714286,0.5987229437,0.5239541611,,,2.55E-03,3.54E-03,-9.90E-04,9.96E-03,1.21E-02,5.06E-03,,0.04379562,0.019664944,0.094677058,,,PRNr,Pontine reticular nucleus,141,0.0004997501249,0.2023467617,0.1014084507,0.0004997501249,0.1553367041,0.1056338028
ProS,0.9727545127,FALSE,7,25,0.01557383724,0.5058240246,0,,0.5141160169,,,4.93E-04,1.22E-03,-7.28E-04,2.89E-03,3.45E-03,9.83E-04,,0.074285714,0.031736386,0.134052254,,,ProS,Prosubiculum,200,0.4917541229,0.07100255804,0.03802816901,0.1364317841,0.05331474005,0.02323943662
PRP,,,,,,,,,,,,3.61E-03,5.97E-04,3.01E-03,8.24E-03,1.85E-03,6.68E-03,,,,,,,PRP,Nucleus prepositus,,,,,,,
PS,,,,,,,,,,,,2.50E-04,-2.58E-05,2.76E-04,9.17E-04,5.28E-04,1.42E-03,,,,,,,PS,Parastrial nucleus,,,,,,,
PSTN,,,,,,,,,,,,NaN,NaN,NaN,NaN,NaN,NaN,,,,,,,PSTN,Parasubthalamic nucleus,,,,,,,
PSV,,,,,,,,,,,,1.42E-03,2.84E-03,-1.42E-03,7.17E-03,1.13E-02,3.14E-03,,,,,,,PSV,Principal sensory nucleus of the trigeminal,,,,,,,
PT,,,,,,,,,,,,-1.44E-04,-4.54E-05,-9.85E-05,-1.44E-04,-4.54E-05,-9.85E-05,,,,,,,PT,Parataenial nucleus,,,,,,,
PVa,,,,,,,,,,,,NaN,NaN,NaN,NaN,NaN,NaN,,,,,,,PVa,Periventricular hypothalamic nucleus anterior part,,,,,,,
PVH,,,,,,,,,,,,1.72E-03,9.08E-05,1.62E-03,3.61E-03,6.14E-04,3.90E-03,,,,,,,PVH,Paraventricular hypothalamic nucleus,,,,,,,
PVHd,,,,,,,,,,,,7.00E-06,-8.06E-05,8.76E-05,2.84E-04,-4.23E-05,3.26E-04,,,,,,,PVHd,Paraventricular hypothalamic nucleus descending division,,,,,,,
PVi,,,,,,,,,,,,NaN,NaN,NaN,NaN,NaN,NaN,,,,,,,PVi,Periventricular hypothalamic nucleus intermediate part,,,,,,,
PVp,,,,,,,,,,,,NaN,NaN,NaN,NaN,NaN,NaN,,,,,,,PVp,Periventricular hypothalamic nucleus posterior part,,,,,,,
PVpo,,,,,,,,,,,,NaN,NaN,NaN,NaN,NaN,NaN,,,,,,,PVpo,Periventricular hypothalamic nucleus preoptic part,,,,,,,
PVT,0.9454792404,FALSE,4,14.75,0.005394300428,0.4887001259,0,,0.5047635235,,,2.59E-04,1.78E-04,8.10E-05,1.89E-03,1.28E-03,8.04E-04,,0.050847458,0.016095588,0.149250067,,,PVT,Paraventricular nucleus of the thalamus,,,,,,,
PYR,,,,,,,,,,,,1.40E-02,2.90E-03,1.11E-02,6.99E-02,1.42E-02,6.98E-02,,,,,,,PYR,Pyramus (VIII),,,,,,,
RCH,,,,,,,,,,,,NaN,NaN,NaN,NaN,NaN,NaN,,,,,,,RCH,Retrochiasmatic area,,,,,,,
RE,,,,,,,,,,,,1.50E-04,8.30E-06,1.42E-04,5.63E-04,2.73E-04,6.46E-04,,,,,,,RE,Nucleus of reuniens,,,,,,,
RH,,,,,,,,,,,,6.86E-04,3.14E-04,3.72E-04,1.41E-03,6.56E-04,7.65E-04,,,,,,,RH,Rhomboid nucleus,,,,,,,
RL,,,,,,,,,,,,2.93E-03,2.51E-03,4.25E-04,7.01E-03,3.96E-03,7.32E-03,,,,,,,RL,Rostral linear nucleus raphe,,,,,,,
RM,,,,,,,,,,,,NaN,NaN,NaN,NaN,NaN,NaN,,,,,,,RM,Nucleus raphe magnus,,,,,,,
RN,0.01265341944,TRUE,4,15.5,0.01505900932,0.5679566897,0.25,0.5786587414,0.5182645415,,,3.50E-03,4.86E-03,-1.36E-03,9.82E-03,2.49E-02,1.53E-02,,0.068493151,2.84E-02,0.156253657,,,RN,Red nucleus,,,,,,,
RO,,,,,,,,,,,,-7.48E-05,-6.60E-06,-6.82E-05,-7.48E-05,-6.60E-06,-6.82E-05,,,,,,,RO,Nucleus raphe obscurus,,,,,,,
RPA,,,,,,,,,,,,NaN,NaN,NaN,NaN,NaN,NaN,,,,,,,RPA,Nucleus raphe pallidus,,,,,,,
RPF,,,,,,,,,,,,2.59E-03,3.79E-03,-1.20E-03,7.65E-03,1.72E-02,4.13E-03,,,,,,,RPF,Retroparafascicular nucleus,,,,,,,
RPO,,,,,,,,,,,,NaN,NaN,NaN,NaN,NaN,NaN,,,,,,,RPO,Nucleus raphe pontis,,,,,,,
RR,,,,,,,,,,,,8.78E-04,7.42E-04,1.35E-04,2.25E-03,2.86E-03,1.76E-03,,,,,,,RR,Midbrain reticular nucleus retrorubral area,,,,,,,
RSPagl,0.6177433626,FALSE,6,22.66666667,0.02700899611,0.5076812338,0,,0.5185112857,,,1.05E-03,1.14E-03,-8.98E-05,5.83E-03,4.16E-03,2.42E-03,,0.095588235,0.056040602,0.158362419,,,RSPagl,Retrosplenial area lateral agranular part,171,0.02248875562,0.1677690697,0.114084507,0.01499250375,0.1102119741,0.1415492958
RSPd,0.5867274577,FALSE,6,18.33333333,0.0192852036,0.5162349578,0,,0.5155208948,,,4.80E-04,3.83E-04,9.68E-05,3.26E-03,2.96E-03,1.88E-03,,0.051546392,0.021376263,0.119115257,,,RSPd,Retrosplenial area dorsal part,168,0.2573713143,0.1249829886,0.002112676056,0.5837081459,0.07808708734,0.02112676056
RSPv,0.07129972694,FALSE,8,20.25,0.1064256649,0.5087856367,0.25,0.6811297764,0.5093360135,,,8.09E-04,1.07E-03,-2.64E-04,4.29E-03,4.55E-03,2.00E-03,,0.108571429,0.070110385,0.16440116,,,RSPv,Retrosplenial area ventral part,227,0.0299850075,0.1227960801,0.06126760563,0.3298350825,0.07170710986,0.01690140845
RT,0.1768611872,FALSE,3,12.33333333,0.01689729022,0.516556303,0,,0.5042594804,,,2.33E-03,2.64E-03,-3.12E-04,7.73E-03,1.06E-02,6.17E-03,,0.054054054,0.01291095,0.199772414,,,RT,Reticular nucleus of the thalamus,102,0.01499250375,0.233872363,0.1373239437,0.003998001,0.2426082975,0.111971831
SAG,,,,,,,,,,,,1.01E-03,5.03E-04,5.05E-04,4.20E-03,3.00E-03,4.59E-03,,,,,,,SAG,Nucleus sagulum,,,,,,,
SBPV,,,,,,,,,,,,NaN,NaN,NaN,NaN,NaN,NaN,,,,,,,SBPV,Subparaventricular zone,,,,,,,
SCH,,,,,,,,,,,,NaN,NaN,NaN,NaN,NaN,NaN,,,,,,,SCH,Suprachiasmatic nucleus,,,,,,,
SCm,2.44E-13,TRUE,23,19.86956522,0.07104480357,0.5905715765,0.5652173913,0.6094444444,0.5140488565,,,2.26E-03,2.46E-03,-2.04E-04,9.22E-03,1.10E-02,8.93E-03,,0.102449889,0.077547189,0.134186281,,,SCm,Superior colliculus motor related,522,0.0004997501249,0.1853405489,0.1056338028,0.0004997501249,0.1542103552,0.06549295775
SCs,,,,,,,,,,,,1.07E-03,1.09E-03,-1.98E-05,5.46E-03,6.56E-03,1.68E-03,,,,,,,SCs,Superior colliculus sensory related,,,,,,,
SF,,,,,,,,,,,,1.04E-04,1.90E-04,-8.66E-05,8.14E-04,9.69E-04,5.69E-04,,,,,,,SF,Septofimbrial nucleus,,,,,,,
SFO,,,,,,,,,,,,NaN,NaN,NaN,NaN,NaN,NaN,,,,,,,SFO,Subfornical organ,,,,,,,
SG,,,,,,,,,,,,NaN,NaN,NaN,NaN,NaN,NaN,,,,,,,SG,Supragenual nucleus,,,,,,,
SGN,0.03093065638,TRUE,5,12.8,0.06985447114,0.4967132801,0.4,0.6132261298,0.5032062916,,,7.03E-04,5.29E-04,1.74E-04,4.47E-03,2.31E-03,3.20E-03,,0.109375,0.029661548,0.243692759,,,SGN,Suprageniculate nucleus,,,,,,,
SH,,,,,,,,,,,,-5.15E-05,7.52E-05,-1.27E-04,-2.15E-05,1.40E-04,-9.23E-05,,,,,,,SH,Septohippocampal nucleus,,,,,,,
SI,0.1240995541,FALSE,5,12.8,0.03655791735,0.5445430102,0,,0.508402263,,,1.12E-03,6.39E-04,4.79E-04,5.72E-03,2.91E-03,4.67E-03,,0.046875,0.01486112,0.138180042,,,SI,Substantia innominata,132,0.03998001,0.2169367338,0,0.6356821589,0.1329355592,0
SIM,0.03048839616,TRUE,6,28.5,0.009889775064,0.5472895678,0.1666666667,0.5628663011,0.5236368034,,,1.07E-03,2.01E-03,-9.47E-04,6.71E-03,1.12E-02,2.24E-03,,0.081871345,0.028189422,0.156165325,,,SIM,Simple lobule,203,0.07396301849,0.1396369798,0.01056338028,0.1889055472,0.1444018257,0.008450704225
SLC,,,,,,,,,,,,NaN,NaN,NaN,NaN,NaN,NaN,,,,,,,SLC,Subceruleus nucleus,,,,,,,
SLD,,,,,,,,,,,,NaN,NaN,NaN,NaN,NaN,NaN,,,,,,,SLD,Sublaterodorsal nucleus,,,,,,,
SMT,0.03409007204,TRUE,2,25,0.0355000957,0.5381557211,0.5,0.5736558168,0.508563615,,,1.46E-03,6.28E-04,8.29E-04,3.36E-03,2.55E-03,2.06E-03,,,,,,,SMT,Submedial nucleus of the thalamus,,,,,,,
SNc,,,,,,,,,,,,3.24E-03,3.06E-03,1.76E-04,8.31E-03,9.57E-03,3.98E-03,,,,,,,SNc,Substantia nigra compact part,,,,,,,
SNr,,,,,,,,,,,,1.02E-02,3.52E-03,6.68E-03,3.28E-02,2.22E-02,2.81E-02,,,,,,,SNr,Substantia nigra reticular part,,,,,,,
SO,,,,,,,,,,,,NaN,NaN,NaN,NaN,NaN,NaN,,,,,,,SO,Supraoptic nucleus,,,,,,,
SOC,,,,,,,,,,,,1.12E-02,6.46E-03,4.75E-03,4.41E-02,2.30E-02,2.16E-02,,,,,,,SOC,Superior olivary complex,,,,,,,
SPA,,,,,,,,,,,,3.38E-04,8.27E-04,-4.89E-04,1.52E-03,3.14E-03,1.22E-04,,,,,,,SPA,Subparafascicular area,,,,,,,
SPF,,,,,,,,,,,,4.46E-03,3.14E-03,1.32E-03,2.59E-02,2.12E-02,1.17E-02,,,,,,,SPF,Subparafascicular nucleus,,,,,,,
SPIV,,,,,,,,,,,,2.83E-03,3.63E-03,-8.00E-04,8.42E-03,1.95E-02,4.53E-03,,,,,,,SPIV,Spinal vestibular nucleus,,,,,,,
SPVC,,,,,,,,,,,,1.46E-03,1.40E-04,1.32E-03,8.14E-03,1.00E-03,7.61E-03,,,,,,,SPVC,Spinal nucleus of the trigeminal caudal part,,,,,,,
SPVI,0.9069229032,FALSE,3,11.33333333,0.01482895222,0.4967241474,0,,0.5059651818,,,1.03E-03,1.43E-03,-4.01E-04,3.18E-03,7.91E-03,1.82E-03,,0.058823529,0.002726043,0.278479871,,,SPVI,Spinal nucleus of the trigeminal interpolar part,,,,,,,
SPVO,,,,,,,,,,,,2.23E-03,7.56E-04,1.48E-03,2.62E-03,4.13E-03,1.27E-03,,,,,,,SPVO,Spinal nucleus of the trigeminal oral part,,,,,,,
SSp-bfd,0.4588453232,FALSE,10,21.2,0.02235182141,0.5182389899,0.1,0.5539415841,0.5117430583,,,6.90E-04,6.16E-04,7.40E-05,3.45E-03,3.44E-03,2.25E-03,,0.051886792,0.028865521,0.091537724,,,SSp-bfd,Primary somatosensory area barrel field,265,0.02948525737,0.1153694852,0.1373239437,0.2248875562,0.06991196078,0.04647887324
SSp-ll,0.8920803625,FALSE,3,28.66666667,0.01357993989,0.5077027434,0,,0.5149657948,,,1.70E-03,1.23E-03,4.77E-04,5.95E-03,4.73E-03,5.06E-03,,,,,,,SSp-ll,Primary somatosensory area lower limb,104,0.05847076462,0.2005943985,0.1077464789,0.008995502249,0.09361905066,0.1077464789
SSp-m,0.2100539066,FALSE,6,24.33333333,0.03308342326,0.5189185163,0,,0.5111308461,,,7.55E-04,6.84E-04,7.04E-05,1.96E-03,3.17E-03,1.24E-03,,0.054794521,0.005310639,0.126486592,,,SSp-m,Primary somatosensory area mouth,156,0.5337331334,0.1318604734,0.006338028169,0.1249375312,0.1286976647,0.008450704225
SSp-n,0.5882585113,FALSE,2,13,0.02263225995,0.4988238635,0,,0.5077421705,,,2.30E-04,2.00E-04,3.06E-05,2.33E-03,1.45E-03,2.03E-03,,,,,,,SSp-n,Primary somatosensory area nose,,,,,,,
SSp-tr,0.1902392474,FALSE,5,23.6,0.02631791129,0.5438253371,0,,0.5162139548,,,1.31E-03,7.83E-04,5.26E-04,7.12E-03,4.52E-03,3.17E-03,,0.079470199,0.045474017,0.135279793,,,SSp-tr,Primary somatosensory area trunk,174,0.4047976012,0.1540675581,0.05915492958,0.4447776112,0.06616134418,0.05704225352
SSp-ul,1.03E-01,FALSE,4,23.5,0.02898128968,0.5148804153,0.25,0.576281669,0.5180970738,,,1.44E-03,1.74E-03,-2.96E-04,1.05E-02,1.21E-02,5.79E-03,,0.074468085,0.035565308,0.149335229,,,SSp-ul,Primary somatosensory area upper limb,127,0.3603198401,0.15469733,0.02957746479,0.3888055972,0.1243085434,0.07394366197
SSp-un,,,,,,,,,,,,5.73E-04,1.56E-03,-9.89E-04,4.83E-03,8.47E-03,2.01E-03,,,,,,,SSp-un,Primary somatosensory area unassigned,,,,,,,
SSs,0.6775306719,FALSE,6,37.16666667,0.01607641413,0.5074150078,0,,0.5100012654,,,9.57E-04,1.05E-03,-9.54E-05,6.29E-03,3.00E-03,3.43E-03,,0.013452915,0.001884933,0.047045896,,,SSs,Supplemental somatosensory area,235,0.004497751124,0.1353796738,0.1267605634,0.031984008,0.1191248584,0.1267605634
STN,,,,,,,,,,,,1.06E-02,3.61E-04,1.03E-02,3.63E-02,1.13E-03,3.52E-02,,,,,,,STN,Subthalamic nucleus,,,,,,,
SUB,0.08200841431,FALSE,7,40.71428571,0.0351061319,0.5131009861,0.1428571429,0.5761561924,0.5083074534,,,5.79E-04,7.01E-04,-1.22E-04,2.84E-03,3.78E-03,1.26E-03,,0.089552239,0.050661303,0.130801259,,,SUB,Subiculum,352,0.4162918541,0.105716734,0.06338028169,0.006496751624,0.09111572819,0.1161971831
SubG,,,,,,,,,,,,NaN,NaN,NaN,NaN,NaN,NaN,,,,,,,SubG,Subgeniculate nucleus,,,,,,,
SUM,,,,,,,,,,,,9.08E-03,1.77E-03,7.31E-03,9.08E-03,1.77E-03,7.31E-03,,,,,,,SUM,Supramammillary nucleus,,,,,,,
SUT,,,,,,,,,,,,2.90E-03,3.71E-03,-8.09E-04,9.67E-03,2.35E-02,1.34E-02,,,,,,,SUT,Supratrigeminal nucleus,,,,,,,
SUV,,,,,,,,,,,,2.18E-03,1.84E-03,3.42E-04,1.30E-02,1.17E-02,1.05E-02,,,,,,,SUV,Superior vestibular nucleus,,,,,,,
TEa,0.2657197432,FALSE,5,26,0.02528747387,0.5190154923,0,,0.5087307153,,,2.36E-04,3.27E-04,-9.13E-05,9.97E-04,2.17E-03,7.68E-04,,0.061538462,0.030868493,0.118941242,,,TEa,Temporal association areas,141,0.9095452274,0.1339253234,0.02746478873,0.4962518741,0.06802802478,0.0485915493
TM,,,,,,,,,,,,NaN,NaN,NaN,NaN,NaN,NaN,,,,,,,TM,Tuberomammillary nucleus,,,,,,,
TR,,,,,,,,,,,,1.90E-04,2.76E-04,-8.57E-05,1.60E-03,1.05E-03,8.66E-04,,,,,,,TR,Postpiriform transition area,,,,,,,
TRN,,,,,,,,,,,,2.96E-03,3.91E-03,-9.53E-04,1.23E-02,1.86E-02,9.11E-03,,,,,,,TRN,Tegmental reticular nucleus,,,,,,,
TRS,,,,,,,,,,,,2.48E-04,2.70E-04,-2.17E-05,1.69E-03,2.20E-03,1.50E-03,,,,,,,TRS,Triangular nucleus of septum,,,,,,,
TTd,0.8048965797,FALSE,7,24.85714286,0.01912498869,0.50986354,0,,0.5050325506,,,1.62E-04,1.19E-04,4.30E-05,1.10E-03,9.25E-04,7.74E-04,,0.028735632,0.011936799,0.067559229,,,TTd,Taenia tecta dorsal part,188,0.7581209395,0.1304529685,0,0.343828086,0.06834496823,0.004225352113
TTv,,,,,,,,,,,,NaN,NaN,NaN,NaN,NaN,NaN,,,,,,,TTv,Taenia tecta ventral part,,,,,,,
TU,,,,,,,,,,,,3.10E-04,4.29E-04,-1.18E-04,1.32E-03,1.49E-03,1.24E-03,,,,,,,TU,Tuberal nucleus,,,,,,,
UVU,,,,,,,,,,,,1.36E-03,-2.24E-04,1.59E-03,6.57E-03,4.89E-04,7.11E-03,,,,,,,UVU,Uvula (IX),,,,,,,
V,,,,,,,,,,,,9.51E-04,1.91E-04,7.60E-04,5.45E-03,3.29E-03,8.33E-03,,,,,,,V,Motor nucleus of trigeminal,,,,,,,
VAL,0.1092141688,FALSE,5,23,0.0289513979,0.5191204725,0.2,0.5688589189,0.5116197425,,,1.05E-03,1.62E-03,-5.68E-04,5.43E-03,6.39E-03,2.45E-03,,0.043478261,0.018041387,0.101086985,,,VAL,Ventral anterior-lateral complex of the thalamus,127,0.06996501749,0.122019479,0.008450704225,0.04497751124,0.1338733942,0.114084507
VCO,,,,,,,,,,,,3.74E-03,5.09E-03,-1.34E-03,1.39E-02,1.93E-02,4.75E-03,,,,,,,VCO,Ventral cochlear nucleus,,,,,,,
VeCB,,,,,,,,,,,,1.92E-03,1.80E-03,1.19E-04,6.47E-03,6.41E-03,2.75E-03,,,,,,,VeCB,Vestibulocerebellar nucleus,,,,,,,
VI,,,,,,,,,,,,NaN,NaN,NaN,NaN,NaN,NaN,,,,,,,VI,Abducens nucleus,,,,,,,
VII,,,,,,,,,,,,1.37E-03,2.80E-03,-1.43E-03,4.26E-03,5.74E-03,2.88E-03,,,,,,,VII,Facial motor nucleus,,,,,,,
VISa,0.01431660294,TRUE,24,24.125,0.04399400307,0.5339403387,0.08333333333,0.6465493933,0.51524028,,,8.73E-04,5.74E-04,2.99E-04,3.65E-03,3.61E-03,3.03E-03,,0.05,0.034937491,0.071078085,,,VISa,Anterior area,608,0.06496751624,0.0927790238,0.01056338028,0.3633183408,0.06077968776,0.05915492958
VISal,,,,,,,,,,,,2.81E-04,1.84E-03,-1.56E-03,1.24E-03,6.56E-03,5.29E-04,,,,,,,VISal,Anterolateral visual area,,,,,,,
VISam,2.64E-05,TRUE,8,23,0.04545779221,0.5832634369,0.5,0.6235613241,0.5172047702,,,1.50E-03,1.01E-03,4.93E-04,4.93E-03,5.96E-03,1.85E-03,,0.10326087,0.063323087,0.161024702,,,VISam,Anteromedial visual area,223,0.00299850075,0.1500643612,0.06549295775,0.001499250375,0.1539080662,0.05704225352
VISC,0.06943358,FALSE,2,23,0.01969818477,0.5393618186,0.5,0.5590600034,0.5128346296,,,1.23E-04,2.28E-04,-1.05E-04,8.43E-04,1.21E-03,5.23E-04,,,,,,,VISC,Visceral area,,,,,,,
VISl,0.006755277079,TRUE,5,18.8,0.0784244635,0.5210170112,0.4,0.6326610594,0.5131521739,,,8.20E-04,5.06E-05,7.69E-04,3.80E-03,7.24E-04,4.04E-03,,0.130434783,0.004042198,0.423023342,,,VISl,Lateral visual area,,,,,,,
VISli,8.52E-03,TRUE,2,21.5,0.06280309452,0.598356286,0.5,0.6611593805,0.5120869834,,,1.60E-03,4.41E-04,1.16E-03,4.59E-03,1.96E-03,3.67E-03,,,,,,,VISli,Laterointermediate area,,,,,,,
VISp,1.45E-07,TRUE,14,25.28571429,0.08607716739,0.5573185608,0.5714285714,0.6421451619,0.5150957351,,,1.14E-03,6.19E-04,5.22E-04,3.79E-03,3.37E-03,2.85E-03,,0.076271186,0.052193757,0.109152775,,,VISp,Primary visual area,393,0.0004997501249,0.1864197787,0.04647887324,0.0004997501249,0.1730684787,0.04436619718
VISpl,,,,,,,,,,,,3.28E-04,4.14E-04,-8.67E-05,1.25E-03,2.71E-03,1.44E-03,,,,,,,VISpl,Posterolateral visual area,,,,,,,
VISpm,0.001016410707,TRUE,3,30.66666667,0.1163383941,0.6586735179,0.6666666667,0.7254569205,0.5101396405,,,8.60E-04,1.21E-03,-3.46E-04,4.86E-03,6.56E-03,3.56E-03,,0.119565217,0.066929432,0.204522309,,,VISpm,posteromedial visual area,116,0.0004997501249,0.3234815114,0.06338028169,0.0004997501249,0.2016920535,0.05492957746
VISpor,0.5868951391,FALSE,2,41,0.01632582382,0.5028302045,0,,0.5057917182,,,3.14E-04,3.29E-04,-1.55E-05,2.32E-03,3.20E-03,2.46E-03,,,,,,,VISpor,Postrhinal area,,,,,,,
VISrl,0.6611232946,FALSE,2,21,0.0007163700622,0.5076974384,0,,0.5149912963,,,7.50E-04,1.03E-03,-2.83E-04,5.36E-03,3.15E-03,2.21E-03,,,,,,,VISrl,Rostrolateral visual area,,,,,,,
VLPO,,,,,,,,,,,,NaN,NaN,NaN,NaN,NaN,NaN,,,,,,,VLPO,Ventrolateral preoptic nucleus,,,,,,,
VM,0.06454680285,FALSE,2,11,0.04386329353,0.5479469315,0.5,0.5918102251,0.5124483656,,,2.51E-03,1.20E-03,1.31E-03,6.36E-03,5.51E-03,5.34E-03,,,,,,,VM,Ventral medial nucleus of the thalamus,,,,,,,
VMH,,,,,,,,,,,,1.41E-04,-3.88E-05,1.80E-04,1.41E-04,-3.88E-05,1.80E-04,,,,,,,VMH,Ventromedial hypothalamic nucleus,,,,,,,
VMPO,,,,,,,,,,,,NaN,NaN,NaN,NaN,NaN,NaN,,,,,,,VMPO,Ventromedial preoptic nucleus,,,,,,,
VPL,0.008042362057,TRUE,7,21.28571429,0.05967696841,0.5464070304,0.1428571429,0.6905172414,0.5128365385,,,8.64E-04,1.14E-03,-2.81E-04,4.46E-03,5.28E-03,2.38E-03,,0.05,0.003518982,0.078779609,,,VPL,Ventral posterolateral nucleus of the thalamus,203,0.09195402299,0.1411266037,0,0.05247376312,0.1269710857,0.06549295775
VPLpc,,,,,,,,,,,,1.05E-03,5.35E-04,5.12E-04,1.71E-03,1.95E-03,2.15E-03,,,,,,,VPLpc,Ventral posterolateral nucleus of the thalamus parvicellular part,,,,,,,
VPM,0.1535946208,FALSE,17,27.41176471,0.02868354962,0.523385346,0.05882352941,0.5576262738,0.5132988418,,,5.45E-04,7.14E-04,-1.69E-04,3.34E-03,3.31E-03,2.21E-03,,0.098814229,0.075637427,0.12810861,,,VPM,Ventral posteromedial nucleus of the thalamus,573,0.1109445277,0.07457072158,0.04014084507,0.1429285357,0.05441728531,0.01901408451
VPMpc,,,,,,,,,,,,8.37E-04,1.27E-03,-4.34E-04,6.02E-03,8.99E-03,2.84E-03,,,,,,,VPMpc,Ventral posteromedial nucleus of the thalamus parvicellular part,,,,,,,
VTA,,,,,,,,,,,,3.38E-03,2.02E-03,1.36E-03,6.42E-03,4.15E-03,2.28E-03,,,,,,,VTA,Ventral tegmental area,,,,,,,
VTN,,,,,,,,,,,,-2.78E-04,1.29E-04,-4.07E-04,-1.15E-04,2.06E-04,-2.85E-04,,,,,,,VTN,Ventral tegmental nucleus,,,,,,,
x,,,,,,,,,,,,1.02E-02,1.86E-03,8.35E-03,3.83E-02,5.58E-03,3.30E-02,,,,,,,x,Nucleus x,,,,,,,
Xi,,,,,,,,,,,,NaN,NaN,NaN,NaN,NaN,NaN,,,,,,,Xi,Xiphoid thalamic nucleus,,,,,,,
XII,,,,,,,,,,,,4.24E-04,9.11E-04,-4.88E-04,6.22E-04,1.67E-03,2.41E-04,,,,,,,XII,Hypoglossal nucleus,,,,,,,
y,,,,,,,,,,,,5.65E-03,7.60E-03,-1.95E-03,5.65E-03,7.60E-03,-1.95E-03,,,,,,,y,Nucleus y,,,,,,,
ZI,1.53E-03,TRUE,5,11,0.08852547859,0.5402286902,0.4,0.684300411,0.5074468085,,,2.19E-03,1.47E-03,7.18E-04,9.95E-03,6.16E-03,7.12E-03,,0.060606061,0.022508041,0.153090758,,,ZI,Zona incerta,174,0.4187906047,0.1694560039,0.0485915493,0.736131934,0.1368752477,0.05070422535